gid,depth,is_seed,in_deg,out_deg,in_kzt,out_kzt,in_tx,out_tx,pass_through,truncated_by_depth,seed_payers,seed_sources,pays_to_seed,betweenness,hub,authority,cycles_le4,component,fast_share,median_lag,sync_payers_max,first_in,last_in,turnover,taint_share,tainted_in_kzt,block_impact,p_onward,role,role_score,evidence,priority_score,role_base,cluster_id
100000003684369100,0,True,24,62,3848436.0,8588655.0,58,67,2.2317260830113845,False,1,9,0,0.0023030748381841454,0.024746163207784545,0.0013537173943347284,1,0,1.0,0.0,6,2026-07-12,2026-07-28,12437091.0,1.0,3063507.1197756035,0.05797308340014701,,coordinator,1.0,"Признаки узла управления: получает от 24, переводит 62 получателям; посредничество в топ-1%, достижим от 9 seed. Seed: входящие могут быть занижены.",1.0,coordinator,3
100000008165763100,1,False,15,17,1165815.0,1267858.0,26,17,1.087529324978663,False,1,9,0,0.00034529403323309597,0.007660859163013643,0.0009408997446289472,0,0,0.6805848919989462,0.0,4,2026-07-10,2026-07-28,2433673.0,0.6615280054252735,806949.4240804112,0.006248707729801925,,coordinator,1.0,"Признаки узла управления: получает от 15, переводит 17 получателям; посредничество в топ-3%, достижим от 9 seed.",0.9761,coordinator,3
100000003115284100,1,False,8,2,2160500.0,517000.0,15,4,0.23929645915297384,False,2,11,0,0.00012780471914467138,1.7324688317207385e-05,0.00500955931647725,2,0,0.9864603481624759,0.0,7,2026-07-02,2026-07-19,2677500.0,0.7172415535602418,1662806.0880080631,0.008325228838793962,,consolidator,1.0,"Признаки сбора: 8 плательщиков, получил 2 160 500 KZT; передано 24%, максимум 7 плательщиков в день.",0.9598,consolidator,11
100000000331309100,2,False,5,99,984635.0,23001375.0,8,126,23.360306103276848,False,0,7,0,0.004557234050267506,0.15776904112457835,0.00022784743597441663,2,0,0.3584307459880116,2.0,3,2026-07-09,2026-07-23,23986010.0,0.6191780653028206,643484.7762641433,0.0790235084361754,,coordinator,0.75,"Признаки узла управления: получает от 5, переводит 99 получателям; посредничество в топ-1%, достижим от 7 seed.",0.9571,coordinator,8
100000000437046100,2,False,9,42,1107200.0,7606224.0,20,73,6.86978323699422,False,0,7,0,0.00219714849479704,0.06073954738630764,0.0004776194162886094,42,0,0.8674551262229458,0.0,3,2026-07-13,2026-07-29,8713424.0,0.7461739165828802,841456.4555426697,0.03188426028124781,,coordinator,0.95,"Признаки узла управления: получает от 9, переводит 42 получателям; посредничество в топ-1%, достижим от 7 seed.",0.9561,coordinator,1
100000008477350100,2,False,11,39,610100.0,3374866.0,14,44,5.531660383543682,False,0,7,0,0.0025171940682580047,0.06105984193860145,0.0005529342870567004,34,0,0.5698872192258893,0.0,2,2026-07-08,2026-07-30,3984966.0,0.8307809625746377,513935.4742637473,0.027585505268886337,,coordinator,1.0,"Признаки узла управления: получает от 11, переводит 39 получателям; посредничество в топ-1%, достижим от 7 seed.",0.9507,coordinator,1
100000008686313100,1,False,6,7,1912716.0,333800.0,16,13,0.17451623764322566,False,1,7,1,0.0019848260248329463,0.0018982930629551974,0.010825894786135692,42,0,1.0,1.0,2,2026-07-09,2026-07-31,2246516.0,0.6747911488461636,1419818.8392574985,0.005943825823982882,,coordinator,0.65,"Признаки узла управления: получает от 6, переводит 7 получателям; посредничество в топ-1%, достижим от 7 seed.",0.9478,coordinator,1
100000001857829100,2,False,6,16,888535.0,2390993.0,9,16,2.690938454872346,False,0,7,0,0.00195959937727883,0.006990814050416537,0.00203775931643755,6,0,0.8154867036415414,0.0,3,2026-07-10,2026-07-30,3279528.0,0.4145773545613948,437585.32553917484,0.030840190982577332,,coordinator,0.8,"Признаки узла управления: получает от 6, переводит 16 получателям; посредничество в топ-1%, достижим от 7 seed.",0.9439,coordinator,6
100000005074393100,1,False,4,6,563026.0,685500.0,5,10,1.2175281425724567,False,1,10,0,0.00021697080226886072,2.616706385549215e-06,0.0007322918293795484,3,0,0.06637490882567469,3.5,1,2026-07-08,2026-07-24,1248526.0,0.7705903706777267,463574.929739694,0.005432104553021923,,consolidator,0.5,"Признаки сбора: 4 плательщиков, получил 563 026 KZT; передано 122%, максимум 1 плательщиков в день.",0.9428,consolidator,13
100000007908818100,1,False,4,6,727475.0,302000.0,4,13,0.4151345407058662,False,2,11,0,0.00017753957884283033,4.909237269500796e-253,0.0008570152098937073,0,0,0.04966887417218543,2.0,2,2026-07-17,2026-07-22,1029475.0,0.7465905016438356,565104.2570899373,0.0031990487565137383,,consolidator,0.65,"Признаки сбора: 4 плательщиков, получил 727 475 KZT; передано 42%, максимум 2 плательщиков в день.",0.9411,consolidator,3
100000004156082100,1,False,5,26,377366.11,2319556.0,7,29,6.146699288921308,False,1,7,0,0.002040035139413781,0.0019143844259690663,7.739634489783631e-06,6,0,0.9590438859850765,0.0,2,2026-07-27,2026-07-31,2696922.11,0.9929782575968708,375265.97097437165,0.011506397118900792,,coordinator,0.75,"Признаки узла управления: получает от 5, переводит 26 получателям; посредничество в топ-1%, достижим от 7 seed.",0.9371,coordinator,15
100000006866783100,0,True,13,67,838812.0,3948037.0,31,90,4.706700667133994,False,0,6,0,0.006045225264012875,0.11545872381144652,0.0006837652487614569,93,0,1.0,0.0,5,2026-07-01,2026-07-16,4786849.0,1.0,601148.1949055813,0.23053462576184638,,coordinator,1.0,"Признаки узла управления: получает от 13, переводит 67 получателям; посредничество в топ-1%, достижим от 6 seed. Seed: входящие могут быть занижены.",0.9306,coordinator,1
100000003016635100,0,True,8,73,586981.0,9414081.0,36,151,16.038135817002594,False,0,6,0,0.007215469082446287,0.01584259467759334,1.2490790524899619e-05,13,0,0.9350810769527053,0.0,3,2026-07-04,2026-07-23,10001062.0,1.0,537267.6912133686,0.1229122826174751,,coordinator,0.9,"Признаки узла управления: получает от 8, переводит 73 получателям; посредничество в топ-1%, достижим от 6 seed. Seed: входящие могут быть занижены.",0.9299,coordinator,7
100000006889963100,1,False,4,1,1431000.0,443475.80000000005,6,3,0.30990621942697416,False,2,11,0,2.5164650126160102e-05,0.0,0.004656079899009918,0,0,1.0,0.0,4,2026-07-20,2026-07-21,1874475.8,0.7379025428939187,1126359.0141565565,0.0057435561955537975,,consolidator,0.65,"Признаки сбора: 4 плательщиков, получил 1 431 000 KZT; передано 31%, максимум 4 плательщиков в день.",0.9254,consolidator,8
100000007442518100,1,False,5,9,510000.0,4419999.0,8,12,8.666664705882352,False,1,7,0,0.0002522409418157623,2.0802215252620644e-05,0.005493256542748975,1,0,0.8993212441903268,2.0,1,2026-07-02,2026-07-20,4929999.0,0.4999261725729489,298994.7068005291,0.013809103186441058,,coordinator,0.7,"Признаки узла управления: получает от 5, переводит 9 получателям; посредничество в топ-4%, достижим от 7 seed.",0.9232,coordinator,29
100000004400305100,2,False,7,82,222800.0,5830181.0,9,101,26.167778276481148,False,0,7,0,0.002609149922720263,0.15592355178995704,0.0003913618845947856,42,0,0.7857224329742079,1.0,2,2026-07-05,2026-07-27,6052981.0,0.7566423034273301,172938.1971559948,0.02457020809978915,,coordinator,0.85,"Признаки узла управления: получает от 7, переводит 82 получателям; посредничество в топ-1%, достижим от 7 seed.",0.9202,coordinator,1
100000001530983100,1,False,4,11,564158.0,1829538.0,4,17,3.24295321523403,False,2,7,0,0.0003320721066079377,0.00021682600663177617,0.005439666927762407,0,0,0.15648212827500713,3.0,1,2026-07-10,2026-07-16,2393696.0,0.9148083961623261,524317.5845567419,0.009201235565279941,,consolidator,0.5,"Признаки сбора: 4 плательщиков, получил 564 158 KZT; передано 324% (возможны поступления вне выборки), максимум 1 плательщиков в день.",0.9151,consolidator,7
100000004015047100,1,False,9,1,919104.0,69195.0,18,7,0.07528527783580531,False,3,11,1,2.2885961335208597e-05,2.021296197616137e-07,5.056891989181232e-05,1,0,0.636346556832141,1.0,2,2026-07-02,2026-07-23,988299.0,0.9077319031800944,844634.3297472788,0.0035855510969798636,,consolidator,1.0,"Признаки сбора: 9 плательщиков, получил 919 104 KZT; передано 8%, максимум 2 плательщиков в день.",0.9114,consolidator,4
100000000343175100,0,True,8,31,178712.0,4000039.0,14,33,22.382598818210305,False,1,7,0,0.0010946926090299827,0.006589397634695977,0.00028933066034012765,0,0,1.0,0.0,2,2026-07-01,2026-07-21,4178751.0,1.0,155393.92606800588,0.020846647814016964,,coordinator,0.9,"Признаки узла управления: получает от 8, переводит 31 получателям; посредничество в топ-2%, достижим от 7 seed. Seed: входящие могут быть занижены.",0.911,coordinator,11
100000003701161100,1,False,4,3,1527103.0,349000.0,13,7,0.22853730232996727,False,1,7,0,0.00021300786524111896,2.777311436748236e-06,0.00039351920806451885,4,0,1.0,1.0,2,2026-07-06,2026-07-31,1876103.0,0.5367893946062124,864390.4169377503,0.005308476625980199,,consolidator,0.65,"Признаки сбора: 4 плательщиков, получил 1 527 103 KZT; передано 23%, максимум 2 плательщиков в день.",0.9101,consolidator,21
100000007594394100,2,False,6,1,395385.0,3376312.0,6,40,8.539302199122375,False,0,9,0,3.6199495962304385e-05,0.0012614185857250486,0.004408816306305636,1,0,0.4527164551143378,4.0,2,2026-07-11,2026-07-17,3771697.0,0.7121530480545922,308624.2984098679,0.010759403019954943,,consolidator,0.75,"Признаки сбора: 6 плательщиков, получил 395 385 KZT; передано 854% (возможны поступления вне выборки), максимум 2 плательщиков в день.",0.9066,consolidator,17
100000003242289100,2,False,3,23,550791.0,2377741.0,8,26,4.316956885642648,False,0,7,0,0.0010013456094342644,0.012521217062936569,0.0001920128080448738,8,0,0.3309300718623265,2.0,2,2026-07-03,2026-07-19,2928532.0,0.6889435286209368,413715.4919628013,0.011593488606755296,,distributor,1.0,"Признаки раздачи: 23 получателей против 3 плательщиков, отправил 2 377 741 KZT в 26 переводах.",0.8964,distributor,16
100000008512552100,2,False,4,6,394360.0,1302275.0,9,11,3.3022492139162187,False,0,7,0,0.00043072956564757015,0.0010030183605543063,0.0003380089109629517,2,0,1.0,0.0,2,2026-07-02,2026-07-19,1696635.0,0.7574693109529338,306138.55219259264,0.004919999340246016,,consolidator,0.5,"Признаки сбора: 4 плательщиков, получил 394 360 KZT; передано 330% (возможны поступления вне выборки), максимум 2 плательщиков в день.",0.8963,consolidator,16
100000001616816100,0,True,5,3,176195.0,181326.0,12,10,1.0291211441868384,False,0,10,0,0.00010470096527690845,2.187037192193137e-05,4.749001296107421e-07,2,0,0.6939214453525694,0.5,1,2026-07-01,2026-07-22,357521.0,1.0,158814.95064500737,0.008772355608599566,,consolidator,0.625,"Признаки сбора: 5 плательщиков, получил 176 195 KZT; передано 103%, максимум 1 плательщиков в день. Seed: входящие могут быть занижены.",0.8915,consolidator,4
100000005382566100,0,True,7,1,393066.0,50000.0,11,1,0.12720510041570626,False,6,14,1,4.6366363224578456e-05,0.0,1.0820737657288771e-06,1,0,1.0,0.0,2,2026-07-09,2026-07-21,443066.0,1.0,393053.7934634328,0.001750621026503367,,consolidator,0.875,"Признаки сбора: 7 плательщиков, получил 393 066 KZT; передано 13%, максимум 2 плательщиков в день. Seed: входящие могут быть занижены.",0.8901,consolidator,18
100000002741024100,2,False,5,6,817980.85,434989.0,9,7,0.5317838431058625,False,0,7,0,0.00011868996398086536,0.00012615097703820902,0.0002395946412825676,3,0,0.06483612229274763,1.0,1,2026-07-03,2026-07-31,1252969.85,0.5071689086759361,501009.581467133,0.0031442565902237126,,consolidator,0.625,"Признаки сбора: 5 плательщиков, получил 817 981 KZT; передано 53%, максимум 1 плательщиков в день.",0.8882,consolidator,1
100000005514161100,1,False,4,1,401500.0,50000.0,7,1,0.12453300124533001,False,1,9,0,4.042195768296583e-05,0.0,4.456765666151715e-06,0,0,0.0,,2,2026-07-24,2026-07-31,451500.0,0.9990241884674073,401202.1622799748,0.0021773260249471414,,consolidator,0.65,"Признаки сбора: 4 плательщиков, получил 401 500 KZT; передано 12%, максимум 2 плательщиков в день.",0.8856,consolidator,4
100000000661912100,1,False,5,2,393036.0,430700.0,9,8,1.0958283719557496,False,1,7,0,0.001333690545207292,0.0,0.0078621441674595,1,0,0.75156721615974,0.0,2,2026-07-03,2026-07-28,823736.0,0.5650197883067484,258443.9265795985,0.0024227029276581327,,consolidator,0.625,"Признаки сбора: 5 плательщиков, получил 393 036 KZT; передано 110%, максимум 2 плательщиков в день.",0.8803,consolidator,1
100000005782781100,2,False,6,10,171888.0,1263597.0,10,10,7.351281066741134,False,0,7,0,0.0005683243291461322,0.005811990743857868,0.00037180419377120193,1,0,1.0,0.0,3,2026-07-04,2026-07-15,1435485.0,0.716387883152935,127387.91938684213,0.0031911801393930362,,coordinator,0.8,"Признаки узла управления: получает от 6, переводит 10 получателям; посредничество в топ-2%, достижим от 7 seed.",0.8788,coordinator,4
100000004759121100,1,False,6,2,710000.0,312000.0,10,6,0.4394366197183099,False,1,7,0,7.7079125189577e-05,0.0,0.010350236562705142,1,0,0.5192307692307693,0.0,1,2026-07-05,2026-07-30,1022000.0,0.6096757143997653,492963.6625758135,0.002803848647111627,,consolidator,0.9,"Признаки сбора: 6 плательщиков, получил 710 000 KZT; передано 44%, максимум 1 плательщиков в день.",0.8777,consolidator,1
100000003854444100,2,False,1,14,210000.0,2322909.0,4,14,11.061471428571428,False,0,7,0,0.0010752598119040178,0.004533216069314704,9.023756758629543e-290,0,0,0.7448307273337009,2.0,1,2026-07-17,2026-07-29,2532909.0,1.0,210000.0,0.011446815035643307,,distributor,0.7,"Признаки раздачи: 14 получателей против 1 плательщиков, отправил 2 322 909 KZT в 14 переводах.",0.8772,distributor,17
100000004299488100,1,False,6,2,1749000.0,344999.0,22,14,0.19725500285877645,False,1,7,0,2.0805419395644178e-05,0.004642303844323105,0.00806851583973126,1,0,0.9420288174748332,0.0,3,2026-07-08,2026-07-20,2093999.0,0.7000469879718721,1303639.1729131362,0.0061053089228032716,,consolidator,0.9,"Признаки сбора: 6 плательщиков, получил 1 749 000 KZT; передано 20%, максимум 3 плательщиков в день.",0.8746,consolidator,1
100000008710791100,2,False,3,23,181510.0,5521511.0,3,25,30.41987218335078,False,0,9,0,0.00031460850776037077,0.00017282380456581123,1.6641502358935508e-06,0,0,0.7006958783564862,1.0,1,2026-07-16,2026-07-28,5703021.0,0.4656755968417714,91814.53773760512,0.011270090144742125,,distributor,1.0,"Признаки раздачи: 23 получателей против 3 плательщиков, отправил 5 521 511 KZT в 25 переводах.",0.8741,distributor,5
100000008111003100,2,False,6,1,222716.0,35000.0,9,1,0.15715081089818422,False,0,7,0,0.0008819050437118924,0.0,0.00031517920140079384,9,0,1.0,0.0,2,2026-07-10,2026-07-19,257716.0,0.8316818090203499,187200.28629491845,0.055091499805849486,,consolidator,0.9,"Признаки сбора: 6 плательщиков, получил 222 716 KZT; передано 16%, максимум 2 плательщиков в день.",0.8738,consolidator,1
100000008743913100,2,False,3,13,149300.0,1850600.0,3,13,12.395177494976558,False,0,9,0,0.00030606507803785635,1.909819121278533e-05,2.284513749508922e-06,0,0,0.44796282286825895,3.0,2,2026-07-22,2026-07-28,1999900.0,0.5967734305045209,92315.37760788597,0.009236752152142431,,distributor,0.65,"Признаки раздачи: 13 получателей против 3 плательщиков, отправил 1 850 600 KZT в 13 переводах.",0.8701,distributor,19
100000002398779100,2,False,13,1,1095690.0,66000.0,28,3,0.06023601566136407,False,0,8,0,1.2780471914467137e-05,3.934617121986092e-05,0.0005927894952735103,0,0,1.0,0.0,7,2026-07-06,2026-07-10,1161690.0,0.6892853562576716,798468.7578267009,0.003334712238464233,,consolidator,1.0,"Признаки сбора: 13 плательщиков, получил 1 095 690 KZT; передано 6%, максимум 7 плательщиков в день.",0.8675,consolidator,1
100000002718366100,2,False,6,0,2525000.0,0.0,10,0,0.0,False,0,9,0,0.0,0.0,7.932282833369121e-06,0,0,,,3,2026-07-03,2026-07-28,2525000.0,0.44005569124339267,1234031.2331069072,0.0048759790705123675,,consolidator,0.9,"Признаки сбора: 6 плательщиков, получил 2 525 000 KZT; передано 0%, максимум 3 плательщиков в день.",0.8651,consolidator,5
100000001282143100,3,False,5,0,1700000.0,0.0,6,0,0.0,False,0,10,0,0.0,0.0,7.822619589386979e-06,0,0,,,4,2026-07-05,2026-07-29,1700000.0,0.5447789235101056,988120.7135942914,0.0039043225077011294,,consolidator,0.775,"Признаки сбора: 5 плательщиков, получил 1 700 000 KZT; передано 0%, максимум 4 плательщиков в день.",0.8648,consolidator,12
100000002838861100,1,False,5,1,554523.95,10000.0,5,1,0.018033486200190272,False,2,8,0,1.9418391435934565e-05,0.0,3.0731959167066825e-05,1,0,0.0,8.0,2,2026-07-11,2026-07-22,564523.95,0.9013040387759738,502802.270498794,0.002022315705549329,,consolidator,0.775,"Признаки сбора: 5 плательщиков, получил 554 524 KZT; передано 2%, максимум 2 плательщиков в день.",0.8627,consolidator,4
100000008547844100,2,False,3,19,177600.0,2042199.0,3,21,11.498868243243244,False,0,8,0,0.0017876098818035268,1.4018979759317405e-05,3.2827464245568193e-06,4,0,0.40730604608071985,1.0,1,2026-07-16,2026-07-20,2219799.0,0.3490725604075345,73452.26611573364,0.012524368478653992,,distributor,0.95,"Признаки раздачи: 19 получателей против 3 плательщиков, отправил 2 042 199 KZT в 21 переводах.",0.8626,distributor,5
100000002894076100,1,False,4,0,1122782.0,0.0,6,0,0.0,False,2,10,0,0.0,0.0,0.00013028097151479494,0,0,,,3,2026-07-10,2026-07-26,1122782.0,0.8343940460052399,951096.5900835557,0.0037580305448243413,,consolidator,0.65,"Признаки сбора: 4 плательщиков, получил 1 122 782 KZT; передано 0%, максимум 3 плательщиков в день.",0.8615,consolidator,4
100000004070318100,1,False,4,19,207246.55,551860.0,6,37,2.662818753798314,False,1,7,3,0.0020732651297362425,0.004977218101410676,0.006655303260447475,41,0,0.5405972529264669,1.0,2,2026-07-02,2026-07-10,759106.55,0.747617501014748,167297.58502555283,0.006315633491137129,,distributor,0.95,"Признаки раздачи: 19 получателей против 4 плательщиков, отправил 551 860 KZT в 37 переводах.",0.8611,distributor,1
100000005910114100,3,False,3,19,326144.0,1469993.0,3,56,4.507190075549451,False,0,7,2,0.005842206056572956,0.0049211322676943735,0.004303148994827794,18,0,0.42215711231277975,1.0,1,2026-07-07,2026-07-12,1796137.0,0.7008442384121757,254518.54760189823,0.001684161758891489,,distributor,0.95,"Признаки раздачи: 19 получателей против 3 плательщиков, отправил 1 469 993 KZT в 56 переводах.",0.861,distributor,1
100000004997515100,3,False,4,4,395000.0,54500.0,4,4,0.1379746835443038,False,0,9,0,8.956237682696351e-05,1.5362965042255266e-289,2.331062061286473e-06,0,0,0.0,6.5,1,2026-07-06,2026-07-31,449500.0,0.4980517645647677,220287.79132491502,0.000977666797674848,,consolidator,0.65,"Признаки сбора: 4 плательщиков, получил 395 000 KZT; передано 14%, максимум 1 плательщиков в день.",0.8576,consolidator,5
100000008304139100,1,False,4,24,189329.75,1692997.0,4,43,8.942054801213228,False,1,7,2,0.0013103045314002593,0.007628711545091382,0.005756709480430894,22,0,0.28186700862435077,4.0,1,2026-07-02,2026-07-27,1882326.75,0.6818651924223049,138834.69564759158,0.006470277715009517,,distributor,1.0,"Признаки раздачи: 24 получателей против 4 плательщиков, отправил 1 692 997 KZT в 43 переводах.",0.8569,distributor,3
100000003404627100,1,False,4,0,877700.0,0.0,5,0,0.0,False,1,11,0,0.0,0.0,2.8956107200269595e-05,0,0,,,3,2026-07-10,2026-07-13,877700.0,0.8268636016701257,734184.5178594597,0.0029009544061245375,,consolidator,0.65,"Признаки сбора: 4 плательщиков, получил 877 700 KZT; передано 0%, максимум 3 плательщиков в день.",0.8569,consolidator,38
100000001303311100,3,False,5,0,1324000.0,0.0,5,0,0.0,False,0,9,0,0.0,0.0,3.913903091448022e-06,0,0,,,4,2026-07-30,2026-07-31,1324000.0,0.5778728791025076,842556.1590568847,0.003329159009168023,,consolidator,0.775,"Признаки сбора: 5 плательщиков, получил 1 324 000 KZT; передано 0%, максимум 4 плательщиков в день.",0.8547,consolidator,19
100000004351795100,1,False,3,14,118333.0,1715161.0,3,37,14.494359139039828,False,1,7,1,0.002428521604147366,0.002775354969020754,0.004015553343662809,16,0,0.37906703802150354,11.0,1,2026-07-01,2026-07-28,1833494.0,0.8061069384048045,99736.41872171733,0.04141148222368937,,distributor,0.7,"Признаки раздачи: 14 получателей против 3 плательщиков, отправил 1 715 161 KZT в 37 переводах.",0.8518,distributor,1
100000006734214100,3,False,5,3,610000.0,36000.0,10,4,0.05901639344262295,False,0,7,0,5.9444055416126226e-05,1.57847465707e-313,0.008009424241736236,0,0,0.7222222222222222,2.0,2,2026-07-02,2026-07-29,646000.0,0.5582762807107589,395159.8268600889,0.0016407917040725036,,consolidator,0.775,"Признаки сбора: 5 плательщиков, получил 610 000 KZT; передано 6%, максимум 2 плательщиков в день.",0.8515,consolidator,8
100000007055802100,1,False,6,1,2024999.0,605000.0,34,7,0.29876557963732325,False,1,7,0,4.359230730515923e-06,0.003434166337377531,0.01082050083520073,1,0,1.0,0.0,4,2026-07-08,2026-07-19,2629999.0,0.6672980264140062,1487701.2901401094,0.007457675834067451,,consolidator,0.9,"Признаки сбора: 6 плательщиков, получил 2 024 999 KZT; передано 30%, максимум 4 плательщиков в день.",0.8514,consolidator,1
100000008733194100,2,False,4,8,251424.0,159695.0,4,8,0.6351621165839378,False,0,7,4,0.00020045361098198542,2.2858769586572608e-06,0.0005194385918688935,1,0,0.711481261154075,1.0,2,2026-07-19,2026-07-24,411119.0,0.5162040538995154,150287.17226456627,0.0041041968384184415,,consolidator,0.5,"Признаки сбора: 4 плательщиков, получил 251 424 KZT; передано 64%, максимум 2 плательщиков в день.",0.85,consolidator,13
100000003747133100,2,False,5,2,237068.0,250000.0,8,2,1.0545497494389795,False,0,7,0,9.610122292273739e-05,0.0,0.000505669906564451,0,0,0.92,1.5,2,2026-07-08,2026-07-20,487068.0,0.6255982884627924,154800.03021689635,0.00585289629186426,,consolidator,0.625,"Признаки сбора: 5 плательщиков, получил 237 068 KZT; передано 105%, максимум 2 плательщиков в день.",0.8485,consolidator,45
100000008258083100,2,False,2,2,3149500.0,2045650.0,13,6,0.6495157961581204,False,0,7,0,7.767356574373826e-05,1.9464493590210397e-05,4.53936897378202e-05,2,0,0.7646713758463081,0.5,1,2026-07-02,2026-07-21,5195150.0,0.43870026061583606,1549294.8188981037,0.010326247144169203,,transit,0.824,"Признаки транзита: получил 3 149 500 KZT, передано 65%. 76% ушло в течение 2 дней после поступления.",0.8477,transit,29
100000003004487100,1,False,4,2,183702.8,265015.0,9,3,1.4426290726107605,False,1,7,0,0.00019279688639963605,2.7367980912499234e-295,0.005747752284258113,1,0,0.9245325736279079,2.0,2,2026-07-01,2026-07-28,448717.8,0.5714115060752903,118989.55688163325,0.006990332367661166,,consolidator,0.5,"Признаки сбора: 4 плательщиков, получил 183 703 KZT; передано 144% (возможны поступления вне выборки), максимум 2 плательщиков в день.",0.8466,consolidator,30
100000001887715100,3,False,3,1,1331500.0,750000.0,4,1,0.5632745024408562,False,0,9,0,2.2588741058127966e-05,0.0,1.3426258245089674e-06,0,0,1.0,0.0,3,2026-07-31,2026-07-31,2081500.0,0.4878067655525572,684276.484825761,0.0041493435219049175,,transit,0.869,"Признаки транзита: получил 1 331 500 KZT, передано 56%. 100% ушло в течение 2 дней после поступления.",0.8462,transit,19
100000007639767100,1,False,4,10,90913.0,822244.0,4,13,9.044295095310902,False,1,7,2,0.002511221199648504,0.0025974458856988735,0.00602593904792015,60,0,0.0951663982953965,6.0,1,2026-07-10,2026-07-22,913157.0,0.7098217930515694,69920.14735222427,0.013879858512392543,,consolidator,0.5,"Признаки сбора: 4 плательщиков, получил 90 913 KZT; передано 904% (возможны поступления вне выборки), максимум 1 плательщиков в день.",0.8457,consolidator,1
100000002547110100,3,False,6,0,1500000.0,0.0,10,0,0.0,False,0,8,0,0.0,0.0,5.89361289133574e-06,0,0,,,5,2026-07-13,2026-07-16,1500000.0,0.4155876302714122,690328.3710484481,0.0027276673383205387,,consolidator,0.9,"Признаки сбора: 6 плательщиков, получил 1 500 000 KZT; передано 0%, максимум 5 плательщиков в день.",0.8431,consolidator,5
100000007629096100,2,False,4,1,1075170.0,765205.0,5,5,0.7117060557865268,False,0,7,0,1.525730755680573e-05,0.00010197759638234088,0.00028463488259411636,1,0,0.9346122934377062,1.0,2,2026-07-02,2026-07-30,1840375.0,0.6116974088010234,686052.8310014647,0.004544838438532348,,consolidator,0.5,"Признаки сбора: 4 плательщиков, получил 1 075 170 KZT; передано 71%, максимум 2 плательщиков в день.",0.8419,consolidator,1
100000008512827100,2,False,3,10,107949.0,1944500.0,3,10,18.01313583266172,False,0,9,0,0.00013726544500137548,0.00014596924142267682,3.91180715511156e-07,0,0,0.7986628953458472,2.0,1,2026-07-18,2026-07-30,2052449.0,0.5710912449873542,66451.88138863647,0.004919108481478416,,distributor,0.5,"Признаки раздачи: 10 получателей против 3 плательщиков, отправил 1 944 500 KZT в 10 переводах.",0.8396,distributor,12
100000002224132100,2,False,5,4,3951020.0,12115000.0,10,25,3.0662968043695047,False,0,2,0,6.241625818693253e-06,5.354472952764298e-248,9.452986171994523e-248,8,0,0.7267849773008667,0.0,2,2026-07-04,2026-07-29,16066020.0,0.9961330838309843,3946289.4669397944,0.06425906440312817,,consolidator,0.625,"Признаки сбора: 5 плательщиков, получил 3 951 020 KZT; передано 307% (возможны поступления вне выборки), максимум 2 плательщиков в день.",0.8364,consolidator,22
100000005578559100,2,False,2,21,131000.0,893163.67,2,23,6.818043282442749,False,0,7,0,0.0009667514112443349,3.437992969466377e-05,2.1410008393477952e-06,1,0,0.4550061916423448,0.0,1,2026-07-06,2026-07-07,1024163.67,0.7476402986990353,99394.02871510824,0.005844487371252428,,distributor,1.0,"Признаки раздачи: 21 получателей против 2 плательщиков, отправил 893 164 KZT в 23 переводах.",0.8349,distributor,9
100000008730846100,2,False,7,3,155042.0,363370.0,11,4,2.343687516930896,False,0,8,0,0.0001409126051421448,0.0021665664532825608,0.0002490763208134324,0,0,1.0,0.0,4,2026-07-19,2026-07-21,518412.0,0.560908058964812,91368.19792263456,0.0013688963367457976,,consolidator,0.875,"Признаки сбора: 7 плательщиков, получил 155 042 KZT; передано 234% (возможны поступления вне выборки), максимум 4 плательщиков в день.",0.8338,consolidator,11
100000008748914100,1,False,2,13,180000.0,4471847.0,9,21,24.843594444444445,False,1,1,1,0.0006406087705344536,0.0033332683920848723,0.0,1,0,0.4959248382156187,0.0,1,2026-07-25,2026-07-29,4651847.0,0.9502737530483157,175773.26900910685,0.11498594394467945,,distributor,0.65,"Признаки раздачи: 13 получателей против 2 плательщиков, отправил 4 471 847 KZT в 21 переводах.",0.8334,distributor,3
100000004403675100,1,False,4,5,182980.0,264699.0,8,6,1.4466007213903158,False,2,7,1,0.002787673513726202,0.00010061852156787733,0.00221642364889325,2,0,0.5402362683651997,0.0,1,2026-07-01,2026-07-20,447679.0,0.616201468454249,115810.21368198695,0.001499040215109456,,consolidator,0.5,"Признаки сбора: 4 плательщиков, получил 182 980 KZT; передано 145% (возможны поступления вне выборки), максимум 1 плательщиков в день.",0.8329,consolidator,18
100000005242320100,2,False,2,21,365700.0,8936295.0,2,29,24.43613617719442,False,0,2,0,2.9722027708063113e-05,2.035924528607255e-05,4.5210117239422983e-07,0,0,0.19270178524768933,2.0,1,2026-07-14,2026-07-20,9301995.0,0.955757624121806,358527.33467197255,0.0364834236143589,,distributor,1.0,"Признаки раздачи: 21 получателей против 2 плательщиков, отправил 8 936 295 KZT в 29 переводах.",0.8281,distributor,12
100000004847758100,1,False,4,15,115171.0,488800.0,4,23,4.244123954815014,False,1,7,1,0.0013585891006882083,0.008557695512185154,0.006770186694627195,7,0,0.25777414075286414,5.0,1,2026-07-03,2026-07-17,603971.0,0.6633260851610965,84941.18561769453,0.006887089788018269,,distributor,0.75,"Признаки раздачи: 15 получателей против 4 плательщиков, отправил 488 800 KZT в 23 переводах.",0.8262,distributor,3
100000006518161100,1,False,3,2,594200.0,595899.0,13,13,1.002859306630764,False,1,7,0,5.785888060502952e-05,0.0,0.00033358507819737014,1,0,0.7147167556918202,0.0,2,2026-07-06,2026-07-31,1190099.0,0.9981437250237596,593778.8431919378,0.004767262585219476,,transit,0.914,"Признаки транзита: получил 594 200 KZT, передано 100%. 71% ушло в течение 2 дней после поступления.",0.8218,transit,7
100000005339662100,1,False,4,4,202939.0,295160.0,9,15,1.4544271924075707,False,1,7,1,0.00013962469475849675,0.00012866401985589518,0.00033631553874470944,3,0,0.7669060848353435,0.0,2,2026-07-16,2026-07-31,498099.0,0.6139025866599285,134184.24506720522,0.0014192116590135337,,consolidator,0.5,"Признаки сбора: 4 плательщиков, получил 202 939 KZT; передано 145% (возможны поступления вне выборки), максимум 2 плательщиков в день.",0.8212,consolidator,15
100000007998965100,2,False,5,1,278000.0,26000.0,7,3,0.09352517985611511,False,0,8,0,1.981468513870874e-05,0.0,3.056080467676292e-05,0,0,0.38461538461538464,9.0,2,2026-07-01,2026-07-24,304000.0,0.8596821131584689,240795.08627783085,0.0010397616837540596,,consolidator,0.775,"Признаки сбора: 5 плательщиков, получил 278 000 KZT; передано 9%, максимум 2 плательщиков в день.",0.8181,consolidator,9
100000005610717100,3,False,4,1,484500.0,265200.0,6,7,0.5473684210526316,False,0,7,0,1.922024458454748e-05,0.0,0.008115801270243911,0,0,0.8378582202111614,0.0,1,2026-07-10,2026-07-27,749700.0,0.6486915337627689,351250.5939689382,0.002067629860657011,,consolidator,0.5,"Признаки сбора: 4 плательщиков, получил 484 500 KZT; передано 55%, максимум 1 плательщиков в день.",0.8173,consolidator,1
100000006788200100,1,False,4,3,272155.8,64500.0,4,4,0.23699660268125833,False,1,7,0,9.689381032828575e-05,1.2623492366549998e-05,0.004712143413344422,0,0,0.0,9.0,1,2026-07-10,2026-07-29,336655.8,0.7134577804047093,208037.60562151653,0.0010207875843058164,,consolidator,0.65,"Признаки сбора: 4 плательщиков, получил 272 156 KZT; передано 24%, максимум 1 плательщиков в день.",0.816,consolidator,4
100000006977207100,2,False,1,15,414000.0,4157018.0,1,15,10.041106280193237,False,0,1,0,3.277348921942426e-05,0.004258462505327504,6.211858071745701e-05,0,0,0.0,,1,2026-07-23,2026-07-23,4571018.0,0.9502737530483157,393413.3337620027,0.019990157911983657,,distributor,0.75,"Признаки раздачи: 15 получателей против 1 плательщиков, отправил 4 157 018 KZT в 15 переводах.",0.8154,distributor,6
100000004159526100,1,False,4,4,275037.0,68000.0,4,6,0.24723946232688693,False,1,8,0,9.788454458522118e-05,1.5362965042255266e-289,5.2398962264355216e-05,1,0,0.4411764705882353,3.0,2,2026-07-08,2026-07-21,343037.0,0.4823155903862911,137057.6764866251,0.0006899149002818034,,consolidator,0.65,"Признаки сбора: 4 плательщиков, получил 275 037 KZT; передано 25%, максимум 2 плательщиков в день.",0.8145,consolidator,14
100000001899164100,1,False,4,3,291675.0,76500.0,5,3,0.2622782206222679,False,1,8,0,0.00012661583803634885,7.694746733690466e-298,0.00012720359073815123,2,0,0.0,7.0,2,2026-07-01,2026-07-31,368175.0,0.3952409909044755,126558.42742070535,0.0006524578361863958,,consolidator,0.65,"Признаки сбора: 4 плательщиков, получил 291 675 KZT; передано 26%, максимум 2 плательщиков в день.",0.8137,consolidator,10
100000002957787100,2,False,4,34,84956.0,1276153.96,7,41,15.02135175855737,False,0,7,0,0.004276645426207853,0.0344933365909865,0.00019153824827058193,6,0,0.7551235902602222,0.0,2,2026-07-01,2026-07-04,1361109.96,0.6066806291640561,52986.521119521596,0.006630736264504592,,distributor,1.0,"Признаки раздачи: 34 получателей против 4 плательщиков, отправил 1 276 154 KZT в 41 переводах.",0.8103,distributor,1
100000005704413100,3,False,3,32,97834.67,1363593.0,4,35,13.9377278014021,False,0,7,0,0.002562756260543509,0.00014800832457958856,2.3762159558190916e-06,3,0,0.44522449147216214,3.0,2,2026-07-12,2026-07-24,1461427.67,0.5519754220711689,55964.21189460229,0.004932904326274393,,distributor,1.0,"Признаки раздачи: 32 получателей против 3 плательщиков, отправил 1 363 593 KZT в 35 переводах.",0.8098,distributor,9
100000008144528100,2,False,5,0,1068202.6,0.0,13,0,0.0,False,0,7,0,0.0,0.0,5.4377749993952505e-06,0,0,,,2,2026-07-12,2026-07-16,1068202.6,0.6378543772284196,683117.8330767085,0.0026991766232607613,,consolidator,0.775,"Признаки сбора: 5 плательщиков, получил 1 068 203 KZT; передано 0%, максимум 2 плательщиков в день.",0.8096,consolidator,7
100000003946524100,1,False,2,2,133757.0,144750.0,2,2,1.0821863528637754,False,1,10,0,0.0001194825513864137,0.0,0.0004648848624875377,1,0,0.0,6.0,1,2026-07-10,2026-07-25,278507.0,0.9995001336469667,133747.00267293933,0.002562260022474629,,transit,0.675,"Признаки транзита: получил 133 757 KZT, передано 108%. 0% ушло в течение 2 дней после поступления.",0.8062,transit,3
100000008560717100,1,False,7,1,529000.0,25000.0,9,1,0.04725897920604915,False,1,7,0,1.922024458454748e-05,0.0,0.01233779633246614,0,0,0.0,12.0,2,2026-07-05,2026-07-18,554000.0,0.6038998149640451,358815.25612134434,0.0014774267470518362,,consolidator,1.0,"Признаки сбора: 7 плательщиков, получил 529 000 KZT; передано 5%, максимум 2 плательщиков в день.",0.8049,consolidator,8
100000004221668100,2,False,4,3,1128300.0,731440.0,8,10,0.6482673047948241,False,0,1,0,4.5573775819030105e-06,7.694746733690466e-298,2.9664715906839753e-05,3,0,0.9841408727988625,1.5,1,2026-07-04,2026-07-29,1859740.0,0.7441936744881981,921626.9011671754,0.0058954088002636075,,consolidator,0.5,"Признаки сбора: 4 плательщиков, получил 1 128 300 KZT; передано 65%, максимум 1 плательщиков в день.",0.8048,consolidator,26
100000004962193100,2,False,8,0,900468.0,0.0,11,0,0.0,False,0,7,0,0.0,0.0,0.0004994172276184054,0,0,,,5,2026-07-01,2026-07-08,900468.0,0.6529740400719536,617009.4277357126,0.0024379650816240884,,consolidator,1.0,"Признаки сбора: 8 плательщиков, получил 900 468 KZT; передано 0%, максимум 5 плательщиков в день.",0.8048,consolidator,1
100000005830339100,3,False,5,1,476341.0,339251.0,12,1,0.7122019729563485,False,0,7,0,3.7978146515858416e-06,0.00019785421761571372,0.007245940839901688,0,0,0.0,3.0,1,2026-07-01,2026-07-27,815592.0,0.5748063472001662,316722.08766024996,0.0020219616918273485,,consolidator,0.625,"Признаки сбора: 5 плательщиков, получил 476 341 KZT; передано 71%, максимум 1 плательщиков в день.",0.8047,consolidator,3
100000003265158100,1,False,3,2,146100.4,154200.0,3,4,1.055438588806054,False,2,9,0,0.00017654884458589488,1.5362965042255266e-289,1.9470592245184296e-05,0,0,1.0,0.0,1,2026-07-08,2026-07-30,300300.4,0.8801433905330659,129075.50884385091,0.0021443817571935933,,transit,0.983,"Признаки транзита: получил 146 100 KZT, передано 106%. 100% ушло в течение 2 дней после поступления.",0.8029,transit,10
100000002628576100,3,False,2,2,727882.0,539000.0,3,2,0.7405046422359668,False,0,7,0,3.844048916909496e-05,0.0,0.005845955489123359,0,0,1.0,0.0,1,2026-07-25,2026-07-31,1266882.0,0.5564547176354666,463513.56955305,0.0030165609616090135,,transit,0.922,"Признаки транзита: получил 727 882 KZT, передано 74%. 100% ушло в течение 2 дней после поступления.",0.8011,transit,8
100000004150593100,2,False,1,11,57000.0,871165.0,2,16,15.28359649122807,False,0,7,0,0.00022164097899513536,0.002820884911939752,2.603644808281309e-06,1,0,0.815867258211705,0.5,1,2026-07-11,2026-07-11,928165.0,0.9965217601156067,56849.28287922495,0.00988591740318173,,distributor,0.55,"Признаки раздачи: 11 получателей против 1 плательщиков, отправил 871 165 KZT в 16 переводах.",0.8001,distributor,7
100000003528285100,3,False,4,4,118870.0,548000.0,5,6,4.6100782367292,False,0,7,1,0.00011504626015844327,0.0006432388197383262,0.004721828012250741,0,0,0.6204379562043796,4.0,1,2026-07-13,2026-07-30,666870.0,0.5933843553290914,79228.17316707535,0.001597900875930927,,consolidator,0.5,"Признаки сбора: 4 плательщиков, получил 118 870 KZT; передано 461% (возможны поступления вне выборки), максимум 1 плательщиков в день.",0.7993,consolidator,3
100000002369874100,3,False,4,0,600000.0,0.0,4,0,0.0,False,0,9,0,0.0,0.0,8.238181655849329e-06,0,0,,,4,2026-07-29,2026-07-29,600000.0,0.3807369802501719,265881.6777739012,0.001050567814879644,,consolidator,0.65,"Признаки сбора: 4 плательщиков, получил 600 000 KZT; передано 0%, максимум 4 плательщиков в день.",0.7977,consolidator,5
100000003157679100,3,False,4,0,541000.0,0.0,4,0,0.0,False,0,9,0,0.0,0.0,1.958930149155962e-06,0,0,,,2,2026-07-13,2026-07-29,541000.0,0.42147372300772806,258582.29310388706,0.0010217260433557393,,consolidator,0.65,"Признаки сбора: 4 плательщиков, получил 541 000 KZT; передано 0%, максимум 2 плательщиков в день.",0.794,consolidator,5
100000004707703100,1,False,2,5,239300.0,231650.0,3,6,0.9680317592979524,False,1,7,2,0.00010710478506958707,1.8524941883367802e-256,0.0002976021605979045,0,0,0.8892726095402547,0.5,1,2026-07-03,2026-07-24,470950.0,0.999948464438498,239287.68121914298,0.0026617550444069196,,transit,0.957,"Признаки транзита: получил 239 300 KZT, передано 97%. 89% ушло в течение 2 дней после поступления.",0.793,transit,7
100000004486525100,2,False,8,2,360924.0,271045.0,21,3,0.7509752745730403,False,0,7,0,4.755524433290098e-06,0.000464871066218019,0.0003017568710775366,0,0,1.0,0.0,5,2026-07-01,2026-07-06,631969.0,0.6832978446841,252775.44012233123,0.0017207863890143064,,consolidator,1.0,"Признаки сбора: 8 плательщиков, получил 360 924 KZT; передано 75%, максимум 5 плательщиков в день.",0.7929,consolidator,1
100000003366154100,1,False,1,3,125000.0,289170.0,1,3,2.31336,False,1,10,0,6.146709644545516e-05,5.3540688490185076e-05,0.0004611679456476809,0,0,1.0,0.0,1,2026-07-18,2026-07-18,414170.0,1.0,125000.0,0.0016364936295410182,,transit,0.7,"Признаки транзита: получил 125 000 KZT, передано 231% (возможны поступления вне выборки). 100% ушло в течение 2 дней после поступления.",0.7894,transit,3
100000003134934100,2,False,4,0,379354.0,0.0,4,0,0.0,False,0,9,0,0.0,0.0,0.0019927140045239047,0,0,,,2,2026-07-08,2026-07-30,379354.0,0.6176299068473404,257051.0480063518,0.0010156756948336279,,consolidator,0.65,"Признаки сбора: 4 плательщиков, получил 379 354 KZT; передано 0%, максимум 2 плательщиков в день.",0.7875,consolidator,1
100000000332284100,2,False,10,3,107426.0,289500.0,12,3,2.69487833485376,False,0,7,0,0.0001091372663902734,0.001282000623867513,0.0003565292210917091,0,0,1.0,0.0,3,2026-07-06,2026-07-31,396926.0,0.6241332511782739,70486.3146092462,0.0016835135929043734,,consolidator,1.0,"Признаки сбора: 10 плательщиков, получил 107 426 KZT; передано 269% (возможны поступления вне выборки), максимум 3 плательщиков в день.",0.7865,consolidator,8
100000003111305100,3,False,4,0,509338.0,0.0,4,0,0.0,False,0,8,0,0.0,0.0,2.6654285959156256e-05,0,0,,,2,2026-07-07,2026-07-16,509338.0,0.4736878926598828,259537.00709398976,0.0010254983671909269,,consolidator,0.65,"Признаки сбора: 4 плательщиков, получил 509 338 KZT; передано 0%, максимум 2 плательщиков в день.",0.7865,consolidator,26
100000002267998100,2,False,2,3,420000.0,1115000.0,4,12,2.6547619047619047,False,0,7,0,5.8849614861964964e-05,0.00017021410422813884,3.2496313632667156e-06,4,0,0.7354260089686099,2.0,1,2026-07-09,2026-07-23,1535000.0,0.4208247276777557,200357.36441801692,0.0023209830152157093,,transit,0.621,"Признаки транзита: получил 420 000 KZT, передано 265% (возможны поступления вне выборки). 74% ушло в течение 2 дней после поступления.",0.7862,transit,21
100000008723830100,1,False,2,1,459785.0,455000.0,2,1,0.9895929619278576,False,1,7,0,1.9616538287321655e-05,0.0,0.00031971674999889816,0,0,1.0,1.0,1,2026-07-16,2026-07-18,914785.0,0.9951212360049225,458040.6840550686,0.0035988905832093293,,transit,0.997,"Признаки транзита: получил 459 785 KZT, передано 99%. 100% ушло в течение 2 дней после поступления.",0.7847,transit,7
100000000913911100,2,False,2,1,467000.0,600000.0,2,1,1.284796573875803,False,0,7,0,1.9418391435934565e-05,0.0,6.262331146281887e-05,0,0,0.0,3.0,2,2026-07-27,2026-07-27,1067000.0,0.9323838610572813,435953.8126305601,0.003933022156332609,,transit,0.615,"Признаки транзита: получил 467 000 KZT, передано 128%. 0% ушло в течение 2 дней после поступления.",0.7834,transit,3
100000002645609100,1,False,4,0,546820.6799999999,0.0,5,0,0.0,False,1,7,0,0.0,0.0,0.005933623342556145,0,0,,,1,2026-07-01,2026-07-24,546820.6799999999,0.6647004245465151,410086.35374694655,0.0016203580787323784,,consolidator,0.65,"Признаки сбора: 4 плательщиков, получил 546 821 KZT; передано 0%, максимум 1 плательщиков в день.",0.7824,consolidator,1
100000008752616100,2,False,2,7,64510.0,1265000.0,2,7,19.6093628894745,False,0,9,0,0.00013875981919617183,4.859721049865237e-06,1.347324157512177e-06,0,0,1.0,1.0,1,2026-07-24,2026-07-29,1329510.0,0.8034770797288904,52788.714697653406,0.0042494211300893835,,transit,0.7,"Признаки транзита: получил 64 510 KZT, передано 1961% (возможны поступления вне выборки). 100% ушло в течение 2 дней после поступления.",0.7819,transit,5
100000001279272100,3,False,1,2,250000.0,136758.0,1,2,0.547032,False,0,7,0,0.00029919545413681863,9.775305635596992e-05,0.0011319383959652314,1,0,0.9505842437005514,3.0,1,2026-07-12,2026-07-12,386758.0,0.6690797475280011,186543.47914572005,0.0015747433649894792,,transit,0.849,"Признаки транзита: получил 250 000 KZT, передано 55%. 95% ушло в течение 2 дней после поступления.",0.7797,transit,1
100000004071080100,1,False,9,2,238600.0,46500.0,16,5,0.19488683989941324,False,1,7,0,2.813685289696641e-05,0.0002780090525542211,0.009263053492632251,1,0,0.8709677419354839,0.0,2,2026-07-03,2026-07-21,285100.0,0.7087024547939826,179915.479638,0.0008411054258520528,,consolidator,1.0,"Признаки сбора: 9 плательщиков, получил 238 600 KZT; передано 19%, максимум 2 плательщиков в день.",0.7772,consolidator,1
100000008748408100,1,False,1,21,360000.0,1499960.0,2,22,4.166555555555555,False,1,1,0,7.1332866499351465e-06,0.0015411841818193754,4.089589732056224e-05,0,0,0.8743499826662045,1.0,1,2026-07-26,2026-07-28,1859960.0,1.0,360000.0,0.009872513763901984,,distributor,1.0,"Признаки раздачи: 21 получателей против 1 плательщиков, отправил 1 499 960 KZT в 22 переводах.",0.7742,distributor,4
100000001162560100,1,False,1,12,331300.0,2904398.0,2,14,8.76667069121642,False,1,1,0,2.972202770806311e-06,2.6898545958973623e-05,2.274780450186003e-05,0,0,0.1497315450568414,5.0,1,2026-07-23,2026-07-24,3235698.0,1.0,331300.0,0.013675874706254183,,distributor,0.6,"Признаки раздачи: 12 получателей против 1 плательщиков, отправил 2 904 398 KZT в 14 переводах.",0.7731,distributor,4
100000001222263100,3,False,1,1,745570.0,420000.0,1,5,0.5633273870998028,False,0,7,0,1.922024458454748e-05,0.0,0.0029401739563140994,0,0,0.7142857142857143,0.0,1,2026-07-31,2026-07-31,1165570.0,0.5403576910379955,461640.59014782397,0.0027208018227260363,,transit,0.783,"Признаки транзита: получил 745 570 KZT, передано 56%. 71% ушло в течение 2 дней после поступления.",0.7726,transit,8
100000008710843100,2,False,2,13,33944.0,1985500.0,3,14,58.49340089559274,False,0,8,0,0.0012357500791213899,6.923621637675703e-05,4.96819866061767e-05,1,0,0.007554772097708386,6.5,1,2026-07-14,2026-07-21,2019444.0,0.4826250575256478,17669.87574954115,0.0066114090128833345,,distributor,0.65,"Признаки раздачи: 13 получателей против 2 плательщиков, отправил 1 985 500 KZT в 14 переводах.",0.7723,distributor,19
100000002217161100,2,False,2,7,404750.0,995132.0,15,19,2.4586337245213095,False,0,7,0,0.00015514898463608943,7.07587887604281e-243,5.2134871339912216e-05,1,0,0.9497554093326313,1.0,1,2026-07-02,2026-07-30,1399882.0,0.29682143719353615,121515.61372188159,0.00170039358081477,,transit,0.685,"Признаки транзита: получил 404 750 KZT, передано 246% (возможны поступления вне выборки). 95% ушло в течение 2 дней после поступления.",0.7717,transit,33
100000002723538100,2,False,3,12,105647.0,560499.0,3,14,5.305394379395534,False,0,7,1,0.0002908863985638697,0.006524988668384622,0.004580930825969762,5,0,0.5698493663681826,0.0,1,2026-07-14,2026-07-23,666146.0,0.5794380675766391,68760.46735316949,0.0010588173032561416,,distributor,0.6,"Признаки раздачи: 12 получателей против 3 плательщиков, отправил 560 499 KZT в 14 переводах.",0.7688,distributor,6
100000007544358100,1,False,2,1,322500.0,350000.0,2,3,1.0852713178294573,False,1,7,0,1.9616538287321655e-05,0.0,0.00031971674999889816,0,0,0.2857142857142857,3.0,1,2026-07-04,2026-07-18,672500.0,0.9729470864487946,315715.7115365676,0.0025930037153209834,,transit,0.76,"Признаки транзита: получил 322 500 KZT, передано 109%. 29% ушло в течение 2 дней после поступления.",0.768,transit,7
100000008094734100,1,False,4,0,236249.0,0.0,4,0,0.0,False,2,8,0,0.0,0.0,0.0023354655514859616,0,0,,,1,2026-07-02,2026-07-20,236249.0,0.9847613558018502,232755.96381001506,0.0009196794843005037,,consolidator,0.65,"Признаки сбора: 4 плательщиков, получил 236 249 KZT; передано 0%, максимум 1 плательщиков в день.",0.7655,consolidator,1
100000003635170100,1,False,3,4,268500.0,253500.0,13,10,0.9441340782122905,False,1,8,0,0.00018804136196634596,3.051713961844859e-281,0.0001247951629089765,2,0,1.0,0.0,2,2026-07-06,2026-07-31,522000.0,0.3235764769337134,103790.87213335921,0.0007843904072670411,,transit,0.983,"Признаки транзита: получил 268 500 KZT, передано 94%. 100% ушло в течение 2 дней после поступления.",0.7634,transit,11
100000002781227100,1,False,2,3,191167.62,212420.0,8,10,1.1111714421092862,False,1,1,0,0.00013295653728073565,2.655928868377595e-06,0.0,1,0,0.8116938141417945,1.5,1,2026-07-01,2026-07-29,403587.62,0.9965983266034504,191010.572835264,0.015224320961673601,,transit,0.91,"Признаки транзита: получил 191 168 KZT, передано 111%. 81% ушло в течение 2 дней после поступления.",0.7623,transit,62
100000008172352100,1,False,3,7,90265.0,289510.0,3,8,3.207333961114496,False,1,8,0,0.00018673359274719116,1.4911453257344772e-240,0.0001210116098875871,0,0,0.7666747262616145,0.0,2,2026-07-18,2026-07-30,379775.0,0.8332766639842745,75641.6140480385,0.001389427057450435,,transit,0.63,"Признаки транзита: получил 90 265 KZT, передано 321% (возможны поступления вне выборки). 77% ушло в течение 2 дней после поступления.",0.7622,transit,31
100000008343874100,3,False,2,2,283535.0,176400.0,2,5,0.6221454141464017,False,0,7,0,3.883678287186913e-05,0.0,0.0012112988361558858,0,0,0.8129251700680272,1.0,1,2026-07-09,2026-07-10,459935.0,0.8086111924682365,247355.32776254107,0.001540969303490128,,transit,0.831,"Признаки транзита: получил 283 535 KZT, передано 62%. 81% ушло в течение 2 дней после поступления.",0.7616,transit,6
100000002527114100,0,True,3,111,129000.0,3289249.0,4,113,25.49805426356589,False,0,0,0,0.00019339132695379732,2.945275148755155e-09,7.753396952778706e-13,3,1,0.4463742331456208,4.0,1,2026-07-04,2026-07-23,3418249.0,1.0,65882.8338743193,0.01728651446182819,,distributor,1.0,"Признаки раздачи: 111 получателей против 3 плательщиков, отправил 3 289 249 KZT в 113 переводах. Seed: входящие могут быть занижены.",0.7616,distributor,2
100000008466579100,2,False,2,17,36952.0,1933000.0,2,20,52.31110630006495,False,0,8,0,0.0005056322361854107,9.925306094179034e-05,5.411371516673384e-07,1,0,0.06466632177961718,0.5,1,2026-07-19,2026-07-21,1969952.0,0.37968601086974896,16297.678789202299,0.005757854845141418,,distributor,0.85,"Признаки раздачи: 17 получателей против 2 плательщиков, отправил 1 933 000 KZT в 20 переводах.",0.7611,distributor,5
100000003159641100,2,False,4,1,64000.0,197800.0,7,1,3.090625,False,0,7,0,5.8849614861964964e-05,0.0,0.0014254345091357394,0,0,1.0,2.0,1,2026-07-21,2026-07-29,261800.0,0.7305794875348641,49892.83992232741,0.002512529046741048,,consolidator,0.5,"Признаки сбора: 4 плательщиков, получил 64 000 KZT; передано 309% (возможны поступления вне выборки), максимум 1 плательщиков в день.",0.7591,consolidator,15
100000001126374100,1,False,4,2,182500.0,29200.0,7,4,0.16,False,1,7,0,3.923307657464331e-05,0.0,0.006302312840737633,0,0,0.7534246575342466,1.0,1,2026-07-03,2026-07-30,211700.0,0.7033293794966994,143068.46165810202,0.0006464486861022707,,consolidator,0.65,"Признаки сбора: 4 плательщиков, получил 182 500 KZT; передано 16%, максимум 1 плательщиков в день.",0.7589,consolidator,1
100000008637537100,0,True,3,3,619890.0,2351495.0,22,30,3.793406894771653,False,2,9,2,7.75353843868499e-05,7.634003570283292e-07,9.450604061316873e-05,4,0,1.0,1.0,2,2026-07-01,2026-07-16,2971385.0,1.0,618375.7050060885,0.011734733296238172,,peripheral,0.8,"Признаков роли нет: вход 619 890 KZT от 3, выход 2 351 495 KZT к 3; передано 379% (возможны поступления вне выборки).",0.7568,peripheral,38
100000003457710100,3,False,1,1,326555.0,1306000.0,1,2,3.999326300316945,False,0,7,0,1.922024458454748e-05,0.0,0.0029401739563140994,0,0,1.0,0.0,1,2026-07-15,2026-07-15,1632555.0,0.5403576910379955,202195.69311496257,0.003587360769712716,,transit,0.7,"Признаки транзита: получил 326 555 KZT, передано 400% (возможны поступления вне выборки). 100% ушло в течение 2 дней после поступления.",0.7567,transit,8
100000004527381100,2,False,1,1,119333.17,273866.11,1,1,2.2949705433954364,False,0,7,0,0.0003213941929498557,3.2941860382226563e-06,9.023756758629543e-290,0,0,1.0,0.0,1,2026-07-29,2026-07-29,393199.27999999997,0.9928190861405171,119211.0021770884,0.0012781045216497223,,transit,0.7,"Признаки транзита: получил 119 333 KZT, передано 229% (возможны поступления вне выборки). 100% ушло в течение 2 дней после поступления.",0.7563,transit,15
100000002605308100,2,False,3,0,2569521.84,0.0,7,0,0.0,False,0,11,0,0.0,0.0,6.406072749601766e-08,0,0,,,1,2026-07-24,2026-07-29,2569521.84,0.4634002023427517,1203962.065448483,0.0047571679511203245,,terminal,0.938,Признаки оседания: получил 2 569 522 KZT от 3 плательщиков; исходящих ≥5 000 KZT в наблюдаемой выборке 0.,0.7517,terminal,14
100000001072022100,1,False,3,0,1684000.0,0.0,6,0,0.0,False,1,10,0,0.0,0.0,0.0034634604826792375,0,0,,,2,2026-07-03,2026-07-30,1684000.0,0.8202320666170845,1430454.713724421,0.005652099443119755,,terminal,0.938,Признаки оседания: получил 1 684 000 KZT от 3 плательщиков; исходящих ≥5 000 KZT в наблюдаемой выборке 0.,0.7495,terminal,3
100000003589877100,1,False,2,6,176000.0,416129.0,2,6,2.364369318181818,False,1,9,0,9.545724565572935e-05,0.0001231626036013003,4.8330562539922855e-06,0,0,0.8798449519259652,0.0,1,2026-07-12,2026-07-16,592129.0,0.34948312236113,72846.63611327556,0.0008733843538802391,,transit,0.664,"Признаки транзита: получил 176 000 KZT, передано 236% (возможны поступления вне выборки). 88% ушло в течение 2 дней после поступления.",0.7479,transit,5
100000006274203100,3,False,2,3,3417512.0,72000.0,41,3,0.02106795821053445,False,0,9,1,3.734276532549144e-05,0.001906878127736985,0.0029636816739710176,1,0,0.06944444444444445,0.0,1,2026-07-05,2026-07-31,3489512.0,0.6889434790092481,2429961.0182737727,0.009797407447866686,,peripheral,0.8,"Признаков роли нет: вход 3 417 512 KZT от 2, выход 72 000 KZT к 3; передано 2%.",0.7449,peripheral,17
100000006707582100,1,False,2,14,39520.0,961138.0,2,15,24.320293522267207,False,1,1,0,0.00036346737439438065,0.0012464161468100688,2.292968114368121e-05,1,0,0.9479783340165512,1.0,1,2026-07-19,2026-07-24,1000658.0,0.9613749847709885,38843.28973318772,0.02409422225154146,,distributor,0.7,"Признаки раздачи: 14 получателей против 2 плательщиков, отправил 961 138 KZT в 15 переводах.",0.7438,distributor,9
100000006844768100,2,False,1,2,282000.0,188000.0,5,5,0.6666666666666666,False,0,7,0,3.883678287186913e-05,0.004440547042738459,0.0,1,0,0.8670212765957447,16.0,1,2026-07-01,2026-07-09,470000.0,0.5927251975686629,171928.5514607338,0.0011881104940095544,,transit,0.86,"Признаки транзита: получил 282 000 KZT, передано 67%. 87% ушло в течение 2 дней после поступления.",0.7428,transit,1
100000004135268100,1,False,2,3,1239000.0,1000200.0,3,4,0.8072639225181598,False,1,1,1,1.1888811083225246e-06,1.1601484540645396e-302,0.0,3,9,0.8498300339932013,0.0,1,2026-07-09,2026-07-11,2239200.0,0.9996020147568273,1238930.352582445,0.009635752451850974,,transit,0.897,"Признаки транзита: получил 1 239 000 KZT, передано 81%. 85% ушло в течение 2 дней после поступления.",0.7411,transit,51
100000002173161100,1,False,3,0,1427500.0,0.0,5,0,0.0,False,1,9,0,0.0,0.0,0.00030118260809640634,0,0,,,2,2026-07-19,2026-07-26,1427500.0,0.7871726699773932,1159917.5209999275,0.004583136475141631,,terminal,0.938,Признаки оседания: получил 1 427 500 KZT от 3 плательщиков; исходящих ≥5 000 KZT в наблюдаемой выборке 0.,0.7396,terminal,7
100000003299365100,1,False,1,1,200000.0,200000.0,1,1,1.0,False,1,10,1,0.0,0.0005761766845712224,0.0004611679456476809,1,0,1.0,0.0,1,2026-07-26,2026-07-26,400000.0,1.0,200000.0,0.0015805042659207747,,transit,1.0,"Признаки транзита: получил 200 000 KZT, передано 100%. 100% ушло в течение 2 дней после поступления.",0.739,transit,3
100000005584222100,1,False,2,2,192717.0,108587.0,6,3,0.5634531463233653,False,1,7,0,3.863863602048205e-05,0.0,0.002168884981622403,1,0,0.8618619171724056,1.0,1,2026-07-06,2026-07-16,301304.0,0.9926122245695229,192299.59068817805,0.0011857115843624266,,transit,0.828,"Признаки транзита: получил 192 717 KZT, передано 56%. 86% ушло в течение 2 дней после поступления.",0.7389,transit,1
100000003741418100,2,False,9,3,151900.0,39920.0,13,3,0.2628044766293614,False,0,7,0,5.2754855808308135e-05,0.004998687493075439,0.0003401117307589929,1,0,0.0,,2,2026-07-07,2026-07-16,191820.0,0.6651957733542831,103066.34604533092,0.0005104696852600762,,consolidator,1.0,"Признаки сбора: 9 плательщиков, получил 151 900 KZT; передано 26%, максимум 2 плательщиков в день.",0.7382,consolidator,1
100000001732159100,0,True,2,4,2378100.0,1505966.0,30,23,0.633264370716118,False,2,9,2,2.027094433598164e-05,5.340185710009986e-05,7.699492300574109e-07,4,0,0.9144735007297642,1.0,2,2026-07-01,2026-07-17,3884066.0,1.0,2378100.0,0.015892231177037267,,peripheral,0.8,"Признаков роли нет: вход 2 378 100 KZT от 2, выход 1 505 966 KZT к 4; передано 63%.",0.7374,peripheral,38
100000006069103100,1,False,3,3,228818.0,270000.0,3,4,1.1799770997036947,False,1,7,0,5.805702745641661e-05,1.57847465707e-313,0.00031029936069006635,1,0,0.16666666666666666,0.5,1,2026-07-04,2026-07-08,498818.0,0.5151152094746951,131983.72236818666,0.0010710477961479714,,transit,0.696,"Признаки транзита: получил 228 818 KZT, передано 118%. 17% ушло в течение 2 дней после поступления.",0.7366,transit,53
100000008324800100,2,False,3,1,526500.0,511000.0,17,13,0.9705603038936372,False,0,7,0,1.922024458454748e-05,0.0,0.00310698654824192,1,0,1.0,1.0,2,2026-07-03,2026-07-16,1037500.0,0.3251199738338198,216475.74280167843,0.0015117999407948898,,transit,0.991,"Признаки транзита: получил 526 500 KZT, передано 97%. 100% ушло в течение 2 дней после поступления.",0.7364,transit,70
100000005527892100,1,False,3,8,220001.0,552419.0,3,8,2.510984040981632,False,1,8,0,0.0004955713375099349,3.0608801804672296e-06,0.0030873351541898905,0,0,0.6232949989048168,1.5,1,2026-07-01,2026-07-28,772420.0,0.8798837666922937,202609.14259863558,0.02066709039383672,,peripheral,0.8,"Признаков роли нет: вход 220 001 KZT от 3, выход 552 419 KZT к 8; передано 251% (возможны поступления вне выборки).",0.7364,peripheral,6
100000002126791100,4,False,1,0,1313000.0,0.0,3,0,0.0,True,0,9,0,0.0,0.0,0.0,0,0,,,1,2026-07-25,2026-07-31,1313000.0,0.3249744228469706,481633.6267226229,0.0019030600041149244,0.35101999466688233,truncated,1.0,"Граница обхода, глубина 4: исходящие не выгружены. Получил 1 313 000 KZT от 1; P(переводит дальше)=35%.",0.7355,peripheral,5
100000005473151100,1,False,3,4,1220000.0,225000.0,4,6,0.18442622950819673,False,1,9,0,0.00024159762522697013,1.5362965042255266e-289,6.24798576098583e-06,1,0,0.9111111111111111,0.0,2,2026-07-08,2026-07-18,1445000.0,0.21826661301143602,319793.3218484612,0.002150250351475087,,peripheral,0.8,"Признаков роли нет: вход 1 220 000 KZT от 3, выход 225 000 KZT к 4; передано 18%.",0.7343,peripheral,9
100000005523088100,0,True,1,0,700000.0,0.0,2,0,0.0,False,1,15,0,0.0,0.0,8.651557678785036e-09,0,0,,,1,2026-07-05,2026-07-05,700000.0,1.0,700000.0,0.0027658824653613557,,terminal,0.738,Признаки оседания: получил 700 000 KZT от 1 плательщиков; исходящих ≥5 000 KZT в наблюдаемой выборке 0.,0.733,terminal,18
100000002989353100,3,False,1,2,500000.0,321160.0,2,2,0.64232,False,0,2,0,2.774055919419224e-06,0.0,3.794136183730392e-07,0,0,0.9341138373396438,2.5,1,2026-07-11,2026-07-21,821160.0,0.955757624121806,477878.812060903,0.003101067633433288,,transit,0.873,"Признаки транзита: получил 500 000 KZT, передано 64%. 93% ушло в течение 2 дней после поступления.",0.733,transit,12
100000008739887100,3,False,2,2,214000.0,307000.0,3,2,1.4345794392523366,False,0,7,0,3.844048916909496e-05,0.0,0.002742319115704567,0,0,1.0,1.0,1,2026-07-21,2026-07-26,521000.0,0.5502941058428805,135312.98936186754,0.0012021840168305608,,transit,0.87,"Признаки транзита: получил 214 000 KZT, передано 143% (возможны поступления вне выборки). 100% ушло в течение 2 дней после поступления.",0.7318,transit,6
100000001697501100,1,False,3,38,123700.0,1482606.0,3,55,11.98549717057397,False,1,1,1,0.00020547828488840964,3.7687350642282193e-11,3.68611605822976e-10,3,1,0.4582471674875186,4.5,1,2026-07-04,2026-07-29,1606306.0,0.2986981541591034,39130.15695600031,0.004195004015433838,,distributor,1.0,"Признаки раздачи: 38 получателей против 3 плательщиков, отправил 1 482 606 KZT в 55 переводах.",0.73,distributor,2
100000006424479100,2,False,1,2,500000.0,220000.0,2,3,0.44,False,0,10,0,7.311618816183526e-05,0.0,4.876477610101951e-08,0,0,0.0,14.0,1,2026-07-05,2026-07-28,720000.0,0.7604369926548177,385295.18533886335,0.002990517861824152,,peripheral,0.8,"Признаков роли нет: вход 500 000 KZT от 1, выход 220 000 KZT к 2; передано 44%.",0.7284,peripheral,13
100000001527186100,1,False,1,0,678000.0,0.0,2,0,0.0,False,1,10,0,0.0,0.0,0.0004611679456476809,0,0,,,1,2026-07-24,2026-07-24,678000.0,1.0,678000.0,0.002678954730735713,,terminal,0.732,Признаки оседания: получил 678 000 KZT от 1 плательщиков; исходящих ≥5 000 KZT в наблюдаемой выборке 0.,0.7269,terminal,3
100000008086440100,3,False,1,5,199733.0,161300.0,1,6,0.8075781167859092,False,0,7,0,0.00010519757648287983,0.0015615994934823699,0.001137907385155322,5,0,0.23558586484810912,6.0,1,2026-07-14,2026-07-14,361033.0,0.7594437519994522,165934.3739979201,0.0005770396448373514,,transit,0.713,"Признаки транзита: получил 199 733 KZT, передано 81%. 24% ушло в течение 2 дней после поступления.",0.7265,transit,1
100000005075949100,4,False,1,0,2226000.0,0.0,7,0,0.0,True,0,7,0,0.0,0.0,1.23619985386e-313,0,0,,,1,2026-07-09,2026-07-23,2226000.0,0.48063411622399477,1140111.0504802456,0.004504875947268614,0.33587405535080384,truncated,1.0,"Граница обхода, глубина 4: исходящие не выгружены. Получил 2 226 000 KZT от 1; P(переводит дальше)=34%.",0.7241,peripheral,45
100000008223661100,3,False,2,5,202000.0,262580.0,2,5,1.29990099009901,False,0,8,1,0.0003254231789280599,0.0013472916812125842,2.341315247144374e-06,0,0,0.18748952700129484,2.0,2,2026-07-15,2026-07-15,464580.0,0.2967140738681491,69824.31364400228,0.00045831918975874924,,transit,0.666,"Признаки транзита: получил 202 000 KZT, передано 130%. 19% ушло в течение 2 дней после поступления.",0.7232,transit,5
100000003923946100,1,False,1,4,282000.0,675000.0,3,4,2.393617021276596,False,1,2,1,1.981468513870874e-06,5.960219788514455e-05,9.22837788436284e-07,1,0,1.0,0.0,1,2026-07-14,2026-07-17,957000.0,1.0,282000.0,0.003783663134102543,,transit,0.7,"Признаки транзита: получил 282 000 KZT, передано 239% (возможны поступления вне выборки). 100% ушло в течение 2 дней после поступления.",0.7227,transit,4
100000001053894100,4,False,1,0,2000000.0,0.0,7,0,0.0,True,0,7,0,0.0,0.0,3.8798761239758137e-256,0,0,,,1,2026-07-02,2026-07-28,2000000.0,0.5119191887828877,1080715.382075991,0.004270188179043276,0.3465677644594921,truncated,1.0,"Граница обхода, глубина 4: исходящие не выгружены. Получил 2 000 000 KZT от 1; P(переводит дальше)=35%.",0.7227,peripheral,37
100000008175078100,4,False,1,0,1846711.0,0.0,15,0,0.0,True,0,7,0,0.0,0.0,2.3749511394193016e-243,0,0,,,1,2026-07-02,2026-07-15,1846711.0,0.5119191887828877,997884.4919744676,0.003942901741154482,0.3171638193713509,truncated,1.0,"Граница обхода, глубина 4: исходящие не выгружены. Получил 1 846 711 KZT от 1; P(переводит дальше)=32%.",0.721,peripheral,34
100000004035925100,4,False,1,0,1111588.0,0.0,2,0,0.0,True,0,7,0,0.0,0.0,0.0,0,0,,,1,2026-07-03,2026-07-17,1111588.0,0.9731320095369206,1107330.1047276235,0.004375349885761277,0.31876279301004673,truncated,1.0,"Граница обхода, глубина 4: исходящие не выгружены. Получил 1 111 588 KZT от 1; P(переводит дальше)=32%.",0.7196,peripheral,63
100000002939838100,1,False,3,0,571233.0,0.0,3,0,0.0,False,1,10,0,0.0,0.0,0.00046898865159777903,0,0,,,1,2026-07-16,2026-07-31,571233.0,0.9190606021694095,535397.0797013828,0.0021154934210738273,,terminal,0.83,Признаки оседания: получил 571 233 KZT от 3 плательщиков; исходящих ≥5 000 KZT в наблюдаемой выборке 0.,0.7184,terminal,7
100000001904863100,2,False,1,0,500000.0,0.0,1,0,0.0,False,0,11,0,0.0,0.0,4.3439113769937544e-09,0,0,,,1,2026-07-30,2026-07-30,500000.0,1.0,500000.0,0.0019756303324009687,,terminal,0.688,Признаки оседания: получил 500 000 KZT от 1 плательщиков; исходящих ≥5 000 KZT в наблюдаемой выборке 0.,0.7179,terminal,14
100000002671326100,4,False,1,0,1050000.0,0.0,2,0,0.0,True,0,7,0,0.0,0.0,0.0,0,0,,,1,2026-07-13,2026-07-14,1050000.0,0.975322438995698,1024088.5609454829,0.0040464408481375004,0.31194349246839215,truncated,1.0,"Граница обхода, глубина 4: исходящие не выгружены. Получил 1 050 000 KZT от 1; P(переводит дальше)=31%.",0.7178,peripheral,5
100000003718221100,2,False,2,4,350000.0,423500.0,6,8,1.21,False,0,7,0,3.923307657464331e-05,0.00017159714116661846,3.223857173614848e-06,4,0,0.8028335301062574,1.0,1,2026-07-02,2026-07-26,773500.0,0.41131848802325083,161204.41471862933,0.0005635081813197622,,transit,0.878,"Признаки транзита: получил 350 000 KZT, передано 121%. 80% ушло в течение 2 дней после поступления.",0.7165,transit,21
100000002531406100,3,False,1,1,520000.0,500000.0,1,1,0.9615384615384616,False,0,1,0,7.925874055483496e-07,0.0,7.936044019065454e-05,0,0,0.0,,1,2026-07-09,2026-07-09,1020000.0,0.8946973593964336,494142.3515851242,0.003720076478173706,,transit,0.688,"Признаки транзита: получил 520 000 KZT, передано 96%. 0% ушло в течение 2 дней после поступления.",0.7154,transit,6
100000002622822100,4,False,1,0,750000.0,0.0,1,0,0.0,True,0,9,0,0.0,0.0,0.0,0,0,,,1,2026-07-31,2026-07-31,750000.0,0.3818853367616686,365855.0741644179,0.0014455887635640696,0.34782732532081756,truncated,1.0,"Граница обхода, глубина 4: исходящие не выгружены. Получил 750 000 KZT от 1; P(переводит дальше)=35%.",0.7152,peripheral,19
100000005171642100,3,False,2,1,696800.0,683600.0,5,4,0.9810562571756601,False,0,1,0,3.962937027741748e-07,1.2626060455070011e-05,8.085030393836755e-298,2,0,0.96255119953189,2.0,1,2026-07-04,2026-07-22,1380400.0,0.7192372854364152,518405.5978183545,0.003859132722956625,,transit,0.983,"Признаки транзита: получил 696 800 KZT, передано 98%. 96% ушло в течение 2 дней после поступления.",0.7152,transit,26
100000003163886100,3,False,1,0,500000.0,0.0,1,0,0.0,False,0,10,0,0.0,0.0,3.283226523281586e-08,0,0,,,1,2026-07-17,2026-07-17,500000.0,1.0,500000.0,0.0019756303324009687,,terminal,0.688,Признаки оседания: получил 500 000 KZT от 1 плательщиков; исходящих ≥5 000 KZT в наблюдаемой выборке 0.,0.7147,terminal,54
100000005778283100,1,False,3,0,615760.0,0.0,3,0,0.0,False,2,9,0,0.0,0.0,0.00011357614763293261,0,0,,,1,2026-07-08,2026-07-15,615760.0,0.8380294153382694,539184.7284512925,0.0021304594085914635,,terminal,0.841,Признаки оседания: получил 615 760 KZT от 3 плательщиков; исходящих ≥5 000 KZT в наблюдаемой выборке 0.,0.7143,terminal,4
100000004386258100,2,False,3,3,61700.0,40000.0,3,3,0.6482982171799028,False,0,9,0,0.00012047328564334914,1.57847465707e-313,2.707127027588863e-289,2,0,0.75,0.0,2,2026-07-05,2026-07-30,101700.0,0.8191928862640421,53197.681573830065,0.0011122837954963478,,transit,0.819,"Признаки транзита: получил 61 700 KZT, передано 65%. 75% ушло в течение 2 дней после поступления.",0.7141,transit,10
100000001584286100,2,False,2,0,738699.0,0.0,3,0,0.0,False,0,8,0,0.0,0.0,7.670823972629358e-07,0,0,,,1,2026-07-16,2026-07-17,738699.0,0.8868397604733372,660434.5118577197,0.0026095489083810706,,terminal,0.81,Признаки оседания: получил 738 699 KZT от 2 плательщиков; исходящих ≥5 000 KZT в наблюдаемой выборке 0.,0.7138,terminal,12
100000002565277100,1,False,1,0,483319.0,0.0,1,0,0.0,False,1,10,0,0.0,0.0,0.0004611679456476809,0,0,,,1,2026-07-27,2026-07-27,483319.0,1.0,483319.0,0.0019097193532514073,,terminal,0.683,Признаки оседания: получил 483 319 KZT от 1 плательщиков; исходящих ≥5 000 KZT в наблюдаемой выборке 0.,0.7119,terminal,3
100000005665181100,2,False,4,11,45498.0,181915.0,5,11,3.998307617917271,False,0,7,0,0.0002683210247526526,0.005738503240948388,0.00013215553688176565,1,0,0.07695901932221093,5.0,2,2026-07-18,2026-07-31,227413.0,0.5916990426279377,27388.704118040652,0.0009420087757628633,,consolidator,0.5,"Признаки сбора: 4 плательщиков, получил 45 498 KZT; передано 400% (возможны поступления вне выборки), максимум 2 плательщиков в день.",0.7114,consolidator,8
100000007229557100,3,False,3,0,878000.0,0.0,3,0,0.0,False,0,9,0,0.0,0.0,4.866928063855119e-06,0,0,,,3,2026-07-28,2026-07-28,878000.0,0.4722542970392428,477344.34755676065,0.0018861119440664914,,terminal,0.907,Признаки оседания: получил 878 000 KZT от 3 плательщиков; исходящих ≥5 000 KZT в наблюдаемой выборке 0.,0.7112,terminal,19
100000003220685100,4,False,1,0,1306000.0,0.0,2,0,0.0,True,0,7,0,0.0,0.0,0.0,0,0,,,1,2026-07-15,2026-07-15,1306000.0,0.5119191887828877,705707.1444956221,0.0027884328809151863,0.31528513882177545,truncated,1.0,"Граница обхода, глубина 4: исходящие не выгружены. Получил 1 306 000 KZT от 1; P(переводит дальше)=32%.",0.7108,peripheral,8
100000008603629100,2,False,19,61,1817300.0,4986156.0,45,74,2.7437165025037142,False,0,7,0,0.005760528742267877,0.08609235509830432,0.002457394604701579,73,0,0.9888378943619093,0.0,4,2026-07-03,2026-07-30,6803456.0,0.5295459510207021,1050129.340889956,-0.007223470280820996,,coordinator,1.0,"Признаки узла управления: получает от 19, переводит 61 получателям; посредничество в топ-1%, достижим от 7 seed.",0.7086,coordinator,6
100000008561016100,3,False,1,1,180000.0,185000.0,2,4,1.0277777777777777,False,0,9,0,2.2390594206740877e-05,0.0,3.220733583683774e-06,0,0,1.0,0.0,1,2026-07-25,2026-07-26,365000.0,0.40751427377564153,83821.60743151885,0.0006290871175629193,,transit,0.992,"Признаки транзита: получил 180 000 KZT, передано 103%. 100% ушло в течение 2 дней после поступления.",0.708,transit,5
100000004662806100,1,False,2,2,106585.0,59900.0,2,3,0.5619927757189098,False,1,8,0,3.883678287186913e-05,0.0,0.0006529156907911227,0,0,1.0,2.0,1,2026-07-05,2026-07-12,166485.0,0.9546378705773657,103043.15906562233,0.0006330945629147545,,transit,0.869,"Признаки транзита: получил 106 585 KZT, передано 56%. 100% ушло в течение 2 дней после поступления.",0.7076,transit,10
100000002884708100,4,False,1,0,1171644.0,0.0,2,0,0.0,True,0,8,0,0.0,0.0,0.0,0,0,,,1,2026-07-30,2026-07-31,1171644.0,0.22903501784616445,337951.645612946,0.0013353350439154357,0.35036949413018514,truncated,1.0,"Граница обхода, глубина 4: исходящие не выгружены. Получил 1 171 644 KZT от 1; P(переводит дальше)=35%.",0.7076,peripheral,5
100000004677680100,1,False,2,1,63000.0,168000.0,2,3,2.6666666666666665,False,1,8,0,4.1214545088514184e-05,0.0,0.00012378934009122278,1,0,0.9107142857142857,1.0,1,2026-07-03,2026-07-12,231000.0,0.9933361099541858,62880.04997917534,0.000928253326449896,,transit,0.673,"Признаки транзита: получил 63 000 KZT, передано 267% (возможны поступления вне выборки). 91% ушло в течение 2 дней после поступления.",0.7071,transit,11
100000002849158100,3,False,3,1,723000.0,1313000.0,3,3,1.8160442600276625,False,0,9,0,2.2786887909515052e-05,0.0,7.907221763538625e-06,0,0,0.5506473724295506,0.0,3,2026-07-31,2026-07-31,2036000.0,0.36681921304084,309696.87657674256,0.003126753090544663,,peripheral,0.8,"Признаков роли нет: вход 723 000 KZT от 3, выход 1 313 000 KZT к 1; передано 182% (возможны поступления вне выборки).",0.7062,peripheral,5
100000002480800100,1,False,2,0,569251.0,0.0,2,0,0.0,False,1,10,0,0.0,0.0,0.00046485514443924406,0,0,,,2,2026-07-21,2026-07-21,569251.0,0.7293857706057921,425003.6280940036,0.001679300118085885,,terminal,0.767,Признаки оседания: получил 569 251 KZT от 2 плательщиков; исходящих ≥5 000 KZT в наблюдаемой выборке 0.,0.7061,terminal,3
100000002793881100,3,False,3,0,785600.0,0.0,3,0,0.0,False,0,9,0,0.0,0.0,5.277513591195042e-06,0,0,,,3,2026-07-31,2026-07-31,785600.0,0.49680575716732706,440431.6254474783,0.001740260157165415,,terminal,0.884,Признаки оседания: получил 785 600 KZT от 3 плательщиков; исходящих ≥5 000 KZT в наблюдаемой выборке 0.,0.7061,terminal,5
100000003249054100,2,False,7,1,99700.0,15000.0,11,1,0.15045135406218657,False,0,7,0,3.962937027741748e-05,0.0,0.0003818540902200089,0,0,0.0,4.0,2,2026-07-11,2026-07-31,114700.0,0.7108334589365267,75026.81717542933,0.00048795108372351784,,consolidator,1.0,"Признаки сбора: 7 плательщиков, получил 99 700 KZT; передано 15%, максимум 2 плательщиков в день.",0.7059,consolidator,3
100000004820260100,2,False,1,3,234200.0,215350.0,12,10,0.9195132365499573,False,0,7,0,1.9616538287321655e-05,0.00014648891361967897,2.3977746051981916e-06,2,0,1.0,0.0,1,2026-07-16,2026-07-31,449550.0,0.5508896124804423,143775.98579575526,0.0009220290387910714,,transit,0.976,"Признаки транзита: получил 234 200 KZT, передано 92%. 100% ушло в течение 2 дней после поступления.",0.7058,transit,15
100000000910216100,2,False,1,1,71000.0,52010.0,3,1,0.7325352112676057,False,0,7,0,0.0004801618458481234,1.6371250757998062e-06,0.00015948067689100677,0,0,0.0,6.0,1,2026-07-07,2026-07-13,123010.0,0.6356002265993879,47096.15204643785,0.002476706621090752,,transit,0.62,"Признаки транзита: получил 71 000 KZT, передано 73%. 0% ушло в течение 2 дней после поступления.",0.7049,transit,3
100000002559089100,3,False,2,0,715000.0,0.0,2,0,0.0,False,0,9,0,0.0,0.0,2.8039190481513347e-06,0,0,,,2,2026-07-29,2026-07-29,715000.0,0.5201919963582301,423206.3204369516,0.0016721984870379846,,terminal,0.804,Признаки оседания: получил 715 000 KZT от 2 плательщиков; исходящих ≥5 000 KZT в наблюдаемой выборке 0.,0.7025,terminal,12
100000004666651100,2,False,1,0,429250.0,0.0,1,0,0.0,False,0,10,0,0.0,0.0,0.0,0,0,,,1,2026-07-28,2026-07-28,429250.0,1.0,429250.0,0.0016960786403662313,,terminal,0.67,Признаки оседания: получил 429 250 KZT от 1 плательщиков; исходящих ≥5 000 KZT в наблюдаемой выборке 0.,0.7023,terminal,65
100000001253557100,1,False,5,0,210200.0,0.0,5,0,0.0,False,1,10,0,0.0,0.0,4.141702082892394e-05,0,0,,,1,2026-07-10,2026-07-28,210200.0,0.4348071014142823,95580.25861646788,0.000377662516202883,,consolidator,0.775,"Признаки сбора: 5 плательщиков, получил 210 200 KZT; передано 0%, максимум 1 плательщиков в день.",0.7021,consolidator,5
100000002594214100,4,False,1,0,1000000.0,0.0,1,0,0.0,True,0,7,0,0.0,0.0,3.8798761239758137e-256,0,0,,,1,2026-07-17,2026-07-17,1000000.0,0.5119191887828877,540357.6910379955,0.002135094089521579,0.31818692858853237,truncated,1.0,"Граница обхода, глубина 4: исходящие не выгружены. Получил 1 000 000 KZT от 1; P(переводит дальше)=32%.",0.7009,peripheral,37
100000006972210100,1,False,3,0,488775.0,0.0,4,0,0.0,False,3,8,0,0.0,0.0,0.00018644330290532843,0,0,,,1,2026-07-15,2026-07-27,488775.0,1.0,488775.0,0.0019312774314385666,,terminal,0.81,Признаки оседания: получил 488 775 KZT от 3 плательщиков; исходящих ≥5 000 KZT в наблюдаемой выборке 0.,0.7004,terminal,4
100000002957306100,1,False,2,0,398490.0,0.0,2,0,0.0,False,2,11,0,0.0,0.0,0.000583967546730587,0,0,,,1,2026-07-19,2026-07-24,398490.0,1.0,398490.0,0.0015745378623169238,,terminal,0.725,Признаки оседания: получил 398 490 KZT от 2 плательщиков; исходящих ≥5 000 KZT в наблюдаемой выборке 0.,0.7004,terminal,11
100000001471706100,4,False,1,0,377000.0,0.0,8,0,0.0,True,0,8,0,0.0,0.0,0.0,0,0,,,1,2026-07-07,2026-07-23,377000.0,0.998252676381913,376341.2589959812,0.0014870224132128539,0.3260138368095802,truncated,1.0,"Граница обхода, глубина 4: исходящие не выгружены. Получил 377 000 KZT от 1; P(переводит дальше)=33%.",0.7001,peripheral,18
100000002603769100,1,False,3,0,1185368.0,0.0,3,0,0.0,False,1,7,0,0.0,0.0,0.0033208800765083656,0,0,,,1,2026-07-08,2026-07-14,1185368.0,0.943907928215245,1138595.8580556298,0.004498889027041587,,terminal,0.938,Признаки оседания: получил 1 185 368 KZT от 3 плательщиков; исходящих ≥5 000 KZT в наблюдаемой выборке 0.,0.7,terminal,1
100000001714173100,3,False,1,0,638905.0,0.0,6,0,0.0,False,0,9,0,0.0,0.0,1.584727655852726e-08,0,0,,,1,2026-07-11,2026-07-13,638905.0,0.622417532884873,403252.07101358863,0.0015933540461959535,,terminal,0.722,Признаки оседания: получил 638 905 KZT от 1 плательщиков; исходящих ≥5 000 KZT в наблюдаемой выборке 0.,0.6996,terminal,19
100000002988894100,1,False,1,3,306121.0,77500.0,1,3,0.25316786499456095,False,1,10,0,7.133286649935147e-05,1.57847465707e-313,0.0004611679456476809,0,0,0.3741935483870968,0.0,1,2026-07-23,2026-07-23,383621.0,1.0,306121.0,0.0015157865674919838,,peripheral,0.8,"Признаков роли нет: вход 306 121 KZT от 1, выход 77 500 KZT к 3; передано 25%.",0.699,peripheral,3
100000002188829100,1,False,1,0,400000.0,0.0,1,0,0.0,False,1,10,0,0.0,0.0,0.0004611679456476809,0,0,,,1,2026-07-26,2026-07-26,400000.0,1.0,400000.0,0.0015805042659207747,,terminal,0.662,Признаки оседания: получил 400 000 KZT от 1 плательщиков; исходящих ≥5 000 KZT в наблюдаемой выборке 0.,0.6977,terminal,3
100000000673868100,3,False,1,5,2030650.0,383000.0,5,19,0.18860955851574618,False,0,7,0,4.1016398237127094e-05,0.002415012471039165,3.627390818810257e-07,2,0,0.762402088772846,0.0,1,2026-07-03,2026-07-13,2413650.0,0.33121271691810683,890846.6842195475,0.002892431077335228,,peripheral,0.8,"Признаков роли нет: вход 2 030 650 KZT от 1, выход 383 000 KZT к 5; передано 19%.",0.6967,peripheral,29
100000004905207100,2,False,1,0,380000.0,0.0,1,0,0.0,False,0,11,0,0.0,0.0,4.3439113769937544e-09,0,0,,,1,2026-07-25,2026-07-25,380000.0,1.0,380000.0,0.001501479052624736,,terminal,0.658,Признаки оседания: получил 380 000 KZT от 1 плательщиков; исходящих ≥5 000 KZT в наблюдаемой выборке 0.,0.6965,terminal,14
100000008213966100,2,False,3,1,187004.0,436900.0,7,8,2.336313661739856,False,0,7,0,4.319601360238506e-05,0.0,1.2329059644851427e-256,1,0,0.8498512245365072,0.0,1,2026-07-03,2026-07-30,623904.0,0.3579691251570533,67256.4459435613,0.000921919298516604,,transit,0.655,"Признаки транзита: получил 187 004 KZT, передано 234% (возможны поступления вне выборки). 85% ушло в течение 2 дней после поступления.",0.6961,transit,27
100000008731444100,2,False,3,9,439000.0,879767.8,5,9,2.0040268792710707,False,0,7,0,0.0001241168559002798,0.008642133217145713,0.0002137844118940759,0,0,0.6956014984863051,0.0,1,2026-07-22,2026-07-30,1318767.8,0.6659222113524316,305856.9976586631,0.003558203545022802,,peripheral,0.8,"Признаков роли нет: вход 439 000 KZT от 3, выход 879 768 KZT к 9; передано 200% (возможны поступления вне выборки).",0.696,peripheral,1
100000008418835100,0,True,1,4,1372000.0,186179.0,67,6,0.13569897959183674,False,1,1,1,0.0003166386685165656,0.0001284788729675816,0.0,0,0,0.8549782735969148,0.0,1,2026-07-01,2026-07-28,1558179.0,1.0,1372000.0,0.006202775585537783,,peripheral,0.8,"Признаков роли нет: вход 1 372 000 KZT от 1, выход 186 179 KZT к 4; передано 14%.",0.6941,peripheral,59
100000002748532100,2,False,3,2,355575.0,646685.0,3,7,1.8187021022287844,False,0,9,0,3.110905566777272e-05,8.503611229211759e-07,2.527098166395474e-05,0,0,0.0,4.0,1,2026-07-07,2026-07-31,1002260.0,0.6311612383900402,239146.21687175398,0.0025576854924862953,,peripheral,0.8,"Признаков роли нет: вход 355 575 KZT от 3, выход 646 685 KZT к 2; передано 182% (возможны поступления вне выборки).",0.6928,peripheral,19
100000006755850100,2,False,1,0,443475.80000000005,0.0,3,0,0.0,False,0,11,0,0.0,0.0,0.0,0,0,,,1,2026-07-21,2026-07-22,443475.80000000005,0.7233749114154315,327241.9205319149,0.001293018128471933,,terminal,0.673,Признаки оседания: получил 443 476 KZT от 1 плательщиков; исходящих ≥5 000 KZT в наблюдаемой выборке 0.,0.6919,terminal,8
100000004394765100,1,False,3,2,603844.0,82500.0,10,2,0.13662469114539516,False,1,7,2,6.516389452616682e-05,3.741922476489724e-09,0.0003834877833045727,0,0,0.4303030303030303,1.0,2,2026-07-11,2026-07-27,686344.0,0.9981425761332453,603200.3676183186,0.0027087754092266847,,peripheral,0.8,"Признаков роли нет: вход 603 844 KZT от 3, выход 82 500 KZT к 2; передано 14%.",0.6917,peripheral,7
100000001567366100,1,False,1,0,824070.0,0.0,4,0,0.0,False,1,7,0,0.0,0.0,0.0002952416008836587,0,0,,,1,2026-07-10,2026-07-21,824070.0,1.0,824070.0,0.0032561153760433323,,terminal,0.769,Признаки оседания: получил 824 070 KZT от 1 плательщиков; исходящих ≥5 000 KZT в наблюдаемой выборке 0.,0.6916,terminal,7
100000002956769100,3,False,3,0,840000.0,0.0,3,0,0.0,False,0,9,0,0.0,0.0,3.2631504932165773e-06,0,0,,,3,2026-07-31,2026-07-31,840000.0,0.3299481977894993,325849.3755791137,0.0012875158203759268,,terminal,0.898,Признаки оседания: получил 840 000 KZT от 3 плательщиков; исходящих ≥5 000 KZT в наблюдаемой выборке 0.,0.6905,terminal,12
100000008692291100,3,False,3,3,160000.0,156000.0,3,3,0.975,False,0,8,0,6.419957984941633e-05,1.57847465707e-313,7.503270161294507e-06,0,0,0.1346153846153846,2.0,2,2026-07-18,2026-07-30,316000.0,0.3431088127323135,61268.536208269456,0.0004535790845669349,,transit,0.733,"Признаки транзита: получил 160 000 KZT, передано 98%. 13% ушло в течение 2 дней после поступления.",0.6899,transit,5
100000003964910100,3,False,2,0,1000000.0,0.0,2,0,0.0,False,0,7,0,0.0,0.0,0.00025203680321420047,0,0,,,2,2026-07-02,2026-07-02,1000000.0,0.6760144500289287,726564.1831212032,0.0028708444772207664,,terminal,0.875,Признаки оседания: получил 1 000 000 KZT от 2 плательщиков; исходящих ≥5 000 KZT в наблюдаемой выборке 0.,0.6895,terminal,16
100000003718715100,4,False,1,0,915000.0,0.0,3,0,0.0,True,0,7,0,0.0,0.0,0.0,0,0,,,1,2026-07-18,2026-07-30,915000.0,0.3711571041630626,435794.0780029109,0.0017219359983664854,0.3466792679566077,truncated,1.0,"Граница обхода, глубина 4: исходящие не выгружены. Получил 915 000 KZT от 1; P(переводит дальше)=35%.",0.6889,peripheral,13
100000008490127100,3,False,1,6,431755.0,923000.0,2,9,2.137786476126507,False,0,7,0,0.00011532146750728487,9.908246009166667e-256,0.0029401739563140994,0,0,0.0,,1,2026-07-20,2026-07-20,1354755.0,0.5403576910379955,267333.22558481933,0.0030269951032764037,,peripheral,0.8,"Признаков роли нет: вход 431 755 KZT от 1, выход 923 000 KZT к 6; передано 214% (возможны поступления вне выборки).",0.6888,peripheral,8
100000007138613100,3,False,3,2,1002000.0,179000.0,3,2,0.17864271457085829,False,0,7,0,3.883678287186913e-05,0.0,0.006007009741788715,0,0,0.0,,1,2026-07-28,2026-07-30,1181000.0,0.6021814755853964,686108.3485655237,0.003136901229461134,,peripheral,0.8,"Признаков роли нет: вход 1 002 000 KZT от 3, выход 179 000 KZT к 2; передано 18%.",0.6887,peripheral,1
100000002241986100,3,False,1,6,280000.0,3077000.0,1,12,10.989285714285714,False,0,7,0,0.00011532146750728487,9.908246009166667e-256,0.0029401739563140994,0,0,0.0,,1,2026-07-31,2026-07-31,3357000.0,0.5403576910379955,173369.85828478978,0.007254714014961033,,peripheral,0.8,"Признаков роли нет: вход 280 000 KZT от 1, выход 3 077 000 KZT к 6; передано 1099% (возможны поступления вне выборки).",0.6886,peripheral,37
100000003131693100,1,False,1,0,353277.0,0.0,1,0,0.0,False,1,10,0,0.0,0.0,0.0004611679456476809,0,0,,,1,2026-07-24,2026-07-24,353277.0,1.0,353277.0,0.0013958895138792339,,terminal,0.651,Признаки оседания: получил 353 277 KZT от 1 плательщиков; исходящих ≥5 000 KZT в наблюдаемой выборке 0.,0.6885,terminal,3
100000005287097100,1,False,2,9,127173.0,697300.0,5,42,5.483082100760382,False,1,7,2,0.0007832208178364951,0.0001397109664036646,0.0003309179489902753,6,0,0.24422773555141258,2.0,1,2026-07-11,2026-07-31,824473.0,0.9973558399864026,127057.49233746852,0.018310660882461468,,peripheral,0.8,"Признаков роли нет: вход 127 173 KZT от 2, выход 697 300 KZT к 9; передано 548% (возможны поступления вне выборки).",0.6884,peripheral,7
100000001690558100,3,False,1,0,740000.0,0.0,1,0,0.0,False,0,7,0,0.0,0.0,8.448073037865009e-05,0,0,,,1,2026-07-19,2026-07-19,740000.0,1.0,740000.0,0.002923932891953433,,terminal,0.748,Признаки оседания: получил 740 000 KZT от 1 плательщиков; исходящих ≥5 000 KZT в наблюдаемой выборке 0.,0.6874,terminal,17
100000000089154100,1,False,1,15,10000.0,425500.0,1,21,42.55,False,1,7,2,0.00010895478461069696,0.0028494327783688002,0.0021516815362503513,5,0,0.27379553466509987,3.0,1,2026-07-16,2026-07-16,435500.0,1.0,10000.0,0.016328312788413745,,distributor,0.75,"Признаки раздачи: 15 получателей против 1 плательщиков, отправил 425 500 KZT в 21 переводах.",0.6863,distributor,1
100000007777377100,2,False,1,2,456290.0,10000.0,7,2,0.021915886826360427,False,0,7,0,0.00013592874005154197,8.051411165410651e-255,4.0407558618990766e-06,0,0,1.0,0.0,1,2026-07-04,2026-07-20,466290.0,0.9068077100485716,417417.92308490776,0.002149721057002267,,peripheral,0.8,"Признаков роли нет: вход 456 290 KZT от 1, выход 10 000 KZT к 2; передано 2%.",0.6863,peripheral,7
100000008555233100,3,False,1,0,440600.0,0.0,1,0,0.0,False,0,9,0,0.0,0.0,8.364541908749024e-08,0,0,,,1,2026-07-31,2026-07-31,440600.0,0.722968476462712,352459.7405014227,0.0013926603085696128,,terminal,0.673,Признаки оседания: получил 440 600 KZT от 1 плательщиков; исходящих ≥5 000 KZT в наблюдаемой выборке 0.,0.6863,terminal,19
100000007390016100,3,False,1,1,511000.0,346500.0,13,14,0.678082191780822,False,0,7,0,0.0,0.0013224127989085782,0.0,1,0,0.7157287157287158,0.0,1,2026-07-03,2026-07-17,857500.0,0.2904346093760658,166136.30662908193,0.0010540853101155309,,transit,0.818,"Признаки транзита: получил 511 000 KZT, передано 68%. 72% ушло в течение 2 дней после поступления.",0.686,transit,70
100000002459832100,3,False,2,0,880606.0,0.0,2,0,0.0,False,0,7,0,0.0,0.0,0.00020964081242312105,0,0,,,1,2026-07-09,2026-07-23,880606.0,0.7079164431263076,676107.8490307889,0.002671478349039218,,terminal,0.845,Признаки оседания: получил 880 606 KZT от 2 плательщиков; исходящих ≥5 000 KZT в наблюдаемой выборке 0.,0.6856,terminal,6
100000001875239100,3,False,3,0,712000.0,0.0,3,0,0.0,False,0,9,0,0.0,0.0,5.4482049621048125e-06,0,0,,,3,2026-07-22,2026-07-22,712000.0,0.3570749384698223,294554.80615839333,0.0011638628192020201,,terminal,0.865,Признаки оседания: получил 712 000 KZT от 3 плательщиков; исходящих ≥5 000 KZT в наблюдаемой выборке 0.,0.6843,terminal,5
100000001875167100,3,False,1,0,1000000.0,0.0,2,0,0.0,False,0,7,0,0.0,0.0,0.0029401739563140994,0,0,,,1,2026-07-27,2026-07-27,1000000.0,0.5403576910379955,619178.0653028206,0.0024465339339391936,,terminal,0.812,Признаки оседания: получил 1 000 000 KZT от 1 плательщиков; исходящих ≥5 000 KZT в наблюдаемой выборке 0.,0.6843,terminal,8
100000005042822100,4,False,1,0,1000000.0,0.0,1,0,0.0,True,0,7,0,0.0,0.0,0.0,0,0,,,1,2026-07-20,2026-07-20,1000000.0,0.3945918425991107,395829.3148366981,0.0015640248016896788,0.32476466889877803,truncated,1.0,"Граница обхода, глубина 4: исходящие не выгружены. Получил 1 000 000 KZT от 1; P(переводит дальше)=32%.",0.6841,peripheral,30
100000002936322100,3,False,2,0,787133.0,0.0,2,0,0.0,False,0,7,0,0.0,0.0,0.0016837721707398993,0,0,,,1,2026-07-03,2026-07-31,787133.0,0.7870561397808167,669245.4695360776,0.0026443632988747607,,terminal,0.822,Признаки оседания: получил 787 133 KZT от 2 плательщиков; исходящих ≥5 000 KZT в наблюдаемой выборке 0.,0.6841,terminal,6
100000003171587100,3,False,2,2,700000.0,431300.0,2,7,0.6161428571428571,False,0,7,0,3.883678287186913e-05,0.0,0.003019534396504754,0,0,0.0,14.0,2,2026-07-01,2026-07-01,1131300.0,0.6415975962832635,499643.78326107346,0.0030676198006356,,peripheral,0.8,"Признаков роли нет: вход 700 000 KZT от 2, выход 431 300 KZT к 2; передано 62%.",0.684,peripheral,8
100000006579678100,1,False,2,6,192930.0,1668800.0,2,15,8.649769346395066,False,1,7,1,0.0004489435551961264,1.0087891188080473e-05,0.0002976021605979045,2,0,0.12080536912751678,4.0,1,2026-07-09,2026-07-10,1861730.0,0.6346021572554058,138120.32358831086,0.004364900394542793,,peripheral,0.8,"Признаков роли нет: вход 192 930 KZT от 2, выход 1 668 800 KZT к 6; передано 865% (возможны поступления вне выборки).",0.6839,peripheral,7
100000008619159100,4,False,1,0,446400.0,0.0,2,0,0.0,True,0,7,0,0.0,0.0,0.0,0,0,,,1,2026-07-02,2026-07-02,446400.0,0.9731320095369207,444690.0818922219,0.0017570864286082894,0.2822912677163743,truncated,1.0,"Граница обхода, глубина 4: исходящие не выгружены. Получил 446 400 KZT от 1; P(переводит дальше)=28%.",0.6821,peripheral,63
100000003809101100,1,False,2,2,166050.0,55200.0,3,4,0.3324299909665763,False,1,8,0,0.00013333962119341738,0.0,0.00012382997081568066,1,0,0.18478260869565216,0.0,1,2026-07-12,2026-07-20,221250.0,0.9997895424729796,166045.7908494596,0.002742338055420352,,peripheral,0.8,"Признаков роли нет: вход 166 050 KZT от 2, выход 55 200 KZT к 2; передано 33%.",0.6813,peripheral,11
100000004226848100,1,False,1,0,301866.0,0.0,1,0,0.0,False,1,10,0,0.0,0.0,0.0004611679456476809,0,0,,,1,2026-07-28,2026-07-28,301866.0,1.0,301866.0,0.0011927512518411015,,terminal,0.638,Признаки оседания: получил 301 866 KZT от 1 плательщиков; исходящих ≥5 000 KZT в наблюдаемой выборке 0.,0.68,terminal,3
100000008427027100,3,False,1,0,300000.0,0.0,1,0,0.0,False,0,10,0,0.0,0.0,3.7169168398568523e-06,0,0,,,1,2026-07-03,2026-07-03,300000.0,0.9966569688108662,299850.04009409,0.0011847856687630125,,terminal,0.638,Признаки оседания: получил 300 000 KZT от 1 плательщиков; исходящих ≥5 000 KZT в наблюдаемой выборке 0.,0.6791,terminal,3
100000003071930100,1,False,3,1,477610.0,5000.0,4,1,0.010468792529469651,False,1,8,0,4.279971989961088e-05,0.0,0.00014631329867862306,0,0,1.0,1.0,1,2026-07-22,2026-07-29,482610.0,0.6390969290623062,319684.17767175986,0.0013444558810104075,,peripheral,0.8,"Признаков роли нет: вход 477 610 KZT от 3, выход 5 000 KZT к 1; передано 1%.",0.679,peripheral,4
100000001330685100,1,False,3,1,2435923.0,100500.0,7,1,0.04125746175063826,False,1,7,0,1.922024458454748e-05,0.0,0.0062297628777197725,0,0,0.0,,2,2026-07-10,2026-07-29,2536423.0,0.5860110124514389,1607447.0978684148,0.0065841484559527545,,peripheral,0.8,"Признаков роли нет: вход 2 435 923 KZT от 3, выход 100 500 KZT к 1; передано 4%.",0.6789,peripheral,8
100000002799941100,3,False,1,0,600000.0,0.0,1,0,0.0,False,0,7,0,0.0,0.0,8.448073037865009e-05,0,0,,,1,2026-07-23,2026-07-23,600000.0,1.0,600000.0,0.002370756398881162,,terminal,0.712,Признаки оседания: получил 600 000 KZT от 1 плательщиков; исходящих ≥5 000 KZT в наблюдаемой выборке 0.,0.6788,terminal,17
100000008742053100,3,False,1,12,10000.0,2789000.0,1,12,278.9,False,0,8,0,0.00012107303358925224,1.1371414733383668e-05,1.966214550791006e-06,0,0,0.0,7.0,1,2026-07-23,2026-07-23,2799000.0,0.252348005014537,3155.113714646394,0.002793358345461509,,distributor,0.6,"Признаки раздачи: 12 получателей против 1 плательщиков, отправил 2 789 000 KZT в 12 переводах.",0.6788,distributor,12
100000005612411100,1,False,3,8,115500.0,506997.0,4,8,4.389584415584416,False,1,8,0,0.00015534713148747652,9.64348945274253e-232,0.00028074995071175417,0,0,0.5143955486916096,0.0,2,2026-07-24,2026-07-26,622497.0,0.922916127777634,107234.48426716162,0.0024501046865084684,,peripheral,0.8,"Признаков роли нет: вход 115 500 KZT от 3, выход 506 997 KZT к 8; передано 439% (возможны поступления вне выборки).",0.6786,peripheral,3
100000007865484100,4,False,1,0,584600.0,0.0,2,0,0.0,True,0,7,0,0.0,0.0,3.8798761239758137e-256,0,0,,,1,2026-07-01,2026-07-07,584600.0,0.6424778096295601,389310.2987509856,0.0015382664698569857,0.2939865922902973,truncated,1.0,"Граница обхода, глубина 4: исходящие не выгружены. Получил 584 600 KZT от 1; P(переводит дальше)=29%.",0.6782,peripheral,39
100000004737764100,3,False,1,0,600000.0,0.0,1,0,0.0,False,0,7,0,0.0,0.0,0.0,0,0,,,1,2026-07-30,2026-07-30,600000.0,0.871139068994177,559430.3166343688,0.0022104550048150273,,terminal,0.712,Признаки оседания: получил 600 000 KZT от 1 плательщиков; исходящих ≥5 000 KZT в наблюдаемой выборке 0.,0.6772,terminal,3
100000004586598100,4,False,1,0,761255.0,0.0,4,0,0.0,True,0,7,0,0.0,0.0,0.0,0,0,,,1,2026-07-05,2026-07-28,761255.0,0.3711571041630626,362568.76595639985,0.0014326037032093102,0.34110233779920096,truncated,1.0,"Граница обхода, глубина 4: исходящие не выгружены. Получил 761 255 KZT от 1; P(переводит дальше)=34%.",0.6771,peripheral,66
100000005432267100,1,False,2,0,350001.0,0.0,2,0,0.0,False,1,10,0,0.0,0.0,0.0005748251777547217,0,0,,,2,2026-07-22,2026-07-22,350001.0,0.7867377831127949,284643.2838513607,0.0011246998109819125,,terminal,0.713,Признаки оседания: получил 350 001 KZT от 2 плательщиков; исходящих ≥5 000 KZT в наблюдаемой выборке 0.,0.677,terminal,3
100000004451012100,3,False,1,3,91245.0,65740.0,1,3,0.7204778344018851,False,0,7,0,5.7660733753642434e-05,1.57847465707e-313,8.448073037865009e-05,0,0,0.0,,1,2026-07-26,2026-07-26,156985.0,1.0,91245.0,0.000620288655463932,,transit,0.616,"Признаки транзита: получил 91 245 KZT, передано 72%. 0% ушло в течение 2 дней после поступления.",0.6759,transit,17
100000000706545100,1,False,3,1,1070300.0,75800.0,8,3,0.07082126506586939,False,1,7,0,1.9616538287321655e-05,0.0,0.00032227299707843617,1,0,0.0,12.0,1,2026-07-10,2026-07-31,1146100.0,0.8747209039964912,966033.536853317,0.00407903408783656,,peripheral,0.8,"Признаков роли нет: вход 1 070 300 KZT от 3, выход 75 800 KZT к 1; передано 7%.",0.6758,peripheral,7
100000002945626100,3,False,3,0,584000.0,0.0,3,0,0.0,False,0,9,0,0.0,0.0,4.852794249925789e-06,0,0,,,2,2026-07-22,2026-07-29,584000.0,0.39326627752297566,264464.28021661105,0.0010449673076650262,,terminal,0.834,Признаки оседания: получил 584 000 KZT от 3 плательщиков; исходящих ≥5 000 KZT в наблюдаемой выборке 0.,0.6754,terminal,5
100000001141268100,3,False,2,1,480000.0,10000.0,2,1,0.020833333333333332,False,0,9,0,2.2390594206740877e-05,0.0,4.395581128345429e-07,0,0,1.0,1.0,2,2026-07-28,2026-07-28,490000.0,0.626185752371788,337246.39361285255,0.0013572906407508388,,peripheral,0.8,"Признаков роли нет: вход 480 000 KZT от 2, выход 10 000 KZT к 1; передано 2%.",0.6746,peripheral,19
100000008546855100,2,False,6,2,71790.0,10000.0,8,2,0.1392951664577239,False,0,7,0,5.8849614861964964e-05,0.0,0.00020714167762174503,2,0,1.0,0.5,5,2026-07-26,2026-07-27,81790.0,0.8284206871699487,60143.74716852384,0.00033100094275739377,,consolidator,0.9,"Признаки сбора: 6 плательщиков, получил 71 790 KZT; передано 14%, максимум 5 плательщиков в день.",0.6746,consolidator,17
100000001611488100,3,False,2,0,779300.0,0.0,3,0,0.0,False,0,7,0,0.0,0.0,0.0029640652395430903,0,0,,,1,2026-07-09,2026-07-28,779300.0,0.5352144446597302,483878.23203448683,0.001911929024791842,,terminal,0.82,Признаки оседания: получил 779 300 KZT от 2 плательщиков; исходящих ≥5 000 KZT в наблюдаемой выборке 0.,0.674,terminal,8
100000001660397100,1,False,2,3,48600.0,49000.0,2,4,1.008230452674897,False,1,7,1,0.0005032951333514932,0.0005350800884771783,0.003756093266799596,19,0,0.7551020408163265,0.5,1,2026-07-07,2026-07-12,97600.0,0.6635991975752854,34815.69636490657,0.0017235527099160525,,transit,0.924,"Признаки транзита: получил 48 600 KZT, передано 101%. 76% ушло в течение 2 дней после поступления.",0.6735,transit,1
100000000375150100,4,False,1,0,300000.0,0.0,1,0,0.0,True,0,10,0,0.0,0.0,0.0,0,0,,,1,2026-07-07,2026-07-07,300000.0,0.6642871275055359,204260.25239904269,0.0008070855006867922,0.2905257961148039,truncated,1.0,"Граница обхода, глубина 4: исходящие не выгружены. Получил 300 000 KZT от 1; P(переводит дальше)=29%.",0.6727,peripheral,13
100000003221384100,2,False,1,0,511200.0,0.0,1,0,0.0,False,0,7,0,0.0,0.0,3.5676348106616587e-05,0,0,,,1,2026-07-28,2026-07-28,511200.0,0.9795583123763397,507610.4852835203,0.00200570134354181,,terminal,0.69,Признаки оседания: получил 511 200 KZT от 1 плательщиков; исходящих ≥5 000 KZT в наблюдаемой выборке 0.,0.6725,terminal,15
100000002593344100,3,False,2,0,431000.0,0.0,2,0,0.0,False,0,9,0,0.0,0.0,3.024824285622901e-07,0,0,,,2,2026-07-29,2026-07-29,431000.0,0.559807648927159,268589.42182842793,0.0010612668174525266,,terminal,0.733,Признаки оседания: получил 431 000 KZT от 2 плательщиков; исходящих ≥5 000 KZT в наблюдаемой выборке 0.,0.672,terminal,5
100000001463701100,1,False,2,0,621000.0,0.0,2,0,0.0,False,1,8,0,0.0,0.0,0.00012378142678217807,0,0,,,2,2026-07-20,2026-07-20,621000.0,0.4478859608334778,281430.8027281894,0.001112006460683476,,terminal,0.78,Признаки оседания: получил 621 000 KZT от 2 плательщиков; исходящих ≥5 000 KZT в наблюдаемой выборке 0.,0.6716,terminal,11
100000005475379100,3,False,1,3,108370.0,81000.0,1,3,0.7474393282273692,False,0,8,0,6.538846095773885e-05,1.57847465707e-313,4.0375996552677394e-05,0,0,0.0,9.0,1,2026-07-22,2026-07-22,189370.0,0.4246537204668031,60785.60635001668,0.0003760910962461352,,transit,0.624,"Признаки транзита: получил 108 370 KZT, передано 75%. 0% ушло в течение 2 дней после поступления.",0.6714,transit,11
100000008192264100,3,False,1,1,162810.0,187910.0,1,2,1.1541674344327744,False,0,7,0,1.922024458454748e-05,0.0,0.0029401739563140994,0,0,0.8749933478793039,0.0,1,2026-07-20,2026-07-20,350720.0,0.5403576910379955,100808.38081195223,0.0007995257201466813,,transit,0.916,"Признаки транзита: получил 162 810 KZT, передано 115%. 87% ушло в течение 2 дней после поступления.",0.6712,transit,8
100000008775471100,3,False,1,0,580000.0,0.0,2,0,0.0,False,0,8,0,0.0,0.0,1.2902817864242934e-06,0,0,,,1,2026-07-30,2026-07-30,580000.0,0.4081229887960061,279922.53336487577,0.0011060468952764056,,terminal,0.708,Признаки оседания: получил 580 000 KZT от 1 плательщиков; исходящих ≥5 000 KZT в наблюдаемой выборке 0.,0.6703,terminal,19
100000003254723100,2,False,1,0,269850.0,0.0,6,0,0.0,False,0,10,0,0.0,0.0,3.4611015132410435e-10,0,0,,,1,2026-07-05,2026-07-27,269850.0,1.0,269850.0,0.0010662476903968026,,terminal,0.63,Признаки оседания: получил 269 850 KZT от 1 плательщиков; исходящих ≥5 000 KZT в наблюдаемой выборке 0.,0.67,terminal,3
100000007898453100,2,False,1,2,24750.0,320000.0,1,2,12.929292929292929,False,0,10,0,2.3975769017837576e-05,0.0001994488810788469,0.0,1,0,0.9375,4.5,1,2026-07-02,2026-07-02,344750.0,0.9995001336469667,24737.628307762425,0.0013608910711235946,,transit,0.681,"Признаки транзита: получил 24 750 KZT, передано 1293% (возможны поступления вне выборки). 94% ушло в течение 2 дней после поступления.",0.6697,transit,3
100000008346837100,2,False,9,25,254359.0,1258643.0,12,26,4.948293553599441,False,0,7,1,0.008981156281324022,0.013922566536891445,0.00020790593551937796,7,0,0.8516124111443832,0.0,4,2026-07-10,2026-07-21,1513002.0,0.7272223100449062,188377.75837160606,-0.00974078359238819,,coordinator,0.95,"Признаки узла управления: получает от 9, переводит 25 получателям; посредничество в топ-1%, достижим от 7 seed.",0.6694,coordinator,13
100000003178549100,3,False,2,4,250000.0,89080.0,2,4,0.35632,False,0,7,1,0.000272122020152055,0.0015225878263756562,0.0016231039178147932,2,0,0.0,,1,2026-07-15,2026-07-16,339080.0,0.6489091919649135,180250.3933409442,0.0029307362987619177,,peripheral,0.8,"Признаков роли нет: вход 250 000 KZT от 2, выход 89 080 KZT к 4; передано 36%.",0.669,peripheral,16
100000006225798100,3,False,3,2,722000.0,26300.0,4,2,0.03642659279778394,False,0,7,0,3.844048916909496e-05,0.0,0.006079300105072011,0,0,0.0,,1,2026-07-09,2026-07-23,748300.0,0.6145215188511863,480726.2464771123,0.0019633346509873024,,peripheral,0.8,"Признаков роли нет: вход 722 000 KZT от 3, выход 26 300 KZT к 2; передано 4%.",0.668,peripheral,16
100000000733940100,4,False,1,0,752000.0,0.0,2,0,0.0,True,0,7,0,0.0,0.0,0.0,0,0,,,1,2026-07-20,2026-07-28,752000.0,0.3945918425991106,297663.644757197,0.001176146650870628,0.3410333930379751,truncated,1.0,"Граница обхода, глубина 4: исходящие не выгружены. Получил 752 000 KZT от 1; P(переводит дальше)=34%.",0.6674,peripheral,30
100000001411870100,1,False,2,0,900000.0,0.0,4,0,0.0,False,1,2,0,0.0,0.0,4.200664014254977e-05,0,0,,,1,2026-07-16,2026-07-23,900000.0,1.0,900000.0,0.003556134598321743,,terminal,0.85,Признаки оседания: получил 900 000 KZT от 2 плательщиков; исходящих ≥5 000 KZT в наблюдаемой выборке 0.,0.6664,terminal,4
100000007330432100,4,False,1,0,584900.0,0.0,1,0,0.0,True,0,7,0,0.0,0.0,2.065044922776866e-08,0,0,,,1,2026-07-01,2026-07-01,584900.0,0.5099073570070952,298244.81311345,0.0011784429985363838,0.2816282402413697,truncated,1.0,"Граница обхода, глубина 4: исходящие не выгружены. Получил 584 900 KZT от 1; P(переводит дальше)=28%.",0.6657,peripheral,69
100000008708207100,3,False,2,0,465000.0,0.0,2,0,0.0,False,0,9,0,0.0,0.0,1.3667134292152246e-06,0,0,,,2,2026-07-31,2026-07-31,465000.0,0.45513572551090725,239624.9506784082,0.0009468206419206984,,terminal,0.741,Признаки оседания: получил 465 000 KZT от 2 плательщиков; исходящих ≥5 000 KZT в наблюдаемой выборке 0.,0.6655,terminal,5
100000004722765100,3,False,1,3,230000.0,2284500.0,1,9,9.932608695652174,False,0,7,0,5.8255174307803695e-05,1.57847465707e-313,0.0,0,0,0.07660319544758153,9.0,1,2026-07-14,2026-07-14,2514500.0,0.5121792679605776,143887.60634644225,0.005191802983374867,,peripheral,0.8,"Признаков роли нет: вход 230 000 KZT от 1, выход 2 284 500 KZT к 3; передано 993% (возможны поступления вне выборки).",0.6653,peripheral,45
100000008460102100,3,False,1,31,17500.0,476570.0,1,34,27.23257142857143,False,0,1,0,0.0009777226136943515,0.00019786403733281253,4.1121872014305334e-07,0,0,0.1874016408922089,3.0,1,2026-07-25,2026-07-25,494070.0,0.9128732533190332,16824.0622334923,0.001781748390957689,,distributor,1.0,"Признаки раздачи: 31 получателей против 1 плательщиков, отправил 476 570 KZT в 34 переводах.",0.6642,distributor,9
100000005614315100,2,False,1,0,455000.0,0.0,1,0,0.0,False,0,7,0,0.0,0.0,0.0,0,0,,,1,2026-07-17,2026-07-17,455000.0,0.995093454141501,452780.16238223977,0.0017890524454235986,,terminal,0.676,Признаки оседания: получил 455 000 KZT от 1 плательщиков; исходящих ≥5 000 KZT в наблюдаемой выборке 0.,0.6639,terminal,7
100000002618492100,1,False,2,0,296500.0,0.0,2,0,0.0,False,1,8,0,0.0,0.0,0.00014602773422904482,0,0,,,1,2026-07-14,2026-07-21,296500.0,0.984563020894982,291922.93569536216,0.0011534636129665423,,terminal,0.699,Признаки оседания: получил 296 500 KZT от 2 плательщиков; исходящих ≥5 000 KZT в наблюдаемой выборке 0.,0.6634,terminal,11
100000004480280100,1,False,1,2,146694.0,295850.0,1,7,2.0167832358515003,False,1,10,1,3.571762118628406e-05,1.8572189098070206e-08,0.0004611679456476809,0,0,0.23998647963495015,2.0,1,2026-07-22,2026-07-22,442544.0,1.0,146694.0,0.0017486066996441085,,peripheral,0.8,"Признаков роли нет: вход 146 694 KZT от 1, выход 295 850 KZT к 2; передано 202% (возможны поступления вне выборки).",0.663,peripheral,3
100000002921047100,1,False,2,1,338000.0,163000.02,2,1,0.48224857988165676,False,1,9,0,2.159800680119253e-05,0.0,5.617562798651181e-06,0,0,1.0,0.0,1,2026-07-10,2026-07-27,501000.02,0.6636313051382754,233164.5030042401,0.001348709165916046,,peripheral,0.8,"Признаков роли нет: вход 338 000 KZT от 2, выход 163 000 KZT к 1; передано 48%.",0.6629,peripheral,4
100000001937767100,1,False,1,4,53000.0,1933000.0,1,6,36.471698113207545,False,1,11,1,5.6699890528386486e-05,2.3309326007962125e-07,4.075748795924464e-07,1,0,0.027418520434557683,12.0,1,2026-07-14,2026-07-14,1986000.0,1.0,53000.0,0.007847203680296646,,peripheral,0.8,"Признаков роли нет: вход 53 000 KZT от 1, выход 1 933 000 KZT к 4; передано 3647% (возможны поступления вне выборки).",0.6624,peripheral,14
100000002753146100,3,False,1,0,803540.0,0.0,3,0,0.0,False,0,2,0,0.0,0.0,3.794136183730392e-07,0,0,,,1,2026-07-10,2026-07-20,803540.0,0.955757624121806,767989.481286836,0.0030345266283903875,,terminal,0.763,Признаки оседания: получил 803 540 KZT от 1 плательщиков; исходящих ≥5 000 KZT в наблюдаемой выборке 0.,0.6623,terminal,12
100000003037476100,4,False,3,0,555000.0,0.0,3,0,0.0,True,0,8,0,0.0,0.0,1.8190248366476958e-06,0,0,,,2,2026-07-25,2026-07-30,555000.0,0.28412895432313695,187429.45485179283,0.0007405826323810945,0.6817089935629389,truncated,1.0,"Граница обхода, глубина 4: исходящие не выгружены. Получил 555 000 KZT от 3; P(переводит дальше)=68%.",0.6622,peripheral,5
100000002722108100,3,False,1,0,800000.0,0.0,2,0,0.0,False,0,2,0,0.0,0.0,3.794136183730392e-07,0,0,,,1,2026-07-19,2026-07-20,800000.0,0.955757624121806,764606.0992974448,0.003021158004221595,,terminal,0.762,Признаки оседания: получил 800 000 KZT от 1 плательщиков; исходящих ≥5 000 KZT в наблюдаемой выборке 0.,0.6619,terminal,12
100000003390036100,2,False,2,2,231300.0,62000.0,4,2,0.2680501513186338,False,0,11,0,7.826800629789953e-05,0.0,4.0378619556539866e-05,2,0,0.16129032258064516,2.0,1,2026-07-05,2026-07-19,293300.0,0.6918781088079712,165441.82967217197,0.0008876059801141512,,peripheral,0.8,"Признаков роли нет: вход 231 300 KZT от 2, выход 62 000 KZT к 2; передано 27%.",0.6618,peripheral,11
100000008722417100,3,False,1,3,331900.0,720000.0,1,6,2.16932811087677,False,0,7,0,5.7660733753642434e-05,1.57847465707e-313,0.0029401739563140994,0,0,0.3611111111111111,6.5,1,2026-07-16,2026-07-16,1051900.0,0.5403576910379955,205505.19987400615,0.0023492723571299965,,peripheral,0.8,"Признаков роли нет: вход 331 900 KZT от 1, выход 720 000 KZT к 3; передано 217% (возможны поступления вне выборки).",0.6618,peripheral,8
100000005616568100,4,False,1,0,530000.0,0.0,1,0,0.0,True,0,7,0,0.0,0.0,3.8798761239758137e-256,0,0,,,1,2026-07-03,2026-07-03,530000.0,0.5119191887828877,286389.5762501376,0.001131599867446457,0.2852091510348633,truncated,1.0,"Граница обхода, глубина 4: исходящие не выгружены. Получил 530 000 KZT от 1; P(переводит дальше)=29%.",0.6617,peripheral,8
100000002371751100,1,False,1,1,200000.0,250000.0,5,1,1.25,False,1,1,0,1.981468513870874e-07,0.0,0.0,0,13,1.0,1.0,1,2026-07-10,2026-07-12,450000.0,1.0,200000.0,0.0017780672991608716,,transit,0.925,"Признаки транзита: получил 200 000 KZT, передано 125%. 100% ушло в течение 2 дней после поступления.",0.6616,transit,60
100000003158727100,1,False,3,0,367940.0,0.0,3,0,0.0,False,1,9,0,0.0,0.0,7.583777349442187e-06,0,0,,,2,2026-07-18,2026-07-23,367940.0,0.6219817663748645,240228.5023632304,0.0009492054319521286,,terminal,0.779,Признаки оседания: получил 367 940 KZT от 3 плательщиков; исходящих ≥5 000 KZT в наблюдаемой выборке 0.,0.6616,terminal,4
100000002748761100,3,False,1,0,796800.0,0.0,3,0,0.0,False,0,2,0,0.0,0.0,3.794136183730392e-07,0,0,,,1,2026-07-03,2026-07-11,796800.0,0.955757624121806,761547.674900255,0.0030090733722047845,,terminal,0.762,Признаки оседания: получил 796 800 KZT от 1 плательщиков; исходящих ≥5 000 KZT в наблюдаемой выборке 0.,0.6615,terminal,12
100000002443664100,2,False,3,0,556880.0,0.0,3,0,0.0,False,0,9,0,0.0,0.0,1.0691092812067203e-06,0,0,,,3,2026-07-26,2026-07-26,556880.0,0.3465529086309664,217866.11479738585,0.0008608458095921248,,terminal,0.827,Признаки оседания: получил 556 880 KZT от 3 плательщиков; исходящих ≥5 000 KZT в наблюдаемой выборке 0.,0.6608,terminal,12
100000004330371100,1,False,2,2,264171.0,90681.0,12,6,0.3432662934235779,False,1,7,1,0.00033467003199279065,5.358905817348002e-06,0.0002976021605979045,2,0,0.6495296699418842,1.0,2,2026-07-08,2026-07-28,354852.0,0.8383712237472035,237098.1799776566,0.001237228700168021,,peripheral,0.8,"Признаков роли нет: вход 264 171 KZT от 2, выход 90 681 KZT к 2; передано 34%.",0.6606,peripheral,7
100000001680944100,3,False,1,0,393000.0,0.0,1,0,0.0,False,0,9,0,0.0,0.0,3.5591269374705266e-07,0,0,,,1,2026-07-31,2026-07-31,393000.0,0.5209871392294793,234531.9581882767,0.0009266969010282663,,terminal,0.661,Признаки оседания: получил 393 000 KZT от 1 плательщиков; исходящих ≥5 000 KZT в наблюдаемой выборке 0.,0.6603,terminal,19
100000002032323100,3,False,1,1,300000.0,1050000.0,1,2,3.5,False,0,7,0,1.9616538287321655e-05,0.0,4.867829327536486e-08,0,0,0.2857142857142857,0.0,1,2026-07-14,2026-07-14,1350000.0,0.975322438995698,297844.6180894977,0.005223302571817486,,peripheral,0.8,"Признаков роли нет: вход 300 000 KZT от 1, выход 1 050 000 KZT к 1; передано 350% (возможны поступления вне выборки).",0.6601,peripheral,5
100000008547948100,2,False,6,26,212665.0,5185600.0,7,31,24.383890155878966,False,0,8,0,0.0011322141374262578,0.00010550660910974718,5.649427167739863e-06,5,0,0.21627198395556926,5.0,4,2026-07-16,2026-07-21,5398265.0,0.31551137146463937,78833.78498243602,-0.0034350480731505295,,coordinator,0.8,"Признаки узла управления: получает от 6, переводит 26 получателям; посредничество в топ-2%, достижим от 8 seed.",0.6593,coordinator,5
100000003204491100,3,False,1,1,140000.0,100000.0,1,2,0.7142857142857143,False,0,7,0,1.922024458454748e-05,0.0,0.0011319383959652314,0,0,1.0,0.0,1,2026-07-20,2026-07-20,240000.0,0.6690797475280011,104464.34832160323,0.0006771367191996077,,transit,0.914,"Признаки транзита: получил 140 000 KZT, передано 71%. 100% ушло в течение 2 дней после поступления.",0.6591,transit,1
100000003014659100,1,False,1,0,280000.0,0.0,1,0,0.0,False,1,8,0,0.0,0.0,0.00012279960108290615,0,0,,,1,2026-07-20,2026-07-20,280000.0,1.0,280000.0,0.0011063529861445424,,terminal,0.633,Признаки оседания: получил 280 000 KZT от 1 плательщиков; исходящих ≥5 000 KZT в наблюдаемой выборке 0.,0.6589,terminal,11
100000008746449100,3,False,1,10,10000.0,1009000.0,1,10,100.9,False,0,8,0,0.00016598228268404117,1.6584609340445519e-06,2.612568276300329e-07,0,0,0.0,5.0,1,2026-07-22,2026-07-22,1019000.0,0.31231090742183704,3490.725604075345,0.001257585117077458,,distributor,0.5,"Признаки раздачи: 10 получателей против 1 плательщиков, отправил 1 009 000 KZT в 10 переводах.",0.6588,distributor,5
100000008389800100,2,False,3,7,189000.0,401620.0,3,8,2.124973544973545,False,0,7,0,0.00015931006851521828,0.0005432286656578205,2.582807650312358e-06,2,0,0.5363278721179224,1.0,1,2026-07-02,2026-07-09,590620.0,0.6183482444224904,116867.81819585068,0.003734599633809769,,peripheral,0.8,"Признаков роли нет: вход 189 000 KZT от 3, выход 401 620 KZT к 7; передано 212% (возможны поступления вне выборки).",0.6586,peripheral,7
100000007617808100,2,False,1,0,450000.0,0.0,1,0,0.0,False,0,7,0,0.0,0.0,4.0407558618990766e-06,0,0,,,1,2026-07-07,2026-07-07,450000.0,0.9068077100485716,411663.7782730468,0.001626590894214033,,terminal,0.675,Признаки оседания: получил 450 000 KZT от 1 плательщиков; исходящих ≥5 000 KZT в наблюдаемой выборке 0.,0.658,terminal,7
100000005767403100,4,False,1,0,1100000.0,0.0,2,0,0.0,True,0,7,0,0.0,0.0,1.4683800802737826e-07,0,0,,,1,2026-07-08,2026-07-31,1100000.0,0.20502278153835485,243844.79992947628,0.0009634943662778122,0.3500093936955529,truncated,1.0,"Граница обхода, глубина 4: исходящие не выгружены. Получил 1 100 000 KZT от 1; P(переводит дальше)=35%.",0.6574,peripheral,32
100000008730371100,3,False,2,0,520000.0,0.0,3,0,0.0,False,0,7,0,0.0,0.0,0.0011409886387783246,0,0,,,1,2026-07-18,2026-07-31,520000.0,0.6691385876251286,387017.6957426571,0.0015292077977701653,,terminal,0.755,Признаки оседания: получил 520 000 KZT от 2 плательщиков; исходящих ≥5 000 KZT в наблюдаемой выборке 0.,0.6564,terminal,1
100000004948177100,1,False,3,0,437163.0,0.0,8,0,0.0,False,1,7,0,0.0,0.0,0.00032984032534489526,0,0,,,1,2026-07-02,2026-07-10,437163.0,0.9036129512632843,404370.56701029046,0.0015977735154313888,,terminal,0.797,Признаки оседания: получил 437 163 KZT от 3 плательщиков; исходящих ≥5 000 KZT в наблюдаемой выборке 0.,0.6563,terminal,7
100000008758168100,2,False,2,5,75410.0,1533600.0,2,5,20.33682535472749,False,0,9,0,5.6020009578558015e-05,4.488393462419689e-06,1.3331903435828466e-06,0,0,0.28729786124152323,4.0,1,2026-07-25,2026-07-31,1609010.0,0.7999540183872509,61121.571596780974,0.00509310798484058,,peripheral,0.8,"Признаков роли нет: вход 75 410 KZT от 2, выход 1 533 600 KZT к 5; передано 2034% (возможны поступления вне выборки).",0.6562,peripheral,19
100000002872399100,3,False,1,0,1090000.0,0.0,9,0,0.0,False,0,1,0,0.0,0.0,3.499089220843684e-08,0,0,,,1,2026-07-03,2026-07-28,1090000.0,0.8054105894318514,967090.5048912418,0.0038212266712802276,,terminal,0.812,Признаки оседания: получил 1 090 000 KZT от 1 плательщиков; исходящих ≥5 000 KZT в наблюдаемой выборке 0.,0.6559,terminal,48
100000003831324100,1,False,2,0,300000.0,0.0,2,0,0.0,False,1,9,0,0.0,0.0,4.672374718466922e-06,0,0,,,1,2026-07-16,2026-07-23,300000.0,0.762735390748026,234408.7167950283,0.0009262099421588883,,terminal,0.7,Признаки оседания: получил 300 000 KZT от 2 плательщиков; исходящих ≥5 000 KZT в наблюдаемой выборке 0.,0.6558,terminal,4
100000008761219100,3,False,2,2,50000.0,375000.0,2,2,7.5,False,0,9,0,4.172642445459749e-05,4.755615016242943e-298,2.9815304566938772e-06,0,0,1.0,1.0,1,2026-07-28,2026-07-29,425000.0,0.4248729719774039,24114.18855777132,0.0007248253928538617,,transit,0.7,"Признаки транзита: получил 50 000 KZT, передано 750% (возможны поступления вне выборки). 100% ушло в течение 2 дней после поступления.",0.6557,transit,46
100000008221543100,1,False,2,0,542000.0,0.0,2,0,0.0,False,1,7,0,0.0,0.0,0.0023850261521990036,0,0,,,1,2026-07-13,2026-07-14,542000.0,0.6735448010649511,379628.521940129,0.0015000112459789819,,terminal,0.76,Признаки оседания: получил 542 000 KZT от 2 плательщиков; исходящих ≥5 000 KZT в наблюдаемой выборке 0.,0.6556,terminal,16
100000006638021100,4,False,2,0,388500.0,0.0,2,0,0.0,True,0,9,0,0.0,0.0,8.085030393836755e-298,0,0,,,2,2026-07-31,2026-07-31,388500.0,0.3769516260497358,166841.2617073848,0.0006592333146503567,0.5147012029363904,truncated,1.0,"Граница обхода, глубина 4: исходящие не выгружены. Получил 388 500 KZT от 2; P(переводит дальше)=51%.",0.6552,peripheral,46
100000003692843100,4,False,1,0,510000.0,0.0,2,0,0.0,True,0,7,0,0.0,0.0,0.0,0,0,,,1,2026-07-06,2026-07-24,510000.0,0.5099073570070952,260052.75207361855,0.0010275362100419683,0.3298995161411213,truncated,1.0,"Граница обхода, глубина 4: исходящие не выгружены. Получил 510 000 KZT от 1; P(переводит дальше)=33%.",0.6551,peripheral,61
100000002901457100,3,False,1,3,340000.0,119000.0,1,3,0.35,False,0,7,0,7.569209722986739e-05,2.7083732767180373e-05,0.001137907385155322,0,0,0.0,16.0,1,2026-07-11,2026-07-11,459000.0,0.7594437519994522,282465.52727537684,0.0014307728178770095,,peripheral,0.8,"Признаков роли нет: вход 340 000 KZT от 1, выход 119 000 KZT к 3; передано 35%.",0.655,peripheral,1
100000005660203100,2,False,1,2,572899.0,41000.0,12,5,0.07156584319400104,False,0,7,0,1.9418391435934565e-05,0.0001431175242726874,0.0,1,0,1.0,1.0,1,2026-07-01,2026-07-31,613899.0,0.9969534918301871,571835.5419223869,0.0024209733504710748,,peripheral,0.8,"Признаков роли нет: вход 572 899 KZT от 1, выход 41 000 KZT к 2; передано 7%.",0.6545,peripheral,7
100000008551752100,4,False,1,0,406000.0,0.0,2,0,0.0,True,0,7,0,0.0,0.0,3.8798761239758137e-256,0,0,,,1,2026-07-21,2026-07-23,406000.0,0.6424778096295601,270372.87255029107,0.0010683136961374244,0.3264223553844805,truncated,1.0,"Граница обхода, глубина 4: исходящие не выгружены. Получил 406 000 KZT от 1; P(переводит дальше)=33%.",0.6539,peripheral,39
100000002883402100,3,False,3,0,300000.0,0.0,3,0,0.0,False,0,10,0,0.0,0.0,3.6593518302858516e-06,0,0,,,1,2026-07-16,2026-07-30,300000.0,0.6524705859353329,204553.6750729751,0.0008082448901564949,,terminal,0.762,Признаки оседания: получил 300 000 KZT от 3 плательщиков; исходящих ≥5 000 KZT в наблюдаемой выборке 0.,0.6526,terminal,5
100000004587414100,3,False,2,0,533603.0,0.0,2,0,0.0,False,0,7,0,0.0,0.0,0.004072112352279331,0,0,,,1,2026-07-02,2026-07-14,533603.0,0.5918372985760653,357496.56883049954,0.0014125621302215738,,terminal,0.758,Признаки оседания: получил 533 603 KZT от 2 плательщиков; исходящих ≥5 000 KZT в наблюдаемой выборке 0.,0.6525,terminal,8
100000004679953100,1,False,3,3,343538.0,34100.0,3,3,0.09926121709970949,False,1,7,0,0.0003542158299202328,0.0002663927764363924,0.006661874799608856,1,0,0.624633431085044,2.0,2,2026-07-12,2026-07-14,377638.0,0.5980920143215053,232479.5332262384,0.0009743456272189393,,peripheral,0.8,"Признаков роли нет: вход 343 538 KZT от 3, выход 34 100 KZT к 3; передано 10%.",0.6524,peripheral,6
100000004105288100,1,False,2,0,215000.0,0.0,2,0,0.0,False,1,11,0,0.0,0.0,0.00012379738199594134,0,0,,,1,2026-07-18,2026-07-19,215000.0,1.0,215000.0,0.0008495210429324164,,terminal,0.679,Признаки оседания: получил 215 000 KZT от 2 плательщиков; исходящих ≥5 000 KZT в наблюдаемой выборке 0.,0.6522,terminal,3
100000008137435100,1,False,2,6,93906.0,1419700.0,2,7,15.118309799160864,False,1,7,0,0.00029840915818895366,0.004931741979455946,0.0027944971937982335,1,0,0.29442840036627455,19.0,2,2026-07-05,2026-07-05,1513606.0,0.7141208591658108,74240.03145820281,0.004978656974983904,,peripheral,0.8,"Признаков роли нет: вход 93 906 KZT от 2, выход 1 419 700 KZT к 6; передано 1512% (возможны поступления вне выборки).",0.6519,peripheral,21
100000008104567100,2,False,3,3,53550.0,40000.0,3,4,0.7469654528478058,False,0,7,1,0.0020260185309577375,1.2232102160137048e-06,2.832584982362511e-05,1,0,0.3,2.0,1,2026-07-07,2026-07-28,93550.0,0.6416925113333128,34948.821265062776,0.0007652823398098252,,transit,0.714,"Признаки транзита: получил 53 550 KZT, передано 75%. 30% ушло в течение 2 дней после поступления.",0.6518,transit,9
100000008314203100,0,True,2,2,382076.0,327000.0,10,13,0.8558506684533967,False,2,9,2,0.0,4.0551893753340974e-05,1.0094203411348898e-06,4,0,0.48623853211009177,1.0,1,2026-07-06,2026-07-21,709076.0,1.0,382076.0,0.0028017441071550983,,peripheral,0.8,"Признаков роли нет: вход 382 076 KZT от 2, выход 327 000 KZT к 2; передано 86%.",0.6516,peripheral,38
100000003171006100,3,False,2,0,485000.0,0.0,2,0,0.0,False,0,9,0,0.0,0.0,4.496881556178737e-06,0,0,,,2,2026-07-25,2026-07-25,485000.0,0.3414739110654878,192657.02716337919,0.0007612381332283667,,terminal,0.746,Признаки оседания: получил 485 000 KZT от 2 плательщиков; исходящих ≥5 000 KZT в наблюдаемой выборке 0.,0.6497,terminal,5
100000002713074100,3,False,2,1,700000.0,430000.0,2,2,0.6142857142857143,False,0,7,0,1.922024458454748e-05,0.0,0.0006992464113712839,0,0,0.0,13.0,2,2026-07-10,2026-07-10,1130000.0,0.5558039116855328,446827.554998268,0.002709866379456335,,peripheral,0.8,"Признаков роли нет: вход 700 000 KZT от 2, выход 430 000 KZT к 1; передано 61%.",0.6497,peripheral,16
100000004399686100,3,False,1,0,806000.0,0.0,2,0,0.0,False,0,1,0,0.0,0.0,1.23619985386e-313,0,0,,,1,2026-07-09,2026-07-09,806000.0,0.9999603609679268,805998.9106542,0.0031847117915411007,,terminal,0.764,Признаки оседания: получил 806 000 KZT от 1 плательщиков; исходящих ≥5 000 KZT в наблюдаемой выборке 0.,0.6496,terminal,22
100000007841978100,4,False,1,0,449000.0,0.0,1,0,0.0,True,0,7,0,0.0,0.0,0.0,0,0,,,1,2026-07-31,2026-07-31,449000.0,0.5286536699888139,249848.1682183245,0.000987215239253844,0.3449142572306085,truncated,1.0,"Граница обхода, глубина 4: исходящие не выгружены. Получил 449 000 KZT от 1; P(переводит дальше)=34%.",0.6492,peripheral,8
100000000810551100,1,False,1,1,100000.0,7100.0,1,1,0.071,False,1,10,0,7.769558206055905e-05,0.0,0.0004611679456476809,0,0,0.0,,1,2026-07-22,2026-07-22,107100.0,1.0,100000.0,0.002469933041567691,,peripheral,0.8,"Признаков роли нет: вход 100 000 KZT от 1, выход 7 100 KZT к 1; передано 7%.",0.6478,peripheral,3
100000008724461100,3,False,1,1,100111.0,130000.0,1,1,1.298558599954051,False,0,9,0,2.2390594206740877e-05,0.0,3.220733583683774e-06,0,0,1.0,0.0,1,2026-07-21,2026-07-21,230111.0,0.40751427377564153,46619.249675426574,0.0003935301731060976,,transit,0.91,"Признаки транзита: получил 100 111 KZT, передано 130%. 100% ушло в течение 2 дней после поступления.",0.6468,transit,5
100000002836736100,1,False,2,0,509000.0,0.0,2,0,0.0,False,1,3,0,0.0,0.0,5.452157648143751e-06,0,0,,,2,2026-07-16,2026-07-16,509000.0,1.0,509000.0,0.002011191678384186,,terminal,0.752,Признаки оседания: получил 509 000 KZT от 2 плательщиков; исходящих ≥5 000 KZT в наблюдаемой выборке 0.,0.6463,terminal,4
100000003025903100,4,False,1,0,386300.0,0.0,6,0,0.0,True,0,7,0,0.0,0.0,0.0,0,0,,,1,2026-07-05,2026-07-29,386300.0,0.6212843803867579,247849.1514442247,0.0009793166029061103,0.33953962158583806,truncated,1.0,"Граница обхода, глубина 4: исходящие не выгружены. Получил 386 300 KZT от 1; P(переводит дальше)=34%.",0.6463,peripheral,8
100000001065234100,4,False,1,0,360000.0,0.0,1,0,0.0,True,0,7,0,0.0,0.0,0.0,0,0,,,1,2026-07-05,2026-07-05,360000.0,0.6319106840088416,250287.24790439912,0.0009889501575461475,0.28733488111965727,truncated,1.0,"Граница обхода, глубина 4: исходящие не выгружены. Получил 360 000 KZT от 1; P(переводит дальше)=29%.",0.6462,peripheral,15
100000008038077100,3,False,1,0,499850.0,0.0,2,0,0.0,False,0,7,0,0.0,0.0,0.0029401739563140994,0,0,,,1,2026-07-13,2026-07-13,499850.0,0.5403576910379956,309496.1559416149,0.0012228999868794724,,terminal,0.687,Признаки оседания: получил 499 850 KZT от 1 плательщиков; исходящих ≥5 000 KZT в наблюдаемой выборке 0.,0.6459,terminal,8
100000002686226100,4,False,1,0,430000.0,0.0,2,0,0.0,True,0,7,0,0.0,0.0,0.0,0,0,,,1,2026-07-22,2026-07-24,430000.0,0.5040404739048299,238995.6820247791,0.0009443342374420125,0.32895421837066424,truncated,1.0,"Граница обхода, глубина 4: исходящие не выгружены. Получил 430 000 KZT от 1; P(переводит дальше)=33%.",0.6454,peripheral,16
100000003116106100,3,False,1,0,494050.0,0.0,2,0,0.0,False,0,7,0,0.0,0.0,0.0029401739563140994,0,0,,,1,2026-07-26,2026-07-27,494050.0,0.5403576910379955,305904.9231628585,0.0012087100900626192,,terminal,0.686,Признаки оседания: получил 494 050 KZT от 1 плательщиков; исходящих ≥5 000 KZT в наблюдаемой выборке 0.,0.645,terminal,8
100000001669260100,4,False,1,0,500000.0,0.0,1,0,0.0,True,0,1,0,0.0,0.0,0.0,0,0,,,1,2026-07-08,2026-07-08,500000.0,0.8946973593964336,447348.6796982168,0.0017675912415425746,0.295260860812598,truncated,1.0,"Граница обхода, глубина 4: исходящие не выгружены. Получил 500 000 KZT от 1; P(переводит дальше)=30%.",0.644,peripheral,6
100000003798151100,2,False,1,0,350000.0,0.0,3,0,0.0,False,0,7,0,0.0,0.0,0.0,0,0,,,1,2026-07-04,2026-07-21,350000.0,0.9727930350640194,340531.4802570781,0.0013455286430665147,,terminal,0.65,Признаки оседания: получил 350 000 KZT от 1 плательщиков; исходящих ≥5 000 KZT в наблюдаемой выборке 0.,0.6432,terminal,7
100000004019124100,0,True,3,0,193000.0,0.0,3,0,0.0,False,2,11,0,0.0,0.0,2.667322772934689e-08,0,0,,,1,2026-07-11,2026-07-15,193000.0,1.0,193000.0,0.0007625933083067739,,terminal,0.736,Признаки оседания: получил 193 000 KZT от 3 плательщиков; исходящих ≥5 000 KZT в наблюдаемой выборке 0.,0.6429,terminal,7
100000004144536100,1,False,4,0,168000.0,0.0,6,0,0.0,False,1,1,0,0.0,0.0,7.398865094998886e-179,0,2,,,2,2026-07-15,2026-07-30,168000.0,0.7770210011964601,133468.75370865565,0.0005273698365091683,,consolidator,0.65,"Признаки сбора: 4 плательщиков, получил 168 000 KZT; передано 0%, максимум 2 плательщиков в день.",0.6429,consolidator,23
100000005183943100,1,False,1,0,680900.0,0.0,9,0,0.0,False,1,1,0,0.0,0.0,1.23619985386e-313,0,4,,,1,2026-07-01,2026-07-29,680900.0,1.0,680900.0,0.002690413386663639,,terminal,0.733,Признаки оседания: получил 680 900 KZT от 1 плательщиков; исходящих ≥5 000 KZT в наблюдаемой выборке 0.,0.6429,terminal,42
100000002596035100,1,False,1,0,231570.0,0.0,1,0,0.0,False,1,8,0,0.0,0.0,0.00012279960108290615,0,0,,,1,2026-07-16,2026-07-16,231570.0,1.0,231570.0,0.0009149934321481845,,terminal,0.62,Признаки оседания: получил 231 570 KZT от 1 плательщиков; исходящих ≥5 000 KZT в наблюдаемой выборке 0.,0.6427,terminal,11
100000002109656100,3,False,1,0,500000.0,0.0,1,0,0.0,False,0,2,0,0.0,0.0,3.794136183730392e-07,0,0,,,1,2026-07-17,2026-07-17,500000.0,0.955757624121806,477878.812060903,0.0018882237526384822,,terminal,0.688,Признаки оседания: получил 500 000 KZT от 1 плательщиков; исходящих ≥5 000 KZT в наблюдаемой выборке 0.,0.6412,terminal,12
100000002644285100,3,False,1,0,500000.0,0.0,1,0,0.0,False,0,2,0,0.0,0.0,3.794136183730392e-07,0,0,,,1,2026-07-04,2026-07-04,500000.0,0.955757624121806,477878.812060903,0.0018882237526384822,,terminal,0.688,Признаки оседания: получил 500 000 KZT от 1 плательщиков; исходящих ≥5 000 KZT в наблюдаемой выборке 0.,0.6412,terminal,12
100000008232832100,1,False,1,1,337000.0,138000.0,2,1,0.4094955489614243,False,1,10,0,0.0,1.2324458498178156e-05,9.951936599560188e-07,0,0,0.0,,1,2026-07-17,2026-07-17,475000.0,1.0,337000.0,0.00187684881578092,,peripheral,0.8,"Признаков роли нет: вход 337 000 KZT от 1, выход 138 000 KZT к 1; передано 41%.",0.6411,peripheral,38
100000005664632100,2,False,1,0,198620.0,0.0,18,0,0.0,False,0,10,0,0.0,0.0,0.0,0,0,,,1,2026-07-24,2026-07-30,198620.0,1.0,198620.0,0.0007847993932429607,,terminal,0.612,Признаки оседания: получил 198 620 KZT от 1 плательщиков; исходящих ≥5 000 KZT в наблюдаемой выборке 0.,0.641,terminal,65
100000000795129100,2,False,1,0,332000.0,0.0,1,0,0.0,False,0,7,0,0.0,0.0,3.5676348106616587e-05,0,0,,,1,2026-07-31,2026-07-31,332000.0,0.9795583123763397,329668.7815221611,0.001302607288841674,,terminal,0.646,Признаки оседания: получил 332 000 KZT от 1 плательщиков; исходящих ≥5 000 KZT в наблюдаемой выборке 0.,0.6409,terminal,15
100000001222245100,4,False,1,0,420000.0,0.0,5,0,0.0,True,0,7,0,0.0,0.0,0.0,0,0,,,1,2026-07-19,2026-07-31,420000.0,0.5119191887828877,226950.2302359581,0.000896739517599108,0.34453600144559415,truncated,1.0,"Граница обхода, глубина 4: исходящие не выгружены. Получил 420 000 KZT от 1; P(переводит дальше)=34%.",0.6406,peripheral,8
100000008566737100,1,False,2,0,230000.0,0.0,2,0,0.0,False,1,10,0,0.0,0.0,0.000622222198313037,0,0,,,2,2026-07-20,2026-07-20,230000.0,0.7844996320420987,187906.19863040638,0.0007424663713207297,,terminal,0.682,Признаки оседания: получил 230 000 KZT от 2 плательщиков; исходящих ≥5 000 KZT в наблюдаемой выборке 0.,0.6401,terminal,1
100000008388049100,3,False,1,0,496400.0,0.0,1,0,0.0,False,0,2,0,0.0,0.0,3.794136183730392e-07,0,0,,,1,2026-07-13,2026-07-13,496400.0,0.955757624121806,474438.0846140645,0.001874628541619541,,terminal,0.687,Признаки оседания: получил 496 400 KZT от 1 плательщиков; исходящих ≥5 000 KZT в наблюдаемой выборке 0.,0.64,terminal,12
100000003795588100,3,False,1,0,400000.0,0.0,2,0,0.0,False,0,7,0,0.0,0.0,0.0011319383959652314,0,0,,,1,2026-07-18,2026-07-18,400000.0,0.6690797475280011,298469.5666331521,0.0011793310582779873,,terminal,0.662,Признаки оседания: получил 400 000 KZT от 1 плательщиков; исходящих ≥5 000 KZT в наблюдаемой выборке 0.,0.64,terminal,1
100000008625905100,3,False,1,2,197800.0,635000.0,1,2,3.210313447927199,False,0,7,0,3.962937027741748e-05,0.0,0.0,0,0,0.0,,1,2026-07-31,2026-07-31,832800.0,0.6952423552899976,144508.62263439613,0.0023153894309006513,,peripheral,0.8,"Признаков роли нет: вход 197 800 KZT от 1, выход 635 000 KZT к 2; передано 321% (возможны поступления вне выборки).",0.6397,peripheral,15
100000008188026100,1,False,2,4,86468.0,337983.17,5,4,3.9087659018365173,False,1,7,0,8.203279647425419e-05,1.5362965042255266e-289,0.0003478114351979561,0,0,0.0,10.5,1,2026-07-03,2026-07-19,424451.17,0.9989762458928092,86387.61787627167,0.012418299783440124,,peripheral,0.8,"Признаков роли нет: вход 86 468 KZT от 2, выход 337 983 KZT к 4; передано 391% (возможны поступления вне выборки).",0.6395,peripheral,15
100000004325327100,1,False,2,1,70817.0,70000.0,3,1,0.988463222107686,False,1,7,0,3.844048916909496e-05,0.0,0.00505746306905961,0,0,1.0,2.0,1,2026-07-03,2026-07-29,140817.0,0.8898772917751633,65135.814573511016,0.0005383539085166844,,transit,0.997,"Признаки транзита: получил 70 817 KZT, передано 99%. 100% ушло в течение 2 дней после поступления.",0.6394,transit,1
100000007129492100,1,False,2,1,50990.0,37000.0,2,1,0.725632476956266,False,2,11,0,2.5164650126160102e-05,0.0,0.000583967546730587,0,0,1.0,0.0,1,2026-07-20,2026-07-21,87990.0,1.0,50990.0,0.00034767142589592245,,transit,0.918,"Признаки транзита: получил 50 990 KZT, передано 73%. 100% ушло в течение 2 дней после поступления.",0.6386,transit,11
100000002670960100,3,False,1,0,480310.0,0.0,1,0,0.0,False,0,2,0,0.0,0.0,3.794136183730392e-07,0,0,,,1,2026-07-01,2026-07-01,480310.0,0.955757624121806,459059.94444194465,0.0018138655012596174,,terminal,0.683,Признаки оседания: получил 480 310 KZT от 1 плательщиков; исходящих ≥5 000 KZT в наблюдаемой выборке 0.,0.6384,terminal,12
100000002822472100,3,False,2,0,266722.0,0.0,2,0,0.0,False,0,8,0,0.0,0.0,2.4793202972963084e-05,0,0,,,1,2026-07-02,2026-07-07,266722.0,0.7628442804129051,205161.93259488535,0.0008106482741769564,,terminal,0.692,Признаки оседания: получил 266 722 KZT от 2 плательщиков; исходящих ≥5 000 KZT в наблюдаемой выборке 0.,0.6382,terminal,12
100000004906181100,3,False,1,7,100000.0,2473417.91,1,33,24.734179100000002,False,0,7,0,0.00013454171209183234,7.07587887604281e-243,0.0029401739563140994,0,0,0.6420265631536565,4.0,1,2026-07-05,2026-07-05,2573417.91,0.5403576910379955,61917.80653028206,0.005525633353951859,,peripheral,0.8,"Признаков роли нет: вход 100 000 KZT от 1, выход 2 473 418 KZT к 7; передано 2473% (возможны поступления вне выборки).",0.6382,peripheral,34
100000003054328100,2,False,1,2,140000.0,193720.0,1,2,1.3837142857142857,False,0,1,0,7.925874055483496e-07,0.0,4.0882452251176484e-08,0,0,0.9638653727028701,11.0,1,2026-07-07,2026-07-07,333720.0,1.0,140000.0,0.0013186147090577024,,transit,0.874,"Признаки транзита: получил 140 000 KZT, передано 138% (возможны поступления вне выборки). 96% ушло в течение 2 дней после поступления.",0.6382,transit,12
100000002152857100,1,False,1,5,105000.0,1230000.0,1,6,11.714285714285714,False,1,1,0,0.00031346831889437224,2.298155223080961e-05,4.089589732056224e-05,0,0,0.5853658536585366,2.0,1,2026-07-18,2026-07-18,1335000.0,1.0,105000.0,0.018082322614171985,,peripheral,0.8,"Признаков роли нет: вход 105 000 KZT от 1, выход 1 230 000 KZT к 5; передано 1171% (возможны поступления вне выборки).",0.6379,peripheral,26
100000008497298100,2,False,1,0,600000.0,0.0,1,0,0.0,False,0,1,0,0.0,0.0,5.01279615617639e-07,0,0,,,1,2026-07-29,2026-07-29,600000.0,1.0,600000.0,0.002370756398881162,,terminal,0.712,Признаки оседания: получил 600 000 KZT от 1 плательщиков; исходящих ≥5 000 KZT в наблюдаемой выборке 0.,0.6378,terminal,4
100000008200810100,3,False,1,0,475000.0,0.0,1,0,0.0,False,0,2,0,0.0,0.0,3.794136183730392e-07,0,0,,,1,2026-07-03,2026-07-03,475000.0,0.955757624121806,453984.87145785784,0.0017938125650066642,,terminal,0.681,Признаки оседания: получил 475 000 KZT от 1 плательщиков; исходящих ≥5 000 KZT в наблюдаемой выборке 0.,0.6378,terminal,12
100000003164661100,3,False,1,0,596200.0,0.0,3,0,0.0,False,0,1,0,0.0,0.0,0.0,0,3,,,1,2026-07-14,2026-07-21,596200.0,0.9998291388430322,596194.3473803734,0.002355719273381317,,terminal,0.712,Признаки оседания: получил 596 200 KZT от 1 плательщиков; исходящих ≥5 000 KZT в наблюдаемой выборке 0.,0.6373,terminal,28
100000008532050100,3,False,1,0,455156.0,0.0,1,0,0.0,False,0,7,0,0.0,0.0,0.0029401739563140994,0,0,,,1,2026-07-15,2026-07-15,455156.0,0.5403576910379955,281822.6114909706,0.001113554599236008,,terminal,0.676,Признаки оседания: получил 455 156 KZT от 1 плательщиков; исходящих ≥5 000 KZT в наблюдаемой выборке 0.,0.6371,terminal,8
100000002433697100,3,False,1,1,130000.0,110000.0,1,1,0.8461538461538461,False,0,7,0,1.922024458454748e-05,0.0,0.0029401739563140994,0,0,1.0,0.0,1,2026-07-03,2026-07-03,240000.0,0.5403576910379955,80493.14848936668,0.0005529097612594029,,transit,0.954,"Признаки транзита: получил 130 000 KZT, передано 85%. 100% ушло в течение 2 дней после поступления.",0.6367,transit,8
100000002670860100,1,False,2,0,450000.0,0.0,2,0,0.0,False,1,3,0,0.0,0.0,4.7208284445292576e-06,0,0,,,1,2026-07-04,2026-07-21,450000.0,0.9754209022898923,438939.40603045153,0.0017343640092796285,,terminal,0.738,Признаки оседания: получил 450 000 KZT от 2 плательщиков; исходящих ≥5 000 KZT в наблюдаемой выборке 0.,0.6353,terminal,12
100000003035737100,3,False,2,1,809170.0,6544.53,3,1,0.008087954323566123,False,0,7,0,1.922024458454748e-05,0.0,0.003070454328546566,0,0,1.0,1.0,1,2026-07-15,2026-07-23,815714.53,0.4551406271193842,428270.44038275455,0.0017039776919798263,,peripheral,0.8,"Признаков роли нет: вход 809 170 KZT от 2, выход 6 545 KZT к 1; передано 1%.",0.6352,peripheral,8
100000004664905100,1,False,2,0,329020.0,0.0,4,0,0.0,False,1,7,0,0.0,0.0,0.00030536517622965586,0,0,,,1,2026-07-10,2026-07-21,329020.0,0.8593862212068256,292992.0742734831,0.0011576880581755957,,terminal,0.707,Признаки оседания: получил 329 020 KZT от 2 плательщиков; исходящих ≥5 000 KZT в наблюдаемой выборке 0.,0.6349,terminal,7
100000001609499100,1,False,3,2,263113.0,21000.0,3,2,0.07981361620292422,False,1,7,1,0.0001842231717471561,0.0005433342905763559,0.006661874799608856,11,0,0.47619047619047616,2.0,1,2026-07-06,2026-07-08,284113.0,0.7378404532617902,209303.4437350787,0.0008883031643150383,,peripheral,0.8,"Признаков роли нет: вход 263 113 KZT от 3, выход 21 000 KZT к 2; передано 8%.",0.6348,peripheral,1
100000002773323100,3,False,2,1,285000.0,1171644.0,2,2,4.111031578947369,False,0,8,0,2.139985994980544e-05,0.0,7.528982554661002e-07,0,0,0.0,15.5,2,2026-07-15,2026-07-15,1456644.0,0.28844226199506506,96177.13094743456,0.0017153559582816817,,peripheral,0.8,"Признаков роли нет: вход 285 000 KZT от 2, выход 1 171 644 KZT к 1; передано 411% (возможны поступления вне выборки).",0.6344,peripheral,5
100000004603109100,3,False,3,2,2730000.0,400000.0,8,2,0.14652014652014653,False,0,2,0,6.93513979854806e-07,5.703687675028197e-248,4.809448994478409e-248,6,0,1.0,0.0,2,2026-07-02,2026-07-12,3130000.0,0.9935836086032435,2719150.3832573453,0.012252509060868621,,peripheral,0.8,"Признаков роли нет: вход 2 730 000 KZT от 3, выход 400 000 KZT к 2; передано 15%.",0.6342,peripheral,22
100000002738256100,2,False,1,1,150200.0,175000.0,1,1,1.1651131824234353,False,0,1,0,0.0,0.0,7.983534595344914e-303,1,9,1.0,1.0,1,2026-07-08,2026-07-08,325200.0,0.9996020147568273,150140.22261647545,0.0012827874064596804,,transit,0.95,"Признаки транзита: получил 150 200 KZT, передано 117%. 100% ушло в течение 2 дней после поступления.",0.6336,transit,51
100000000413678100,3,False,2,3,306500.0,528198.0,2,18,1.723321370309951,False,0,7,0,5.7660733753642434e-05,1.57847465707e-313,0.00305383118842114,0,0,0.14767000253692744,4.5,2,2026-07-16,2026-07-16,834698.0,0.40001342416632846,148865.77335287115,0.0014230546837144809,,peripheral,0.8,"Признаков роли нет: вход 306 500 KZT от 2, выход 528 198 KZT к 3; передано 172% (возможны поступления вне выборки).",0.6334,peripheral,6
100000008489922100,3,False,3,36,262010.0,3789900.0,5,41,14.464715087210411,False,0,8,0,0.0008721882963004519,6.847779925443849e-05,3.846397730343789e-06,2,0,0.2690572310615056,4.0,2,2026-07-16,2026-07-21,4051910.0,0.35683744174380433,107208.4364398369,-0.006997544932551409,,distributor,1.0,"Признаки раздачи: 36 получателей против 3 плательщиков, отправил 3 789 900 KZT в 41 переводах.",0.6323,distributor,5
100000004390333100,1,False,2,9,64558.0,506500.0,2,14,7.845658167849066,False,1,7,2,0.00015841501981922766,0.002869107966538326,0.00505746306905961,16,0,0.21717670286278382,14.5,1,2026-07-02,2026-07-03,571058.0,0.9026827143809937,59981.1718005578,0.00892433295855421,,peripheral,0.8,"Признаков роли нет: вход 64 558 KZT от 2, выход 506 500 KZT к 9; передано 785% (возможны поступления вне выборки).",0.6322,peripheral,1
100000002956898100,2,False,2,0,290240.0,0.0,2,0,0.0,False,0,7,0,0.0,0.0,8.824618242091394e-05,0,0,,,1,2026-07-11,2026-07-29,290240.0,0.9828343135176099,288404.8395690882,0.0011395626981278656,,terminal,0.698,Признаки оседания: получил 290 240 KZT от 2 плательщиков; исходящих ≥5 000 KZT в наблюдаемой выборке 0.,0.6321,terminal,15
100000008628231100,1,False,1,2,50000.0,627870.0,1,19,12.5574,False,1,10,0,4.755524433290098e-05,0.0,0.0004611679456476809,0,0,0.03503910045073025,3.0,1,2026-07-23,2026-07-23,677870.0,1.0,50000.0,0.002678441066849289,,peripheral,0.8,"Признаков роли нет: вход 50 000 KZT от 1, выход 627 870 KZT к 2; передано 1256% (возможны поступления вне выборки).",0.6321,peripheral,65
100000004892144100,3,False,2,1,4500000.0,180300.0,7,1,0.04006666666666667,False,0,2,0,0.0,4.023432257479479e-248,3.947731740227498e-248,4,0,0.0,4.0,2,2026-07-02,2026-07-16,4680300.0,0.9939227090270031,4482343.929716655,0.018382673315182473,,peripheral,0.8,"Признаков роли нет: вход 4 500 000 KZT от 2, выход 180 300 KZT к 1; передано 4%.",0.6311,peripheral,22
100000008517061100,4,False,1,0,1844000.0,0.0,4,0,0.0,True,0,7,0,0.0,0.0,5.9204628229038967e-08,0,0,,,1,2026-07-16,2026-07-16,1844000.0,0.08079673372007973,165271.85048466822,0.0006530321618191003,0.31933677548190426,truncated,1.0,"Граница обхода, глубина 4: исходящие не выгружены. Получил 1 844 000 KZT от 1; P(переводит дальше)=32%.",0.6308,peripheral,14
100000004041163100,0,True,1,2,50000.0,866000.0,1,6,17.32,False,1,14,2,2.3381328463676314e-05,4.642405447761473e-07,0.0,1,0,0.05542725173210162,0.0,1,2026-07-19,2026-07-19,916000.0,1.0,50000.0,0.0036193547689585743,,peripheral,0.8,"Признаков роли нет: вход 50 000 KZT от 1, выход 866 000 KZT к 2; передано 1732% (возможны поступления вне выборки).",0.6307,peripheral,18
100000003042994100,1,False,1,0,286086.0,0.0,3,0,0.0,False,1,7,0,0.0,0.0,0.0002952416008836587,0,0,,,1,2026-07-03,2026-07-23,286086.0,1.0,286086.0,0.0011304003585505269,,terminal,0.634,Признаки оседания: получил 286 086 KZT от 1 плательщиков; исходящих ≥5 000 KZT в наблюдаемой выборке 0.,0.6307,terminal,7
100000007511163100,1,False,2,3,63666.0,82052.0,2,3,1.2887883642760658,False,1,7,1,0.00013645713165524087,0.0001273968599972896,0.00030536517622965586,1,0,0.5971822746550968,0.0,1,2026-07-02,2026-07-05,145718.0,0.6228043303073487,44965.06397670203,0.0003978962181360048,,transit,0.793,"Признаки транзита: получил 63 666 KZT, передано 129%. 60% ушло в течение 2 дней после поступления.",0.6303,transit,7
100000004180097100,1,False,3,3,104854.0,47800.0,5,7,0.4558719743643542,False,1,7,0,0.0003136664657457594,7.623100905825776e-06,0.002186648712414723,3,0,0.8577405857740585,0.0,1,2026-07-01,2026-07-31,152654.0,0.9945551084495158,104580.73289507614,0.002582709858586509,,peripheral,0.8,"Признаков роли нет: вход 104 854 KZT от 3, выход 47 800 KZT к 3; передано 46%.",0.6303,peripheral,1
100000001884825100,3,False,3,0,495000.0,0.0,3,0,0.0,False,0,8,0,0.0,0.0,3.573322415596673e-06,0,0,,,2,2026-07-17,2026-07-26,495000.0,0.2744272287544462,165091.74008300737,0.0006523204986736988,,terminal,0.811,Признаки оседания: получил 495 000 KZT от 3 плательщиков; исходящих ≥5 000 KZT в наблюдаемой выборке 0.,0.6302,terminal,5
100000001965374100,2,False,2,3,1759720.0,3082100.0,8,5,1.7514718250630783,False,0,1,0,1.5851748110966993e-06,1.57847465707e-313,2.0634130748036925e-248,1,0,0.2615100094091691,3.5,2,2026-07-02,2026-07-25,4841820.0,0.9999986484543425,1759717.6216580756,0.01913126705523539,,peripheral,0.8,"Признаков роли нет: вход 1 759 720 KZT от 2, выход 3 082 100 KZT к 3; передано 175% (возможны поступления вне выборки).",0.6296,peripheral,22
100000004559194100,1,False,1,0,282145.0,0.0,6,0,0.0,False,1,7,0,0.0,0.0,0.0002952416008836587,0,0,,,1,2026-07-09,2026-07-14,282145.0,1.0,282145.0,0.0011148284402705425,,terminal,0.633,Признаки оседания: получил 282 145 KZT от 1 плательщиков; исходящих ≥5 000 KZT в наблюдаемой выборке 0.,0.6294,terminal,7
100000001285440100,3,False,2,0,243000.0,0.0,2,0,0.0,False,0,9,0,0.0,0.0,3.304379002771264e-06,0,0,,,2,2026-07-30,2026-07-30,243000.0,0.6385877226575285,172660.7290676458,0.0006822275471210433,,terminal,0.686,Признаки оседания: получил 243 000 KZT от 2 плательщиков; исходящих ≥5 000 KZT в наблюдаемой выборке 0.,0.6294,terminal,19
100000000201868100,2,False,1,1,190000.0,190000.0,1,1,1.0,False,0,7,0,0.0,0.00013207133011305922,1.23619985386e-313,1,0,1.0,1.0,1,2026-07-03,2026-07-03,380000.0,0.4923841040436391,97871.88980019208,0.0006074726061164864,,transit,1.0,"Признаки транзита: получил 190 000 KZT, передано 100%. 100% ушло в течение 2 дней после поступления.",0.6293,transit,53
100000007181706100,1,False,2,0,176272.0,0.0,2,0,0.0,False,1,10,0,0.0,0.0,0.0033669494784569405,0,0,,,2,2026-07-22,2026-07-22,176272.0,0.9763109736542215,173230.02879284162,0.0006844769987316095,,terminal,0.669,Признаки оседания: получил 176 272 KZT от 2 плательщиков; исходящих ≥5 000 KZT в наблюдаемой выборке 0.,0.6292,terminal,3
100000002720627100,1,False,1,0,199300.0,0.0,1,0,0.0,False,1,8,0,0.0,0.0,0.00012279960108290615,0,0,,,1,2026-07-21,2026-07-21,199300.0,1.0,199300.0,0.000787486250495026,,terminal,0.612,Признаки оседания: получил 199 300 KZT от 1 плательщиков; исходящих ≥5 000 KZT в наблюдаемой выборке 0.,0.629,terminal,11
100000002521039100,3,False,1,0,349370.0,0.0,1,0,0.0,False,0,7,0,0.0,0.0,0.0029057815328092595,0,0,,,1,2026-07-20,2026-07-20,349370.0,0.6659430358381553,264348.1215484063,0.0010445083344884126,,terminal,0.65,Признаки оседания: получил 349 370 KZT от 1 плательщиков; исходящих ≥5 000 KZT в наблюдаемой выборке 0.,0.629,terminal,1
100000003034546100,2,False,1,0,486715.0,0.0,2,0,0.0,False,0,1,0,0.0,0.0,5.01279615617639e-07,0,0,,,1,2026-07-29,2026-07-30,486715.0,1.0,486715.0,0.0019231378344690747,,terminal,0.684,Признаки оседания: получил 486 715 KZT от 1 плательщиков; исходящих ≥5 000 KZT в наблюдаемой выборке 0.,0.6284,terminal,4
100000003989033100,4,False,1,0,373400.0,0.0,13,0,0.0,True,0,1,0,0.0,0.0,0.0,0,0,,,1,2026-07-06,2026-07-30,373400.0,1.0,373400.0,0.0014754007322370433,0.3416058281404129,truncated,1.0,"Граница обхода, глубина 4: исходящие не выгружены. Получил 373 400 KZT от 1; P(переводит дальше)=34%.",0.6278,peripheral,9
100000004188160100,1,False,2,5,87862.0,133846.0,5,6,1.5233661878855478,False,1,7,1,0.002460104826647164,9.60930845811675e-05,0.0003309179489902753,4,0,0.38653377762503177,0.5,1,2026-07-03,2026-07-28,221708.0,0.9979991519250246,87801.61301533309,0.0016241508553317312,,peripheral,0.8,"Признаков роли нет: вход 87 862 KZT от 2, выход 133 846 KZT к 5; передано 152% (возможны поступления вне выборки).",0.6269,peripheral,7
100000000594783100,3,False,1,2,2635000.0,152500.0,10,2,0.05787476280834915,False,0,2,0,0.0,6.070456538802831e-248,1.911531541212292e-248,3,0,1.0,0.5,1,2026-07-02,2026-07-27,2787500.0,0.9941801798227059,2624810.6758946436,0.010949782509460756,,peripheral,0.8,"Признаков роли нет: вход 2 635 000 KZT от 1, выход 152 500 KZT к 2; передано 6%.",0.6268,peripheral,22
100000003097324100,3,False,2,0,294000.0,0.0,2,0,0.0,False,0,9,0,0.0,0.0,2.3221272445380585e-06,0,0,,,2,2026-07-26,2026-07-26,294000.0,0.471645257434898,160263.23738017556,0.0006332418258741079,,terminal,0.698,Признаки оседания: получил 294 000 KZT от 2 плательщиков; исходящих ≥5 000 KZT в наблюдаемой выборке 0.,0.6263,terminal,19
100000001929088100,1,False,2,0,396010.0,0.0,2,0,0.0,False,2,2,0,0.0,0.0,2.7089219328016247e-05,0,0,,,1,2026-07-17,2026-07-31,396010.0,1.0,396010.0,0.001564738735868215,,terminal,0.724,Признаки оседания: получил 396 010 KZT от 2 плательщиков; исходящих ≥5 000 KZT в наблюдаемой выборке 0.,0.6262,terminal,4
100000002306369100,1,False,1,6,73166.0,260900.0,1,9,3.5658639258672062,False,1,7,0,7.025152223848328e-05,0.0037957609279209736,0.0021516815362503513,7,0,0.0,21.0,1,2026-07-01,2026-07-01,334066.0,1.0,73166.0,0.018414115325592336,,peripheral,0.8,"Признаков роли нет: вход 73 166 KZT от 1, выход 260 900 KZT к 6; передано 357% (возможны поступления вне выборки).",0.6261,peripheral,3
100000000552584100,3,False,1,1,2500000.0,57500.0,3,1,0.023,False,0,2,0,0.0,2.0470242813233522e-248,1.911531541212292e-248,2,0,0.0,4.0,1,2026-07-08,2026-07-16,2557500.0,0.994180179822706,2490332.709577461,0.010062840239576515,,peripheral,0.8,"Признаков роли нет: вход 2 500 000 KZT от 1, выход 57 500 KZT к 1; передано 2%.",0.6259,peripheral,22
100000002255058100,3,False,1,0,491500.0,0.0,2,0,0.0,False,0,1,0,0.0,0.0,3.779950088199087e-06,0,0,,,1,2026-07-13,2026-07-24,491500.0,0.8946973593964335,467059.5496232472,0.0018454740265464599,,terminal,0.685,Признаки оседания: получил 491 500 KZT от 1 плательщиков; исходящих ≥5 000 KZT в наблюдаемой выборке 0.,0.6258,terminal,3
100000001009583100,3,False,1,0,393740.0,0.0,1,0,0.0,False,0,7,0,0.0,0.0,0.0029401739563140994,0,0,,,1,2026-07-31,2026-07-31,393740.0,0.5403576910379955,243795.17143233257,0.0009632982711492741,,terminal,0.661,Признаки оседания: получил 393 740 KZT от 1 плательщиков; исходящих ≥5 000 KZT в наблюдаемой выборке 0.,0.6253,terminal,8
100000003834495100,3,False,3,1,602441.0,20000.0,5,1,0.0331982716979754,False,0,7,0,2.871714010460002e-06,0.0004856338950625699,0.0022879939909000255,0,0,1.0,0.0,2,2026-07-07,2026-07-31,622441.0,0.6965368725608512,460532.3989526762,0.0018747275277712404,,peripheral,0.8,"Признаков роли нет: вход 602 441 KZT от 3, выход 20 000 KZT к 1; передано 3%.",0.6253,peripheral,1
100000001311175100,4,False,1,0,300000.0,0.0,1,0,0.0,True,0,2,0,0.0,0.0,0.0,0,0,,,1,2026-07-21,2026-07-21,300000.0,0.9002021292975896,286727.2872365418,0.001132934251583113,0.3203631255516152,truncated,1.0,"Граница обхода, глубина 4: исходящие не выгружены. Получил 300 000 KZT от 1; P(переводит дальше)=32%.",0.6252,peripheral,12
100000005933757100,2,False,4,34,1246000.0,3002628.0,6,46,2.409813804173355,False,0,7,0,0.0038927878243158673,0.0013100381793462932,3.5038568623570007e-06,3,0,0.6113238136725562,2.0,2,2026-07-06,2026-07-16,4248628.0,0.11815174558676846,159012.3034886949,-0.0024111018420083364,,distributor,1.0,"Признаки раздачи: 34 получателей против 4 плательщиков, отправил 3 002 628 KZT в 46 переводах.",0.625,distributor,14
100000008473207100,2,False,1,0,202000.0,0.0,4,0,0.0,False,0,11,0,0.0,0.0,1.862578378996418e-253,0,0,,,1,2026-07-03,2026-07-13,202000.0,0.715347532061092,150811.2813320548,0.0005958946837356912,,terminal,0.613,Признаки оседания: получил 202 000 KZT от 1 плательщиков; исходящих ≥5 000 KZT в наблюдаемой выборке 0.,0.624,terminal,3
100000008556318100,1,False,2,0,180132.0,0.0,2,0,0.0,False,1,10,0,0.0,0.0,0.00046485514443924406,0,0,,,1,2026-07-14,2026-07-19,180132.0,0.8961403066149768,163243.21248811105,0.0006450164843000748,,terminal,0.67,Признаки оседания: получил 180 132 KZT от 2 плательщиков; исходящих ≥5 000 KZT в наблюдаемой выборке 0.,0.624,terminal,3
100000008555918100,1,False,1,2,139211.0,43300.0,1,2,0.3110386391879952,False,1,10,0,4.755524433290098e-05,0.0,0.0004611679456476809,0,0,0.0,,1,2026-07-19,2026-07-19,182511.0,1.0,139211.0,0.0007211485351936663,,peripheral,0.8,"Признаков роли нет: вход 139 211 KZT от 1, выход 43 300 KZT к 2; передано 31%.",0.6238,peripheral,3
100000002964966100,2,False,1,0,200000.0,0.0,1,0,0.0,False,0,8,0,0.0,0.0,2.8321519604650354e-232,0,0,,,1,2026-07-14,2026-07-14,200000.0,0.8986314514440024,184583.2255555268,0.0007293364385197477,,terminal,0.612,Признаки оседания: получил 200 000 KZT от 1 плательщиков; исходящих ≥5 000 KZT в наблюдаемой выборке 0.,0.6236,terminal,3
100000002621949100,1,False,1,0,164612.0,0.0,1,0,0.0,False,1,10,0,0.0,0.0,0.0004611679456476809,0,0,,,1,2026-07-24,2026-07-24,164612.0,1.0,164612.0,0.0006504249205543765,,terminal,0.604,Признаки оседания: получил 164 612 KZT от 1 плательщиков; исходящих ≥5 000 KZT в наблюдаемой выборке 0.,0.6234,terminal,3
100000002760175100,1,False,1,0,187410.0,0.0,1,0,0.0,False,1,8,0,0.0,0.0,0.00012279960108290615,0,0,,,1,2026-07-16,2026-07-16,187410.0,1.0,187410.0,0.000740505761190531,,terminal,0.609,Признаки оседания: получил 187 410 KZT от 1 плательщиков; исходящих ≥5 000 KZT в наблюдаемой выборке 0.,0.6231,terminal,11
100000008747113100,1,False,2,0,197801.0,0.0,2,0,0.0,False,1,10,0,0.0,0.0,0.00340134190196178,0,0,,,2,2026-07-26,2026-07-26,197801.0,0.7555170735947113,157734.72425050975,0.0006232510114043628,,terminal,0.674,Признаки оседания: получил 197 801 KZT от 2 плательщиков; исходящих ≥5 000 KZT в наблюдаемой выборке 0.,0.6229,terminal,8
100000002548759100,3,False,2,0,375000.0,0.0,2,0,0.0,False,0,9,0,0.0,0.0,5.1869481344747795e-06,0,0,,,2,2026-07-28,2026-07-28,375000.0,0.32682781401986716,145346.3248671235,0.000574301216220894,,terminal,0.719,Признаки оседания: получил 375 000 KZT от 2 плательщиков; исходящих ≥5 000 KZT в наблюдаемой выборке 0.,0.6224,terminal,5
100000002815005100,3,False,1,0,476500.0,0.0,1,0,0.0,False,0,8,0,0.0,0.0,1.966214550791006e-06,0,0,,,1,2026-07-29,2026-07-29,476500.0,0.252348005014537,150341.16850290066,0.0005940371454058569,,terminal,0.682,Признаки оседания: получил 476 500 KZT от 1 плательщиков; исходящих ≥5 000 KZT в наблюдаемой выборке 0.,0.622,terminal,5
100000002194320100,4,False,1,0,275000.0,0.0,1,0,0.0,True,0,7,0,0.0,0.0,0.0,0,0,,,1,2026-07-05,2026-07-05,275000.0,0.6319106840088416,191191.64770474934,0.0007554480370144494,0.28595367814033024,truncated,1.0,"Граница обхода, глубина 4: исходящие не выгружены. Получил 275 000 KZT от 1; P(переводит дальше)=29%.",0.6215,peripheral,15
100000008675322100,4,False,1,0,340000.0,0.0,4,0,0.0,True,0,7,0,0.0,0.0,2.3749511394193016e-243,0,0,,,1,2026-07-09,2026-07-15,340000.0,0.5119191887828877,183721.61495291846,0.0007259319904372498,0.3080446697052035,truncated,1.0,"Граница обхода, глубина 4: исходящие не выгружены. Получил 340 000 KZT от 1; P(переводит дальше)=31%.",0.6214,peripheral,34
100000000656682100,3,False,1,2,71000.0,80000.0,1,3,1.1267605633802817,False,0,7,0,3.844048916909496e-05,0.0,0.0029057815328092595,0,0,0.0,5.5,1,2026-07-23,2026-07-23,151000.0,0.6659430358381553,53721.60354334043,0.00042277322073132887,,transit,0.662,"Признаки транзита: получил 71 000 KZT, передано 113%. 0% ушло в течение 2 дней после поступления.",0.6209,transit,1
100000003031761100,3,False,1,0,460408.0,0.0,1,0,0.0,False,0,1,0,0.0,0.0,7.936044019065454e-05,0,0,,,1,2026-07-07,2026-07-07,460408.0,0.8946973593964337,437513.63809346897,0.0017287304285131244,,terminal,0.678,Признаки оседания: получил 460 408 KZT от 1 плательщиков; исходящих ≥5 000 KZT в наблюдаемой выборке 0.,0.6208,terminal,6
100000000041368100,1,False,1,0,160000.0,0.0,1,0,0.0,False,1,10,0,0.0,0.0,0.0004611679456476809,0,0,,,1,2026-07-22,2026-07-22,160000.0,1.0,160000.0,0.0006322017063683099,,terminal,0.602,Признаки оседания: получил 160 000 KZT от 1 плательщиков; исходящих ≥5 000 KZT в наблюдаемой выборке 0.,0.6203,terminal,3
100000001102676100,2,False,1,1,50000.0,50000.0,1,1,1.0,False,0,8,1,2.3975769017837576e-05,0.0005761766845712224,2.8321519604650354e-232,0,0,1.0,0.0,1,2026-07-26,2026-07-26,100000.0,0.8986314514440024,46145.8063888817,0.0003598704649421997,,transit,1.0,"Признаки транзита: получил 50 000 KZT, передано 100%. 100% ушло в течение 2 дней после поступления.",0.6201,transit,3
100000007536804100,1,False,1,2,100000.0,55000.0,1,2,0.55,False,1,1,0,7.925874055483496e-07,1.1601484540645376e-302,4.341414826156218e-06,0,0,0.8181818181818182,3.0,1,2026-07-25,2026-07-25,155000.0,1.0,100000.0,0.0017835813511552258,,transit,0.81,"Признаки транзита: получил 100 000 KZT, передано 55%. 82% ушло в течение 2 дней после поступления.",0.62,transit,4
100000000291906100,2,False,2,2,388000.0,455854.0,3,6,1.1748814432989692,False,0,7,0,7.806985944651244e-05,0.0,0.0,1,0,0.4186735226629579,3.0,1,2026-07-03,2026-07-20,843854.0,0.07995835863616695,31023.843150832774,0.00035118526617148834,,transit,0.773,"Признаки транзита: получил 388 000 KZT, передано 117%. 42% ушло в течение 2 дней после поступления.",0.6199,transit,49
100000006564102100,2,False,1,0,233235.0,0.0,1,0,0.0,False,0,9,0,0.0,0.0,0.0001427672909306537,0,0,,,1,2026-07-23,2026-07-23,233235.0,0.5957146489028127,154291.48434536366,0.0006096458730076723,,terminal,0.621,Признаки оседания: получил 233 235 KZT от 1 плательщиков; исходящих ≥5 000 KZT в наблюдаемой выборке 0.,0.6194,terminal,3
100000003985389100,4,False,1,0,422698.0,0.0,16,0,0.0,True,0,7,0,0.0,0.0,1.23619985386e-313,0,0,,,1,2026-07-03,2026-07-28,422698.0,0.35296314623040353,169084.8743682587,0.0006680984131042449,0.33779404299543725,truncated,1.0,"Граница обхода, глубина 4: исходящие не выгружены. Получил 422 698 KZT от 1; P(переводит дальше)=34%.",0.6194,peripheral,6
100000000596954100,2,False,1,2,120000.0,48100.0,1,2,0.4008333333333333,False,0,10,0,4.834783173844933e-05,0.0,0.0,0,0,1.0,2.0,1,2026-07-16,2026-07-16,168100.0,0.9995001336469667,119940.016037636,0.0007512602653418075,,peripheral,0.8,"Признаков роли нет: вход 120 000 KZT от 1, выход 48 100 KZT к 2; передано 40%.",0.6194,peripheral,3
100000004186824100,1,False,2,1,451700.0,7000.0,7,1,0.015497011290679655,False,1,7,0,2.1796153652579613e-06,0.0001266670775836496,0.0003078380876645964,0,0,0.0,4.0,1,2026-07-09,2026-07-20,458700.0,0.9982401741632815,451127.0985885048,0.0018070905137334142,,peripheral,0.8,"Признаков роли нет: вход 451 700 KZT от 2, выход 7 000 KZT к 1; передано 2%.",0.6188,peripheral,7
100000002958343100,2,False,1,2,2900000.0,1390000.0,4,17,0.4793103448275862,False,0,1,0,3.962937027741748e-07,1.8776030241214768e-06,1.23619985386e-313,1,0,0.1079136690647482,9.0,1,2026-07-01,2026-07-13,4290000.0,0.8872389953130658,2572993.086407891,0.015008763986707117,,peripheral,0.8,"Признаков роли нет: вход 2 900 000 KZT от 1, выход 1 390 000 KZT к 2; передано 48%.",0.6184,peripheral,48
100000003360542100,2,False,2,2,317000.0,51800.0,3,5,0.16340694006309148,False,0,11,0,9.90734256935437e-07,0.0021493825147340397,3.2544319789852904e-07,3,0,0.29922779922779924,4.0,1,2026-07-01,2026-07-19,368800.0,0.6958264518554549,226450.31634921767,0.0010338596048285883,,peripheral,0.8,"Признаков роли нет: вход 317 000 KZT от 2, выход 51 800 KZT к 2; передано 16%.",0.6181,peripheral,11
100000003920950100,3,False,1,0,323290.0,0.0,1,0,0.0,False,0,7,0,0.0,0.0,0.00010831189501834011,0,0,,,1,2026-07-15,2026-07-15,323290.0,0.6306110844025657,231601.03874451236,0.0009151160743184486,,terminal,0.643,Признаки оседания: получил 323 290 KZT от 1 плательщиков; исходящих ≥5 000 KZT в наблюдаемой выборке 0.,0.618,terminal,4
100000001924185100,1,False,2,0,151000.0,0.0,2,0,0.0,False,2,11,0,0.0,0.0,0.000583967546730587,0,0,,,1,2026-07-19,2026-07-21,151000.0,1.0,151000.0,0.0005966403603850925,,terminal,0.663,Признаки оседания: получил 151 000 KZT от 2 плательщиков; исходящих ≥5 000 KZT в наблюдаемой выборке 0.,0.618,terminal,11
100000008516839100,0,True,3,0,155000.0,0.0,4,0,0.0,False,1,10,0,0.0,0.0,1.9273957495756453e-302,0,0,,,2,2026-07-06,2026-07-12,155000.0,1.0,155000.0,0.0006124454030443002,,terminal,0.726,Признаки оседания: получил 155 000 KZT от 3 плательщиков; исходящих ≥5 000 KZT в наблюдаемой выборке 0.,0.6179,terminal,18
100000008190411100,4,False,1,0,198450.0,0.0,12,0,0.0,True,0,7,0,0.0,0.0,1.4075358594693281e-08,0,0,,,1,2026-07-02,2026-07-26,198450.0,0.9753224389956983,193552.7380186963,0.0007647773202979702,0.3291112631043781,truncated,1.0,"Граница обхода, глубина 4: исходящие не выгружены. Получил 198 450 KZT от 1; P(переводит дальше)=33%.",0.6172,peripheral,5
100000004077081100,3,False,1,4,140000.0,615000.0,1,6,4.392857142857143,False,0,7,1,0.00011599154155885525,0.0012387798977508849,0.0029401739563140994,0,0,0.6829268292682927,0.5,1,2026-07-23,2026-07-23,755000.0,0.5403576910379955,86684.92914239489,0.001345125068918068,,peripheral,0.8,"Признаков роли нет: вход 140 000 KZT от 1, выход 615 000 KZT к 4; передано 439% (возможны поступления вне выборки).",0.617,peripheral,3
100000001985793100,2,False,1,0,420000.0,0.0,1,0,0.0,False,0,1,0,0.0,0.0,4.282827661438586e-07,0,0,,,1,2026-07-20,2026-07-20,420000.0,1.0,420000.0,0.0016595294792168134,,terminal,0.668,Признаки оседания: получил 420 000 KZT от 1 плательщиков; исходящих ≥5 000 KZT в наблюдаемой выборке 0.,0.6165,terminal,26
100000001131403100,4,False,1,0,1570000.0,0.0,3,0,0.0,True,0,7,0,0.0,0.0,1.23619985386e-313,0,0,,,1,2026-07-20,2026-07-27,1570000.0,0.08079673372007973,140714.1026360787,0.0005559980987288022,0.342925645727893,truncated,1.0,"Граница обхода, глубина 4: исходящие не выгружены. Получил 1 570 000 KZT от 1; P(переводит дальше)=34%.",0.6161,peripheral,56
100000004790991100,1,False,1,0,239413.0,0.0,4,0,0.0,False,1,7,0,0.0,0.0,0.0002952416008836587,0,0,,,1,2026-07-04,2026-07-15,239413.0,1.0,239413.0,0.0009459831695422261,,terminal,0.622,Признаки оседания: получил 239 413 KZT от 1 плательщиков; исходящих ≥5 000 KZT в наблюдаемой выборке 0.,0.6161,terminal,7
100000008295429100,3,False,1,0,352000.0,0.0,1,0,0.0,False,0,7,0,0.0,0.0,0.0029401739563140994,0,0,,,1,2026-07-20,2026-07-20,352000.0,0.5403576910379955,217950.67898659286,0.0008611799447465443,,terminal,0.65,Признаки оседания: получил 352 000 KZT от 1 плательщиков; исходящих ≥5 000 KZT в наблюдаемой выборке 0.,0.6156,terminal,8
100000000254336100,3,False,2,1,97177.0,60000.0,2,1,0.6174300503205491,False,0,7,0,1.922024458454748e-05,0.0,0.004037719928774491,0,0,1.0,0.0,1,2026-07-12,2026-07-13,157177.0,0.6668335628024694,73239.41679550613,0.00044747802029740196,,transit,0.885,"Признаки транзита: получил 97 177 KZT, передано 62%. 100% ушло в течение 2 дней после поступления.",0.6153,transit,1
100000003631015100,4,False,1,0,266000.0,0.0,1,0,0.0,True,0,7,0,0.0,0.0,3.8798761239758137e-256,0,0,,,1,2026-07-16,2026-07-16,266000.0,0.6424778096295601,177140.8475329493,0.0006999296629866534,0.3088757917622373,truncated,1.0,"Граница обхода, глубина 4: исходящие не выгружены. Получил 266 000 KZT от 1; P(переводит дальше)=31%.",0.6147,peripheral,39
100000003057225100,1,False,1,0,236000.0,0.0,1,0,0.0,False,1,7,0,0.0,0.0,0.0002952416008836587,0,0,,,1,2026-07-17,2026-07-17,236000.0,1.0,236000.0,0.0009324975168932572,,terminal,0.621,Признаки оседания: получил 236 000 KZT от 1 плательщиков; исходящих ≥5 000 KZT в наблюдаемой выборке 0.,0.6146,terminal,7
100000000274067100,1,False,2,3,517704.0,2969000.0,9,9,5.734937338710924,False,1,1,0,1.1888811083225246e-06,1.57847465707e-313,4.376405718364655e-06,1,0,0.6921522398113843,0.5,1,2026-07-13,2026-07-29,3486704.0,0.8872389953130658,483875.69859391975,0.01614160622434849,,peripheral,0.8,"Признаков роли нет: вход 517 704 KZT от 2, выход 2 969 000 KZT к 3; передано 573% (возможны поступления вне выборки).",0.6142,peripheral,48
100000003105929100,3,False,1,1,429567.0,156354.0,2,1,0.3639804733603838,False,0,7,0,1.922024458454748e-05,0.0,0.0029401739563140994,0,0,0.0,,1,2026-07-05,2026-07-05,585921.0,0.5403576910379955,265978.4639779367,0.0013847807436735283,,peripheral,0.8,"Признаков роли нет: вход 429 567 KZT от 1, выход 156 354 KZT к 1; передано 36%.",0.6142,peripheral,8
100000008469048100,4,False,1,0,265200.0,0.0,7,0,0.0,True,0,7,0,0.0,0.0,0.0,0,0,,,1,2026-07-04,2026-07-27,265200.0,0.6296352012966554,172032.9947538863,0.0006797472052190342,0.33294755532483145,truncated,1.0,"Граница обхода, глубина 4: исходящие не выгружены. Получил 265 200 KZT от 1; P(переводит дальше)=33%.",0.6127,peripheral,1
100000001287955100,2,False,1,4,17520.0,310000.0,1,5,17.69406392694064,False,0,1,0,0.0006803041897623334,2.20658995465624e-05,2.322813314613868e-05,0,0,0.7409677419354839,4.0,1,2026-07-19,2026-07-19,327520.0,0.9613749847709885,16843.289733187718,0.0016826772825137722,,transit,0.622,"Признаки транзита: получил 17 520 KZT, передано 1769% (возможны поступления вне выборки). 74% ушло в течение 2 дней после поступления.",0.6127,transit,12
100000001689968100,3,False,3,0,344333.75,0.0,3,0,0.0,False,0,7,0,0.0,0.0,0.004048891409284613,0,0,,,1,2026-07-03,2026-07-20,344333.75,0.5150667799036223,211600.40225524156,0.0008360883460873854,,terminal,0.774,Признаки оседания: получил 344 334 KZT от 3 плательщиков; исходящих ≥5 000 KZT в наблюдаемой выборке 0.,0.6125,terminal,8
100000000569479100,3,False,1,0,320000.0,0.0,1,0,0.0,False,0,7,0,0.0,0.0,0.00016105425266535616,0,0,,,1,2026-07-31,2026-07-31,320000.0,0.6066263124577993,213095.1076327781,0.0008419943166511624,,terminal,0.642,Признаки оседания: получил 320 000 KZT от 1 плательщиков; исходящих ≥5 000 KZT в наблюдаемой выборке 0.,0.6122,terminal,1
100000002956779100,3,False,1,0,411000.0,0.0,1,0,0.0,False,0,1,0,0.0,0.0,3.779950088199087e-06,0,0,,,1,2026-07-27,2026-07-27,411000.0,0.8946973593964335,390562.5125028578,0.0015432142927987223,,terminal,0.665,Признаки оседания: получил 411 000 KZT от 1 плательщиков; исходящих ≥5 000 KZT в наблюдаемой выборке 0.,0.6119,terminal,3
100000005844459100,1,False,2,0,243400.0,0.0,2,0,0.0,False,1,7,0,0.0,0.0,0.0032895889214056735,0,0,,,1,2026-07-09,2026-07-30,243400.0,0.907691234333397,227594.94190447117,0.0008992869414549568,,terminal,0.686,Признаки оседания: получил 243 400 KZT от 2 плательщиков; исходящих ≥5 000 KZT в наблюдаемой выборке 0.,0.6118,terminal,1
100000003104347100,2,False,1,1,418000.0,32000.0,1,1,0.07655502392344497,False,0,7,0,1.922024458454748e-05,0.0,9.190763424750497e-05,0,0,0.0,21.0,1,2026-07-05,2026-07-05,450000.0,0.7055020264329096,298502.51913130895,0.001268665179179269,,peripheral,0.8,"Признаков роли нет: вход 418 000 KZT от 1, выход 32 000 KZT к 1; передано 8%.",0.6117,peripheral,21
100000008676812100,3,False,1,0,230800.0,0.0,1,0,0.0,False,0,7,0,0.0,0.0,0.0,0,0,,,1,2026-07-09,2026-07-09,230800.0,1.0,230800.0,0.000911950961436287,,terminal,0.62,Признаки оседания: получил 230 800 KZT от 1 плательщиков; исходящих ≥5 000 KZT в наблюдаемой выборке 0.,0.6116,terminal,17
100000001538095100,3,False,2,0,280000.0,0.0,2,0,0.0,False,0,9,0,0.0,0.0,3.051233521374549e-06,0,0,,,2,2026-07-28,2026-07-28,280000.0,0.4243042854536019,137205.14089275204,0.0005421332762181073,,terminal,0.695,Признаки оседания: получил 280 000 KZT от 2 плательщиков; исходящих ≥5 000 KZT в наблюдаемой выборке 0.,0.6113,terminal,12
100000001317336100,3,False,1,2,131196.0,1752000.0,1,3,13.354065672733924,False,0,7,0,4.0025663980191654e-05,0.0,4.747355765062003e-05,0,0,0.0,4.0,1,2026-07-24,2026-07-24,1883196.0,0.39582931483669814,65087.709044539006,0.0029973499570702124,,peripheral,0.8,"Признаков роли нет: вход 131 196 KZT от 1, выход 1 752 000 KZT к 2; передано 1335% (возможны поступления вне выборки).",0.611,peripheral,30
100000000821507100,2,False,1,0,400000.0,0.0,1,0,0.0,False,0,7,0,0.0,0.0,3.8766877888989646e-07,0,0,,,1,2026-07-22,2026-07-22,400000.0,0.44665696352259815,199970.46902917957,0.0007901354483969074,,terminal,0.662,Признаки оседания: получил 400 000 KZT от 1 плательщиков; исходящих ≥5 000 KZT в наблюдаемой выборке 0.,0.611,terminal,29
100000008333492100,4,False,1,0,216400.0,0.0,1,0,0.0,True,0,9,0,0.0,0.0,4.9968235834670635e-298,0,0,,,1,2026-07-31,2026-07-31,216400.0,0.5058199950127167,112741.61692925931,0.00044547151625876454,0.34079000480204164,truncated,1.0,"Граница обхода, глубина 4: исходящие не выгружены. Получил 216 400 KZT от 1; P(переводит дальше)=34%.",0.6109,peripheral,46
100000008603331100,2,False,2,6,39500.0,741774.0,3,6,18.779088607594936,False,0,7,0,0.0001957690891704424,2.6120657375195375e-06,1.718217169701276e-06,1,0,0.44400855247015936,0.0,1,2026-07-07,2026-07-14,781274.0,0.9928153936316589,39216.20804845053,0.008417508712469362,,peripheral,0.8,"Признаков роли нет: вход 39 500 KZT от 2, выход 741 774 KZT к 6; передано 1878% (возможны поступления вне выборки).",0.6105,peripheral,5
100000000667713100,1,False,2,6,119495.0,79236.0,10,7,0.663090505878907,False,1,7,1,0.00013967625368757418,0.0006759245100784289,0.00030027074505944626,2,0,0.4726386995809985,5.0,1,2026-07-02,2026-07-20,198731.0,0.9600765566902315,114856.80849912605,0.0011272834186104494,,peripheral,0.8,"Признаков роли нет: вход 119 495 KZT от 2, выход 79 236 KZT к 6; передано 66%.",0.6105,peripheral,7
100000002343825100,3,False,3,2,350000.0,89800.0,4,2,0.25657142857142856,False,0,8,0,4.279971989961088e-05,0.0,3.617463219639337e-06,0,0,0.5567928730512249,3.0,2,2026-07-14,2026-07-15,439800.0,0.28618290145896985,119927.76714648226,0.0005754102040277313,,peripheral,0.8,"Признаков роли нет: вход 350 000 KZT от 3, выход 89 800 KZT к 2; передано 26%.",0.6098,peripheral,5
100000005820746100,3,False,1,1,1989000.0,60000.0,2,1,0.030165912518853696,False,0,1,0,0.0,8.78241285305765e-249,1.23619985386e-313,1,0,0.0,4.0,1,2026-07-16,2026-07-16,2049000.0,0.9999603609679268,1988997.3117756872,0.008096107245363244,,peripheral,0.8,"Признаков роли нет: вход 1 989 000 KZT от 1, выход 60 000 KZT к 1; передано 3%.",0.6095,peripheral,22
100000005079754100,1,False,1,2,70000.0,122000.0,1,2,1.7428571428571429,False,1,10,0,9.511048866580196e-05,0.0,0.0004611679456476809,0,0,0.16393442622950818,1.0,1,2026-07-25,2026-07-25,192000.0,1.0,70000.0,0.0008455697822676145,,peripheral,0.8,"Признаков роли нет: вход 70 000 KZT от 1, выход 122 000 KZT к 2; передано 174% (возможны поступления вне выборки).",0.6091,peripheral,3
100000005505655100,1,False,2,1,33070.0,20000.0,2,1,0.6047777441790142,False,1,7,0,0.0002690834241836647,8.933928198287818e-09,0.0002977422825203266,1,0,1.0,0.0,1,2026-07-05,2026-07-08,53070.0,0.5537988269244821,19736.529482513848,0.0010774000355713072,,transit,0.881,"Признаки транзита: получил 33 070 KZT, передано 60%. 100% ушло в течение 2 дней после поступления.",0.609,transit,24
100000006308406100,4,False,1,0,183000.0,0.0,2,0,0.0,True,0,7,0,0.0,0.0,2.3749511394193016e-243,0,0,,,1,2026-07-11,2026-07-20,183000.0,0.9714212669487974,179427.44431655703,0.0007089646029138693,0.3154951876869097,truncated,1.0,"Граница обхода, глубина 4: исходящие не выгружены. Получил 183 000 KZT от 1; P(переводит дальше)=32%.",0.6084,peripheral,20
100000005402643100,2,False,1,1,127800.0,90000.0,1,1,0.704225352112676,False,0,1,0,3.962937027741748e-07,0.0,5.01279615617639e-07,0,0,0.0,,1,2026-07-29,2026-07-29,217800.0,1.0,127800.0,0.0008605845727938619,,transit,0.611,"Признаки транзита: получил 127 800 KZT, передано 70%. 0% ушло в течение 2 дней после поступления.",0.6083,transit,4
100000004076740100,1,False,3,6,93250.0,125000.0,5,10,1.3404825737265416,False,1,7,0,0.000435160400673932,1.9583614279484253e-07,0.002186652206071545,4,0,0.184,6.0,1,2026-07-05,2026-07-25,218250.0,0.6314709170155257,60855.26389102542,0.00224671818943395,,peripheral,0.8,"Признаков роли нет: вход 93 250 KZT от 3, выход 125 000 KZT к 6; передано 134% (возможны поступления вне выборки).",0.608,peripheral,32
100000008695157100,4,False,1,0,425546.0,0.0,3,0,0.0,True,0,7,0,0.0,0.0,3.1784521125680773e-09,0,0,,,1,2026-07-10,2026-07-30,425546.0,0.2535875723968892,147421.6344817666,0.0005825013054685787,0.3423435750496236,truncated,1.0,"Граница обхода, глубина 4: исходящие не выгружены. Получил 425 546 KZT от 1; P(переводит дальше)=34%.",0.6074,peripheral,6
100000002958345100,3,False,1,0,307000.0,0.0,1,0,0.0,False,0,2,0,0.0,0.0,3.794136183730392e-07,0,0,,,1,2026-07-15,2026-07-15,307000.0,0.955757624121806,293417.59060539445,0.0011593693841201068,,terminal,0.639,Признаки оседания: получил 307 000 KZT от 1 плательщиков; исходящих ≥5 000 KZT в наблюдаемой выборке 0.,0.6074,terminal,12
100000004976946100,4,False,1,0,246000.0,0.0,1,0,0.0,True,0,7,0,0.0,0.0,3.8798761239758137e-256,0,0,,,1,2026-07-09,2026-07-09,246000.0,0.6424778096295601,163821.9868161862,0.0006473033725365432,0.29365362962690456,truncated,1.0,"Граница обхода, глубина 4: исходящие не выгружены. Получил 246 000 KZT от 1; P(переводит дальше)=29%.",0.6074,peripheral,39
100000003031633100,3,False,1,0,414000.0,0.0,2,0,0.0,False,0,8,0,0.0,0.0,1.966214550791006e-06,0,0,,,1,2026-07-26,2026-07-26,414000.0,0.252348005014537,130621.7077863607,0.0005161204159454633,,terminal,0.666,Признаки оседания: получил 414 000 KZT от 1 плательщиков; исходящих ≥5 000 KZT в наблюдаемой выборке 0.,0.6074,terminal,5
100000007507343100,1,False,1,0,370000.0,0.0,1,0,0.0,False,1,1,0,0.0,0.0,0.0,0,9,,,1,2026-07-14,2026-07-14,370000.0,1.0,370000.0,0.0014619664459767166,,terminal,0.655,Признаки оседания: получил 370 000 KZT от 1 плательщиков; исходящих ≥5 000 KZT в наблюдаемой выборке 0.,0.6072,terminal,51
100000002509598100,3,False,1,0,305550.0,0.0,1,0,0.0,False,0,2,0,0.0,0.0,3.794136183730392e-07,0,0,,,1,2026-07-18,2026-07-18,305550.0,0.955757624121806,292031.7420504178,0.0011538935352373681,,terminal,0.639,Признаки оседания: получил 305 550 KZT от 1 плательщиков; исходящих ≥5 000 KZT в наблюдаемой выборке 0.,0.6068,terminal,12
100000007281639100,1,False,2,0,216770.0,0.0,4,0,0.0,False,1,7,0,0.0,0.0,0.0003309179489902753,0,0,,,1,2026-07-06,2026-07-31,216770.0,0.9934205999653883,216280.09303253365,0.0008545790241791743,,terminal,0.679,Признаки оседания: получил 216 770 KZT от 2 плательщиков; исходящих ≥5 000 KZT в наблюдаемой выборке 0.,0.6063,terminal,7
100000002663511100,3,False,1,0,268940.0,0.0,1,0,0.0,False,0,7,0,0.0,0.0,0.0011319383959652314,0,0,,,1,2026-07-13,2026-07-13,268940.0,0.6690797475280011,200676.0131257998,0.0007929232370332786,,terminal,0.63,Признаки оседания: получил 268 940 KZT от 1 плательщиков; исходящих ≥5 000 KZT в наблюдаемой выборке 0.,0.6062,terminal,1
100000000976943100,3,False,1,1,70000.0,84000.0,1,3,1.2,False,0,8,0,2.1796153652579615e-05,0.0,4.0375996552677394e-05,0,0,0.13095238095238096,6.0,1,2026-07-20,2026-07-20,154000.0,0.4246537204668031,39263.56412753684,0.0002960856500118272,,transit,0.679,"Признаки транзита: получил 70 000 KZT, передано 120%. 13% ушло в течение 2 дней после поступления.",0.6057,transit,11
100000001872484100,1,False,1,3,871400.0,514580.0,13,9,0.5905210006885472,False,1,1,1,5.944405541612623e-07,1.1601484540645396e-302,0.0,2,11,0.5464262116677678,2.0,1,2026-07-01,2026-07-24,1385980.0,1.0,871400.0,0.0055514422088334256,,peripheral,0.8,"Признаков роли нет: вход 871 400 KZT от 1, выход 514 580 KZT к 3; передано 59%.",0.6057,peripheral,55
100000008418934100,2,False,1,0,360000.0,0.0,1,0,0.0,False,0,1,0,0.0,0.0,5.01279615617639e-07,0,0,,,1,2026-07-26,2026-07-26,360000.0,1.0,360000.0,0.0014224538393286972,,terminal,0.652,Признаки оседания: получил 360 000 KZT от 1 плательщиков; исходящих ≥5 000 KZT в наблюдаемой выборке 0.,0.6055,terminal,4
100000004006327100,4,False,1,0,300000.0,0.0,3,0,0.0,True,0,8,0,0.0,0.0,0.0,0,0,,,1,2026-07-08,2026-07-17,300000.0,0.28947101840359124,107370.30851155819,0.00042424807658935666,0.3116725406037213,truncated,1.0,"Граница обхода, глубина 4: исходящие не выгружены. Получил 300 000 KZT от 1; P(переводит дальше)=31%.",0.6054,peripheral,5
100000008740295100,4,False,1,0,300000.0,0.0,1,0,0.0,True,0,8,0,0.0,0.0,1.276147972494963e-06,0,0,,,1,2026-07-26,2026-07-26,300000.0,0.30249927077752825,107051.2325231413,0.00042298732418714414,0.3314036397390019,truncated,1.0,"Граница обхода, глубина 4: исходящие не выгружены. Получил 300 000 KZT от 1; P(переводит дальше)=33%.",0.605,peripheral,5
100000003060517100,3,False,1,0,315955.0,0.0,1,0,0.0,False,0,7,0,0.0,0.0,0.0004659017954226318,0,0,,,1,2026-07-05,2026-07-05,315955.0,0.4973411187126133,192796.9155402683,0.0007617908686693238,,terminal,0.641,Признаки оседания: получил 315 955 KZT от 1 плательщиков; исходящих ≥5 000 KZT в наблюдаемой выборке 0.,0.6049,terminal,16
100000003835149100,1,False,1,2,248500.0,4600440.0,1,13,18.512837022132796,False,1,1,0,1.7833216624837866e-06,4.901673542785244e-248,1.23619985386e-313,0,0,0.0,18.0,1,2026-07-03,2026-07-03,4848940.0,1.0,248500.0,0.040805242492125256,,peripheral,0.8,"Признаков роли нет: вход 248 500 KZT от 1, выход 4 600 440 KZT к 2; передано 1851% (возможны поступления вне выборки).",0.6047,peripheral,22
100000005124479100,1,False,2,2,137753.0,22000.0,2,2,0.15970614070110994,False,1,10,0,4.755524433290098e-05,0.0,0.0015931063416129122,0,0,0.0,4.0,1,2026-07-13,2026-07-20,159753.0,0.7863250622735848,115175.93135829744,0.0005695729085239391,,peripheral,0.8,"Признаков роли нет: вход 137 753 KZT от 2, выход 22 000 KZT к 2; передано 16%.",0.6043,peripheral,1
100000004544958100,2,False,1,2,168000.0,23200.0,3,2,0.1380952380952381,False,0,8,0,2.0805419395644178e-05,5.3109161779482744e-05,0.0,1,0,0.22413793103448276,3.0,1,2026-07-08,2026-07-13,191200.0,0.9933361099541858,166880.4664723032,0.0007504465965338088,,peripheral,0.8,"Признаков роли нет: вход 168 000 KZT от 1, выход 23 200 KZT к 2; передано 14%.",0.6042,peripheral,11
100000008722541100,4,False,1,0,280000.0,0.0,4,0,0.0,True,0,7,0,0.0,0.0,1.23619985386e-313,0,0,,,1,2026-07-19,2026-07-31,280000.0,0.5119191887828877,151300.15349063874,0.0005978263450660327,0.34224319952600907,truncated,1.0,"Граница обхода, глубина 4: исходящие не выгружены. Получил 280 000 KZT от 1; P(переводит дальше)=34%.",0.6034,peripheral,8
100000003205210100,1,False,1,0,137563.0,0.0,1,0,0.0,False,1,10,0,0.0,0.0,0.0004611679456476809,0,0,,,1,2026-07-24,2026-07-24,137563.0,1.0,137563.0,0.0005435472708321488,,terminal,0.597,Признаки оседания: получил 137 563 KZT от 1 плательщиков; исходящих ≥5 000 KZT в наблюдаемой выборке 0.,0.6032,terminal,3
100000002175422100,2,False,3,6,68500.0,1621188.0,5,14,23.66697810218978,False,0,7,0,0.00015871562796105702,0.00254741990800444,4.707131287209005e-295,3,0,0.497282239937626,3.0,2,2026-07-16,2026-07-23,1689688.0,0.49611046864644504,34137.59571585751,0.005976258808185774,,peripheral,0.8,"Признаков роли нет: вход 68 500 KZT от 3, выход 1 621 188 KZT к 6; передано 2367% (возможны поступления вне выборки).",0.6023,peripheral,30
100000002864256100,1,False,1,0,135780.0,0.0,1,0,0.0,False,1,10,0,0.0,0.0,0.0004611679456476809,0,0,,,1,2026-07-22,2026-07-22,135780.0,1.0,135780.0,0.000536502173066807,,terminal,0.596,Признаки оседания: получил 135 780 KZT от 1 плательщиков; исходящих ≥5 000 KZT в наблюдаемой выборке 0.,0.6022,terminal,3
100000003289405100,2,False,1,0,355000.0,0.0,1,0,0.0,False,0,1,0,0.0,0.0,6.211858071745701e-05,0,0,,,1,2026-07-24,2026-07-24,355000.0,0.9502737530483157,337347.1823321521,0.0013329466519307054,,terminal,0.651,Признаки оседания: получил 355 000 KZT от 1 плательщиков; исходящих ≥5 000 KZT в наблюдаемой выборке 0.,0.602,terminal,3
100000000489417100,2,False,3,1,73504.0,80000.0,3,1,1.0883761427949499,False,0,7,0,1.4045481435864877e-05,0.001372734367740615,0.00014228959423895219,0,0,1.0,0.0,2,2026-07-03,2026-07-05,153504.0,0.8135215111304386,60506.525109955764,0.0005099026606693902,,transit,0.973,"Признаки транзита: получил 73 504 KZT, передано 109%. 100% ушло в течение 2 дней после поступления.",0.602,transit,13
100000005711521100,4,False,1,0,238000.0,0.0,1,0,0.0,True,0,7,0,0.0,0.0,0.0,0,0,,,1,2026-07-11,2026-07-11,238000.0,0.6315835235709054,153844.3317904407,0.0006078790567062146,0.2976674888432039,truncated,1.0,"Граница обхода, глубина 4: исходящие не выгружены. Получил 238 000 KZT от 1; P(переводит дальше)=30%.",0.6019,peripheral,13
100000004889043100,3,False,2,0,272000.0,0.0,4,0,0.0,False,0,7,0,0.0,0.0,0.005845955489123359,0,0,,,2,2026-07-14,2026-07-21,272000.0,0.6197719531910376,192060.28271978284,0.0007588802403814491,,terminal,0.693,Признаки оседания: получил 272 000 KZT от 2 плательщиков; исходящих ≥5 000 KZT в наблюдаемой выборке 0.,0.6018,terminal,1
100000004398811100,2,False,1,3,426000.0,1040672.0,1,4,2.4428920187793426,False,0,1,0,1.4861013854031556e-06,0.00020283123031997438,6.211858071745701e-05,0,0,0.39493711755481076,2.0,1,2026-07-27,2026-07-27,1466672.0,0.9502737530483157,404816.6187985825,0.005507029667269425,,peripheral,0.8,"Признаков роли нет: вход 426 000 KZT от 1, выход 1 040 672 KZT к 3; передано 244% (возможны поступления вне выборки).",0.6011,peripheral,3
100000007334196100,1,False,1,0,150002.0,0.0,1,0,0.0,False,1,8,0,0.0,0.0,0.00012279960108290615,0,0,,,1,2026-07-15,2026-07-15,150002.0,1.0,150002.0,0.0005926970022416202,,terminal,0.6,Признаки оседания: получил 150 002 KZT от 1 плательщиков; исходящих ≥5 000 KZT в наблюдаемой выборке 0.,0.601,terminal,11
100000002983879100,2,False,2,0,200050.0,0.0,2,0,0.0,False,0,9,0,0.0,0.0,0.003082941247244753,0,0,,,1,2026-07-15,2026-07-16,200050.0,0.5719309421870864,128698.70013180113,0.000508522111441936,,terminal,0.675,Признаки оседания: получил 200 050 KZT от 2 плательщиков; исходящих ≥5 000 KZT в наблюдаемой выборке 0.,0.6009,terminal,3
100000004450649100,3,False,2,2,192528.0,46527.0,2,2,0.24166355023684866,False,0,7,1,0.00013874903023628483,0.0005807834183980806,0.0030246546866927494,0,0,0.11234337051604444,2.0,1,2026-07-23,2026-07-25,239055.0,0.6634475177928728,138843.53186573862,0.0006705753800135346,,peripheral,0.8,"Признаков роли нет: вход 192 528 KZT от 2, выход 46 527 KZT к 2; передано 24%.",0.6009,peripheral,8
100000006689603100,4,False,1,0,400000.0,0.0,2,0,0.0,True,0,7,0,0.0,0.0,0.00011365723210704084,0,0,,,1,2026-07-09,2026-07-11,400000.0,0.2535875723968892,138571.74968794594,0.0005475331037947369,0.3003968593921717,truncated,1.0,"Граница обхода, глубина 4: исходящие не выгружены. Получил 400 000 KZT от 1; P(переводит дальше)=30%.",0.6007,peripheral,6
100000005272139100,4,False,1,0,165000.0,0.0,1,0,0.0,True,0,7,0,0.0,0.0,0.0,0,0,,,1,2026-07-21,2026-07-21,165000.0,0.9731320095369208,164367.97381768955,0.000649460709498979,0.3171074235568576,truncated,1.0,"Граница обхода, глубина 4: исходящие не выгружены. Получил 165 000 KZT от 1; P(переводит дальше)=32%.",0.6003,peripheral,7
100000002556775100,3,False,1,0,300000.0,0.0,1,0,0.0,False,0,7,0,0.0,0.0,0.0029401739563140994,0,0,,,1,2026-07-16,2026-07-16,300000.0,0.5403576910379955,185753.41959084617,0.000733960180181817,,terminal,0.638,Признаки оседания: получил 300 000 KZT от 1 плательщиков; исходящих ≥5 000 KZT в наблюдаемой выборке 0.,0.6002,terminal,8
100000002356167100,3,False,1,2,300000.0,29500.0,1,3,0.09833333333333333,False,0,7,0,3.844048916909496e-05,0.0,0.0029401739563140994,0,0,0.1864406779661017,9.0,1,2026-07-03,2026-07-03,329500.0,0.5403576910379955,185753.41959084617,0.0007969454558225241,,peripheral,0.8,"Признаков роли нет: вход 300 000 KZT от 1, выход 29 500 KZT к 2; передано 10%.",0.6001,peripheral,8
100000003062895100,2,False,2,0,328444.0,0.0,2,0,0.0,False,0,9,0,0.0,0.0,0.0001159524826639257,0,0,,,1,2026-07-12,2026-07-21,328444.0,0.2944092138627067,114327.57241958921,0.00045173803980379625,,terminal,0.707,Признаки оседания: получил 328 444 KZT от 2 плательщиков; исходящих ≥5 000 KZT в наблюдаемой выборке 0.,0.5999,terminal,5
100000004816564100,2,False,1,1,285480.0,5000.0,1,1,0.01751436177665686,False,0,7,0,1.922024458454748e-05,0.0,3.5676348106616587e-05,0,0,1.0,1.0,1,2026-07-29,2026-07-29,290480.0,0.9795583123763398,283475.4329787547,0.0011394377789094524,,peripheral,0.8,"Признаков роли нет: вход 285 480 KZT от 1, выход 5 000 KZT к 1; передано 2%.",0.5996,peripheral,15
100000004726132100,3,False,1,1,349000.0,24000.0,1,2,0.06876790830945559,False,0,7,0,1.922024458454748e-05,0.0,0.0011319383959652314,0,0,0.0,5.5,1,2026-07-15,2026-07-15,373000.0,0.6690797475280011,260414.6968874252,0.001092415352060172,,peripheral,0.8,"Признаков роли нет: вход 349 000 KZT от 1, выход 24 000 KZT к 1; передано 7%.",0.5996,peripheral,1
100000001184915100,2,False,1,0,201000.0,0.0,2,0,0.0,False,0,7,0,0.0,0.0,3.5676348106616587e-05,0,0,,,1,2026-07-30,2026-07-30,201000.0,0.9795583123763398,199588.629776971,0.0007886267019795153,,terminal,0.613,Признаки оседания: получил 201 000 KZT от 1 плательщиков; исходящих ≥5 000 KZT в наблюдаемой выборке 0.,0.5994,terminal,15
100000000941942100,1,False,1,0,130000.0,0.0,1,0,0.0,False,1,10,0,0.0,0.0,0.0004611679456476809,0,0,,,1,2026-07-17,2026-07-17,130000.0,1.0,130000.0,0.0005136638864242518,,terminal,0.595,Признаки оседания: получил 130 000 KZT от 1 плательщиков; исходящих ≥5 000 KZT в наблюдаемой выборке 0.,0.5985,terminal,3
100000008587459100,2,False,2,2,181507.0,686500.0,2,4,3.782223275135394,False,0,7,1,1.7724578204740182e-05,0.0005035926695899062,0.00304794972274837,3,0,0.0,,1,2026-07-10,2026-07-15,868007.0,0.6544615120272689,133671.79612893818,0.0023034254320150067,,peripheral,0.8,"Признаков роли нет: вход 181 507 KZT от 2, выход 686 500 KZT к 2; передано 378% (возможны поступления вне выборки).",0.5978,peripheral,1
100000002821425100,3,False,1,0,275000.0,0.0,1,0,0.0,False,0,2,0,0.0,0.0,3.794136183730392e-07,0,0,,,1,2026-07-11,2026-07-11,275000.0,0.955757624121806,262833.34663349664,0.001038523063951177,,terminal,0.631,Признаки оседания: получил 275 000 KZT от 1 плательщиков; исходящих ≥5 000 KZT в наблюдаемой выборке 0.,0.5975,terminal,12
100000003154105100,3,False,1,7,60000.0,338000.0,1,9,5.633333333333334,False,0,7,0,0.0001400898239306708,7.07587887604281e-243,0.0,0,0,0.16272189349112426,11.0,1,2026-07-07,2026-07-07,398000.0,0.9804778377953937,59476.502112175054,0.0015444609107343455,,peripheral,0.8,"Признаков роли нет: вход 60 000 KZT от 1, выход 338 000 KZT к 7; передано 563% (возможны поступления вне выборки).",0.5975,peripheral,20
100000008751380100,3,False,2,0,345780.0,0.0,2,0,0.0,False,0,9,0,0.0,0.0,1.9820618273495334e-06,0,0,,,1,2026-07-24,2026-07-31,345780.0,0.26067451587933893,111553.27798972261,0.0004407760793505957,,terminal,0.711,Признаки оседания: получил 345 780 KZT от 2 плательщиков; исходящих ≥5 000 KZT в наблюдаемой выборке 0.,0.5973,terminal,5
100000000838385100,3,False,1,2,436900.0,177500.0,8,6,0.40627145799954223,False,0,7,0,2.1796153652579615e-05,6.3108052880698915e-257,0.0,1,0,0.6901408450704225,11.0,1,2026-07-03,2026-07-30,614400.0,0.2975282382235004,156396.7107811166,0.000826635234737813,,peripheral,0.8,"Признаков роли нет: вход 436 900 KZT от 1, выход 177 500 KZT к 2; передано 41%.",0.597,peripheral,27
100000005745873100,4,False,1,0,223000.0,0.0,1,0,0.0,True,0,7,0,0.0,0.0,3.8798761239758137e-256,0,0,,,1,2026-07-15,2026-07-15,223000.0,0.6424778096295601,148505.29699190863,0.0005867831385188812,0.30579455073682815,truncated,1.0,"Граница обхода, глубина 4: исходящие не выгружены. Получил 223 000 KZT от 1; P(переводит дальше)=31%.",0.597,peripheral,39
100000003199390100,4,False,1,0,260000.0,0.0,1,0,0.0,True,0,7,0,0.0,0.0,1.23619985386e-313,0,0,,,1,2026-07-16,2026-07-16,260000.0,0.5119191887828877,140492.99966987883,0.0005551244632756271,0.3087536607934291,truncated,1.0,"Граница обхода, глубина 4: исходящие не выгружены. Получил 260 000 KZT от 1; P(переводит дальше)=31%.",0.5954,peripheral,8
100000004200745100,4,False,1,0,130000.0,0.0,4,0,0.0,True,0,9,0,0.0,0.0,9.023756758629543e-290,0,0,,,1,2026-07-03,2026-07-23,130000.0,0.7740388821212836,104823.20537811104,0.0004141838081688836,0.3201740290128176,truncated,1.0,"Граница обхода, глубина 4: исходящие не выгружены. Получил 130 000 KZT от 1; P(переводит дальше)=32%.",0.5952,peripheral,10
100000000561160100,4,False,1,0,240000.0,0.0,1,0,0.0,True,0,7,0,0.0,0.0,1.1987358305559333e-05,0,0,,,1,2026-07-30,2026-07-30,240000.0,0.5601769703912859,142412.24527898192,0.0005627079029569761,0.3391169853085086,truncated,1.0,"Граница обхода, глубина 4: исходящие не выгружены. Получил 240 000 KZT от 1; P(переводит дальше)=34%.",0.5948,peripheral,3
100000007071852100,4,False,1,0,195000.0,0.0,1,0,0.0,True,0,7,0,0.0,0.0,2.717055020081585e-05,0,0,,,1,2026-07-24,2026-07-24,195000.0,0.7465035198821423,148091.5316398932,0.0005851482437590233,0.32459126517267217,truncated,1.0,"Граница обхода, глубина 4: исходящие не выгружены. Получил 195 000 KZT от 1; P(переводит дальше)=32%.",0.5942,peripheral,6
100000001746925100,1,False,1,1,65250.0,5000.0,1,1,0.07662835249042145,False,1,10,0,0.00011888811083225245,0.0,0.0004611679456476809,0,0,0.0,,1,2026-07-17,2026-07-17,70250.0,1.0,65250.0,0.0009571928960482693,,peripheral,0.8,"Признаков роли нет: вход 65 250 KZT от 1, выход 5 000 KZT к 1; передано 8%.",0.5941,peripheral,3
100000003278020100,2,False,1,0,190000.0,0.0,1,0,0.0,False,0,7,0,0.0,0.0,3.1291155102692485e-05,0,0,,,1,2026-07-18,2026-07-18,190000.0,1.0,190000.0,0.000750739526312368,,terminal,0.61,Признаки оседания: получил 190 000 KZT от 1 плательщиков; исходящих ≥5 000 KZT в наблюдаемой выборке 0.,0.5941,terminal,1
100000005140601100,2,False,3,2,52685.0,195300.0,4,5,3.706937458479643,False,0,7,0,1.9616538287321655e-05,0.001624459389168601,0.0016302741740933948,2,0,0.9743983614951357,2.0,2,2026-07-05,2026-07-25,247985.0,0.5591036240060777,32841.35708714166,0.000561214522315438,,transit,0.692,"Признаки транзита: получил 52 685 KZT, передано 371% (возможны поступления вне выборки). 97% ушло в течение 2 дней после поступления.",0.594,transit,6
100000003022835100,1,False,1,0,125000.0,0.0,1,0,0.0,False,1,10,0,0.0,0.0,0.0004611679456476809,0,0,,,1,2026-07-27,2026-07-27,125000.0,1.0,125000.0,0.0004939075831002422,,terminal,0.594,Признаки оседания: получил 125 000 KZT от 1 плательщиков; исходящих ≥5 000 KZT в наблюдаемой выборке 0.,0.5938,terminal,3
100000008169544100,1,False,1,4,137104.0,42800.0,2,7,0.31217178200490137,False,1,7,2,0.00011830662935118885,0.00013281054532341451,0.0002952416008836587,3,0,0.28738317757009346,1.0,1,2026-07-19,2026-07-19,179904.0,1.0,137104.0,0.0007167851831777152,,peripheral,0.8,"Признаков роли нет: вход 137 104 KZT от 1, выход 42 800 KZT к 4; передано 31%.",0.5937,peripheral,7
100000000926078100,4,False,1,0,250000.0,0.0,1,0,0.0,True,0,7,0,0.0,0.0,0.0,0,0,,,1,2026-07-28,2026-07-28,250000.0,0.5134470123711755,137573.52646072014,0.0005435888636222807,0.3348540013268204,truncated,1.0,"Граница обхода, глубина 4: исходящие не выгружены. Получил 250 000 KZT от 1; P(переводит дальше)=33%.",0.5925,peripheral,6
100000007939160100,1,False,1,2,795000.0,14300.0,2,2,0.017987421383647798,False,1,1,1,3.962937027741748e-07,1.57847465707e-313,1.23619985386e-313,1,4,0.0,,1,2026-07-20,2026-07-24,809300.0,1.0,795000.0,0.0031977552560242075,,peripheral,0.8,"Признаков роли нет: вход 795 000 KZT от 1, выход 14 300 KZT к 2; передано 2%.",0.592,peripheral,42
100000003128638100,4,False,1,0,300000.0,0.0,1,0,0.0,True,0,8,0,0.0,0.0,3.090697396070124e-08,0,0,,,1,2026-07-29,2026-07-29,300000.0,0.2367268635703925,93693.27222655111,0.00037020654110531614,0.33811910872380213,truncated,1.0,"Граница обхода, глубина 4: исходящие не выгружены. Получил 300 000 KZT от 1; P(переводит дальше)=34%.",0.5917,peripheral,5
100000007170072100,3,False,1,2,100000.0,99500.0,1,9,0.995,False,0,7,0,3.844048916909496e-05,0.0,0.0001302803722324665,0,0,1.0,2.0,1,2026-07-11,2026-07-11,199500.0,0.34642937421986486,41457.735456139475,0.0003000091789285211,,transit,0.998,"Признаки транзита: получил 100 000 KZT, передано 100%. 100% ушло в течение 2 дней после поступления.",0.5917,transit,6
100000002469065100,2,False,1,0,200000.0,0.0,1,0,0.0,False,0,7,0,0.0,0.0,4.0407558618990766e-06,0,0,,,1,2026-07-07,2026-07-07,200000.0,0.9068077100485716,182961.67923246522,0.0007229292863172826,,terminal,0.612,Признаки оседания: получил 200 000 KZT от 1 плательщиков; исходящих ≥5 000 KZT в наблюдаемой выборке 0.,0.5915,terminal,7
100000008517538100,3,False,3,17,155500.0,1439000.0,6,18,9.254019292604502,False,0,8,0,0.0002458053647176589,1.775922977224528e-05,4.416103578227563e-06,0,0,0.592077831827658,2.0,1,2026-07-14,2026-07-25,1594500.0,0.3440871679502829,61033.217199823324,-0.00592215950822649,,distributor,0.85,"Признаки раздачи: 17 получателей против 3 плательщиков, отправил 1 439 000 KZT в 18 переводах.",0.5915,distributor,5
100000000896111100,3,False,1,0,287100.0,0.0,1,0,0.0,False,0,1,0,0.0,0.0,1.23619985386e-313,0,0,,,1,2026-07-01,2026-07-01,287100.0,0.9999603609679268,287099.6119712417,0.0011344054036618177,,terminal,0.634,Признаки оседания: получил 287 100 KZT от 1 плательщиков; исходящих ≥5 000 KZT в наблюдаемой выборке 0.,0.5905,terminal,22
100000003270419100,3,False,1,0,150000.0,0.0,1,0,0.0,False,0,10,0,0.0,0.0,0.0,0,0,,,1,2026-07-19,2026-07-19,150000.0,0.680867507996809,114065.54889822265,0.00045070271657057884,,terminal,0.6,Признаки оседания: получил 150 000 KZT от 1 плательщиков; исходящих ≥5 000 KZT в наблюдаемой выборке 0.,0.5903,terminal,13
100000000733451100,3,False,1,1,70000.0,300000.0,2,1,4.285714285714286,False,0,10,0,2.4570209571998837e-05,0.0,0.0,0,0,0.0,,1,2026-07-19,2026-07-19,370000.0,0.680867507996809,53230.589485837234,0.0010174134350863487,,peripheral,0.8,"Признаков роли нет: вход 70 000 KZT от 1, выход 300 000 KZT к 1; передано 429% (возможны поступления вне выборки).",0.59,peripheral,13
100000004979498100,2,False,1,1,700000.0,200000.0,2,1,0.2857142857142857,False,0,1,1,0.0,4.80549224039712e-303,7.983534595344914e-303,1,9,1.0,0.0,1,2026-07-10,2026-07-11,900000.0,0.9996020147568273,699721.4103297791,0.0035547193092288916,,peripheral,0.8,"Признаков роли нет: вход 700 000 KZT от 1, выход 200 000 KZT к 1; передано 29%.",0.5893,peripheral,51
100000001056414100,3,False,1,0,250000.0,0.0,1,0,0.0,False,0,2,0,0.0,0.0,3.794136183730392e-07,0,0,,,1,2026-07-15,2026-07-15,250000.0,0.955757624121806,238939.4060304515,0.0009441118763192411,,terminal,0.625,Признаки оседания: получил 250 000 KZT от 1 плательщиков; исходящих ≥5 000 KZT в наблюдаемой выборке 0.,0.5891,terminal,12
100000004659919100,3,False,1,1,110000.0,39000.0,2,1,0.35454545454545455,False,0,10,0,2.4173915869224665e-05,0.0,0.0,0,0,0.0,13.0,1,2026-07-07,2026-07-08,149000.0,1.0,110000.0,0.0005887378390554886,,peripheral,0.8,"Признаков роли нет: вход 110 000 KZT от 1, выход 39 000 KZT к 1; передано 35%.",0.589,peripheral,50
100000008536546100,3,False,2,0,250000.0,0.0,2,0,0.0,False,0,8,0,0.0,0.0,2.5664297589192563e-06,0,0,,,2,2026-07-26,2026-07-26,250000.0,0.3869982451923105,114366.88359231979,0.00045189336849438467,,terminal,0.688,Признаки оседания: получил 250 000 KZT от 2 плательщиков; исходящих ≥5 000 KZT в наблюдаемой выборке 0.,0.5887,terminal,19
100000003191430100,2,False,1,0,180000.0,0.0,1,0,0.0,False,0,7,0,0.0,0.0,0.0,0,0,,,1,2026-07-08,2026-07-08,180000.0,1.0,180000.0,0.0007112269196643486,,terminal,0.608,Признаки оседания: получил 180 000 KZT от 1 плательщиков; исходящих ≥5 000 KZT в наблюдаемой выборке 0.,0.5882,terminal,7
100000003050771100,3,False,1,0,229000.0,0.0,1,0,0.0,False,0,7,0,0.0,0.0,0.00025946007686321234,0,0,,,1,2026-07-21,2026-07-21,229000.0,0.6464047554220197,166533.90900028351,0.0006580188839885018,,terminal,0.62,Признаки оседания: получил 229 000 KZT от 1 плательщиков; исходящих ≥5 000 KZT в наблюдаемой выборке 0.,0.5877,terminal,13
100000005539910100,2,False,1,2,102000.0,22000.0,1,2,0.21568627450980393,False,0,10,0,4.795153803567515e-05,0.0,0.0,0,0,0.0,4.0,1,2026-07-16,2026-07-16,124000.0,1.0,102000.0,0.0004899563224354402,,peripheral,0.8,"Признаков роли нет: вход 102 000 KZT от 1, выход 22 000 KZT к 2; передано 22%.",0.5876,peripheral,3
100000002736316100,3,False,3,0,266921.0,0.0,3,0,0.0,False,0,7,0,0.0,0.0,0.002506687464960339,0,0,,,2,2026-07-04,2026-07-17,266921.0,0.4794151407945309,161768.35476886955,0.000639188937007852,,terminal,0.754,Признаки оседания: получил 266 921 KZT от 3 плательщиков; исходящих ≥5 000 KZT в наблюдаемой выборке 0.,0.5875,terminal,1
100000004588479100,1,False,1,0,177633.0,0.0,2,0,0.0,False,1,7,0,0.0,0.0,0.0002952416008836587,0,0,,,1,2026-07-07,2026-07-13,177633.0,1.0,177633.0,0.0007018742856707624,,terminal,0.607,Признаки оседания: получил 177 633 KZT от 1 плательщиков; исходящих ≥5 000 KZT в наблюдаемой выборке 0.,0.5873,terminal,7
100000001384826100,3,False,1,1,364260.0,10000.0,1,1,0.027452918245209467,False,0,7,0,1.922024458454748e-05,0.0,0.0029401739563140994,0,0,0.0,12.0,1,2026-07-15,2026-07-15,374260.0,0.5403576910379955,225541.80206720543,0.0009125253916718365,,peripheral,0.8,"Признаков роли нет: вход 364 260 KZT от 1, выход 10 000 KZT к 1; передано 3%.",0.5873,peripheral,8
100000008650785100,0,True,2,2,92000.0,120120.0,2,2,1.3056521739130436,False,1,8,1,2.242361868197206e-05,4.707219009428233e-257,8.721849460936616e-09,0,0,0.5829170829170829,2.5,1,2026-07-05,2026-07-14,212120.0,1.0,91934.06145273021,0.0008378808718296117,,peripheral,0.8,"Признаков роли нет: вход 92 000 KZT от 2, выход 120 120 KZT к 2; передано 131% (возможны поступления вне выборки).",0.5868,peripheral,7
100000008571433100,0,True,2,2,350000.0,1434000.0,2,3,4.097142857142857,False,0,0,0,9.90734256935437e-07,0.0,1.1290422900411576e-302,2,9,0.7419804741980475,1.0,1,2026-07-09,2026-07-10,1784000.0,1.0,349860.7051648896,0.011097718897827692,,peripheral,0.8,"Признаков роли нет: вход 350 000 KZT от 2, выход 1 434 000 KZT к 2; передано 410% (возможны поступления вне выборки).",0.5866,peripheral,51
100000001534244100,3,False,2,1,366000.0,45000.0,2,1,0.12295081967213115,False,0,8,0,2.159800680119253e-05,0.0,1.997121524751707e-06,0,0,0.0,,2,2026-07-28,2026-07-28,411000.0,0.24483619929276262,114913.8802845248,0.0004975882189693238,,peripheral,0.8,"Признаков роли нет: вход 366 000 KZT от 2, выход 45 000 KZT к 1; передано 12%.",0.586,peripheral,5
100000006209210100,3,False,1,0,229111.0,0.0,1,0,0.0,False,0,7,0,0.0,0.0,0.00010831189501834011,0,0,,,1,2026-07-09,2026-07-09,229111.0,0.6306110844025657,164132.3442970521,0.0006485296758426679,,terminal,0.62,Признаки оседания: получил 229 111 KZT от 1 плательщиков; исходящих ≥5 000 KZT в наблюдаемой выборке 0.,0.5857,terminal,4
100000005409156100,3,False,2,0,260080.0,0.0,2,0,0.0,False,0,7,0,0.0,0.0,0.0030471163428368,0,0,,,1,2026-07-11,2026-07-17,260080.0,0.5177945205191253,159087.0189358549,0.0006285942802018614,,terminal,0.69,Признаки оседания: получил 260 080 KZT от 2 плательщиков; исходящих ≥5 000 KZT в наблюдаемой выборке 0.,0.5856,terminal,8
100000003899899100,3,False,2,1,218500.0,10000.0,5,1,0.04576659038901602,False,0,7,0,1.9418391435934565e-05,0.0,5.299014850002014e-05,0,0,1.0,1.0,1,2026-07-11,2026-07-26,228500.0,0.9956423637180412,217738.24347612716,0.0008996809817499699,,peripheral,0.8,"Признаков роли нет: вход 218 500 KZT от 2, выход 10 000 KZT к 1; передано 5%.",0.5851,peripheral,7
100000002633701100,2,False,1,0,266850.0,0.0,1,0,0.0,False,0,1,0,0.0,0.0,5.01279615617639e-07,0,0,,,1,2026-07-31,2026-07-31,266850.0,1.0,266850.0,0.001054393908402397,,terminal,0.629,Признаки оседания: получил 266 850 KZT от 1 плательщиков; исходящих ≥5 000 KZT в наблюдаемой выборке 0.,0.5848,terminal,4
100000004610802100,4,False,1,0,241000.0,0.0,18,0,0.0,True,0,7,0,0.0,0.0,1.23619985386e-313,0,0,,,1,2026-07-03,2026-07-29,241000.0,0.4800907499107325,126687.88929648552,0.0005005768736839325,0.33689111261966914,truncated,1.0,"Граница обхода, глубина 4: исходящие не выгружены. Получил 241 000 KZT от 1; P(переводит дальше)=34%.",0.5846,peripheral,58
100000008430691100,3,False,1,2,20000.0,604900.0,1,2,30.245,False,0,7,0,1.9616538287321655e-05,1.1080982356367753e-06,1.0123575345997096e-05,1,0,0.96693668374938,3.5,1,2026-07-01,2026-07-01,624900.0,0.5099073570070952,12366.964888449807,0.0011839847164850916,,transit,0.69,"Признаки транзита: получил 20 000 KZT, передано 3024% (возможны поступления вне выборки). 97% ушло в течение 2 дней после поступления.",0.5845,transit,69
100000008244300100,1,False,5,0,65430.0,0.0,6,0,0.0,False,1,8,0,0.0,0.0,0.00015744283423145902,0,0,,,1,2026-07-02,2026-07-18,65430.0,0.6816994842592204,45400.5828467252,0.00017938953716136954,,consolidator,0.775,"Признаки сбора: 5 плательщиков, получил 65 430 KZT; передано 0%, максимум 1 плательщиков в день.",0.5844,consolidator,1
100000002459093100,2,False,1,1,500000.0,55000.0,2,3,0.11,False,0,1,0,1.1888811083225246e-06,0.0,4.282827661438586e-07,0,0,0.0,,1,2026-07-16,2026-07-20,555000.0,1.0,500000.0,0.002430025308853191,,peripheral,0.8,"Признаков роли нет: вход 500 000 KZT от 1, выход 55 000 KZT к 1; передано 11%.",0.5844,peripheral,26
100000003016438100,3,False,1,1,200000.0,300000.0,1,3,1.5,False,0,8,0,2.139985994980544e-05,0.0,1.8496738193083065e-06,0,0,0.6666666666666666,0.0,1,2026-07-17,2026-07-17,500000.0,0.35790102837186066,75937.20217394979,0.0007242957565343906,,peripheral,0.8,"Признаков роли нет: вход 200 000 KZT от 1, выход 300 000 KZT к 1; передано 150% (возможны поступления вне выборки).",0.5843,peripheral,5
100000003366471100,3,False,2,1,329789.0,20000.0,5,1,0.0606448365470043,False,0,7,0,1.922024458454748e-05,0.0,0.002742319115704567,0,0,1.0,0.0,2,2026-07-01,2026-07-28,349789.0,0.5731705152630181,215686.2184905634,0.000897527393285334,,peripheral,0.8,"Признаков роли нет: вход 329 789 KZT от 2, выход 20 000 KZT к 1; передано 6%.",0.584,peripheral,6
100000008601794100,0,True,2,1,494400.0,871400.0,8,13,1.7625404530744337,False,0,0,0,3.962937027741748e-07,0.0,1.1290422900411576e-302,2,11,0.23112233187973377,0.0,1,2026-07-14,2026-07-31,1365800.0,1.0,494400.0,0.0055514422088334256,,peripheral,0.8,"Признаков роли нет: вход 494 400 KZT от 2, выход 871 400 KZT к 1; передано 176% (возможны поступления вне выборки).",0.5838,peripheral,55
100000008376785100,4,False,1,0,234250.0,0.0,2,0,0.0,True,0,7,0,0.0,0.0,0.0,0,0,,,1,2026-07-22,2026-07-29,234250.0,0.5119191887828877,126578.78912565044,0.0005001457904704444,0.3367319710712704,truncated,1.0,"Граница обхода, глубина 4: исходящие не выгружены. Получил 234 250 KZT от 1; P(переводит дальше)=34%.",0.5836,peripheral,8
100000001714413100,3,False,1,0,250172.0,0.0,1,0,0.0,False,0,7,0,0.0,0.0,0.0029401739563140994,0,0,,,1,2026-07-24,2026-07-24,250172.0,0.5403576910379955,154901.01495293723,0.0006120542873214004,,terminal,0.625,Признаки оседания: получил 250 172 KZT от 1 плательщиков; исходящих ≥5 000 KZT в наблюдаемой выборке 0.,0.5835,terminal,8
100000001378288100,4,False,1,0,268000.0,0.0,3,0,0.0,True,0,7,0,0.0,0.0,0.0,0,0,,,1,2026-07-11,2026-07-18,268000.0,0.3556318870514805,121715.49115837106,0.0004809296325111003,0.3132242493875962,truncated,1.0,"Граница обхода, глубина 4: исходящие не выгружены. Получил 268 000 KZT от 1; P(переводит дальше)=31%.",0.5832,peripheral,6
100000002911170100,2,False,1,0,300000.0,0.0,2,0,0.0,False,0,7,0,0.0,0.0,3.8766877888989646e-07,0,0,,,1,2026-07-15,2026-07-17,300000.0,0.4466569635225982,149977.85177188469,0.0005926015862977688,,terminal,0.638,Признаки оседания: получил 300 000 KZT от 1 плательщиков; исходящих ≥5 000 KZT в наблюдаемой выборке 0.,0.5826,terminal,29
100000004071444100,3,False,1,1,247350.0,100000.0,1,1,0.40428542551041036,False,0,7,0,1.922024458454748e-05,0.0,0.0011319383959652314,0,0,0.0,,1,2026-07-25,2026-07-25,347350.0,0.6690797475280011,184566.11826677542,0.0009936396919649896,,peripheral,0.8,"Признаков роли нет: вход 247 350 KZT от 1, выход 100 000 KZT к 1; передано 40%.",0.5822,peripheral,1
100000002635780100,2,False,1,0,163000.02,0.0,1,0,0.0,False,0,9,0,0.0,0.0,0.0,0,0,,,1,2026-07-27,2026-07-27,163000.02,0.6335791923656994,108171.91601016499,0.00042741543676724824,,terminal,0.603,Признаки оседания: получил 163 000 KZT от 1 плательщиков; исходящих ≥5 000 KZT в наблюдаемой выборке 0.,0.5822,terminal,4
100000002704875100,1,False,3,0,244891.0,0.0,4,0,0.0,False,1,7,0,0.0,0.0,0.004839827287747003,0,0,,,1,2026-07-17,2026-07-21,244891.0,0.5524477874009397,153165.8575862199,0.0006051982282710272,,terminal,0.749,Признаки оседания: получил 244 891 KZT от 3 плательщиков; исходящих ≥5 000 KZT в наблюдаемой выборке 0.,0.5818,terminal,6
100000005034574100,1,False,1,0,258816.0,0.0,16,0,0.0,False,1,1,0,0.0,0.0,0.0,0,12,,,1,2026-07-27,2026-07-31,258816.0,1.0,258816.0,0.0010226494802213781,,terminal,0.627,Признаки оседания: получил 258 816 KZT от 1 плательщиков; исходящих ≥5 000 KZT в наблюдаемой выборке 0.,0.5815,terminal,64
100000004993576100,2,False,1,0,167000.0,0.0,1,0,0.0,False,0,7,0,0.0,0.0,3.5676348106616587e-05,0,0,,,1,2026-07-31,2026-07-31,167000.0,0.9795583123763396,165827.36901867742,0.0006552271603510816,,terminal,0.604,Признаки оседания: получил 167 000 KZT от 1 плательщиков; исходящих ≥5 000 KZT в наблюдаемой выборке 0.,0.5815,terminal,15
100000003149149100,3,False,1,0,245000.0,0.0,1,0,0.0,False,0,7,0,0.0,0.0,0.0029401739563140994,0,0,,,1,2026-07-07,2026-07-07,245000.0,0.5403576910379955,151698.62599919105,0.0005994008138150701,,terminal,0.624,Признаки оседания: получил 245 000 KZT от 1 плательщиков; исходящих ≥5 000 KZT в наблюдаемой выборке 0.,0.5814,terminal,8
100000001686328100,3,False,1,0,140000.0,0.0,1,0,0.0,False,0,9,0,0.0,0.0,9.056545672026166e-08,0,0,,,1,2026-07-30,2026-07-30,140000.0,0.7326565522988691,112486.79116204465,0.00044446463322837386,,terminal,0.598,Признаки оседания: получил 140 000 KZT от 1 плательщиков; исходящих ≥5 000 KZT в наблюдаемой выборке 0.,0.5812,terminal,5
100000002958286100,1,False,1,0,257000.0,0.0,1,0,0.0,False,1,1,0,0.0,0.0,2.274780450186003e-05,0,0,,,1,2026-07-20,2026-07-20,257000.0,1.0,257000.0,0.0010154739908540978,,terminal,0.627,Признаки оседания: получил 257 000 KZT от 1 плательщиков; исходящих ≥5 000 KZT в наблюдаемой выборке 0.,0.5804,terminal,4
100000008736940100,1,False,3,3,451090.0,182100.0,13,6,0.40368884258130305,False,1,1,1,7.925874055483496e-07,8.027279124223243e-220,6.780056539704108e-220,10,7,1.0,0.0,2,2026-07-22,2026-07-31,633190.0,0.9991234874184307,450924.785592566,0.002499285505850189,,peripheral,0.8,"Признаков роли нет: вход 451 090 KZT от 3, выход 182 100 KZT к 3; передано 40%.",0.5802,peripheral,41
100000004368189100,3,False,1,2,384600.0,28200.0,1,2,0.07332293291731669,False,0,2,0,2.774055919419224e-06,0.0,3.794136183730392e-07,0,0,0.7695035460992907,1.0,1,2026-07-11,2026-07-11,412800.0,0.9557576241218061,367584.3822372466,0.0015589175301783341,,peripheral,0.8,"Признаков роли нет: вход 384 600 KZT от 1, выход 28 200 KZT к 2; передано 7%.",0.5802,peripheral,12
100000008223756100,3,False,2,0,331682.0,0.0,2,0,0.0,False,0,7,0,0.0,0.0,0.003036061905041726,0,0,,,1,2026-07-19,2026-07-22,331682.0,0.3613722891776344,142813.95760244093,0.0005642951730592179,,terminal,0.708,Признаки оседания: получил 331 682 KZT от 2 плательщиков; исходящих ≥5 000 KZT в наблюдаемой выборке 0.,0.5801,terminal,6
100000004336312100,2,False,3,2,90415.0,72650.0,7,3,0.8035171155228668,False,0,7,0,3.37840381614984e-05,7.688217801056321e-06,1.5169079900881215e-07,8,0,0.5182381280110117,5.0,3,2026-07-01,2026-07-19,163065.0,0.293177555626355,28075.866204325106,0.0004249968232791922,,transit,0.797,"Признаки транзита: получил 90 415 KZT, передано 80%. 52% ушло в течение 2 дней после поступления.",0.5797,transit,32
100000003873332100,1,False,1,4,23468.0,286000.0,1,8,12.186807567751833,False,1,7,0,0.0008935591491820593,1.5362965042255266e-289,0.0021516815362503513,0,0,0.0,13.0,1,2026-07-14,2026-07-14,309468.0,1.0,23468.0,0.01608229679328351,,peripheral,0.8,"Признаков роли нет: вход 23 468 KZT от 1, выход 286 000 KZT к 4; передано 1219% (возможны поступления вне выборки).",0.5796,peripheral,17
100000000993112100,2,False,1,0,141000.0,0.0,1,0,0.0,False,0,8,0,0.0,0.0,4.870880269675223e-241,0,0,,,1,2026-07-20,2026-07-20,141000.0,0.7656303616192779,117492.0096217827,0.00046424155604702727,,terminal,0.598,Признаки оседания: получил 141 000 KZT от 1 плательщиков; исходящих ≥5 000 KZT в наблюдаемой выборке 0.,0.5788,terminal,31
100000000769919100,2,False,1,0,250000.0,0.0,1,0,0.0,False,0,1,0,0.0,0.0,0.0,0,13,,,1,2026-07-13,2026-07-13,250000.0,1.0,250000.0,0.0009878151662004843,,terminal,0.625,Признаки оседания: получил 250 000 KZT от 1 плательщиков; исходящих ≥5 000 KZT в наблюдаемой выборке 0.,0.5788,terminal,60
100000004184158100,3,False,1,0,203805.0,0.0,1,0,0.0,False,0,7,0,0.0,0.0,0.0011319383959652314,0,0,,,1,2026-07-24,2026-07-24,203805.0,0.6690797475280011,152073.9750691739,0.0006008839158308629,,terminal,0.613,Признаки оседания: получил 203 805 KZT от 1 плательщиков; исходящих ≥5 000 KZT в наблюдаемой выборке 0.,0.5785,terminal,1
100000006492770100,3,False,1,1,269000.0,20000.0,1,1,0.07434944237918216,False,0,7,0,1.922024458454748e-05,0.0,0.0029057815328092595,0,0,1.0,1.0,1,2026-07-06,2026-07-06,289000.0,0.6659430358381553,203536.77962195178,0.0008568531616108162,,peripheral,0.8,"Признаков роли нет: вход 269 000 KZT от 1, выход 20 000 KZT к 1; передано 7%.",0.5784,peripheral,1
100000004689658100,3,False,1,1,456100.0,7092.0,1,1,0.015549221661916246,False,0,7,0,1.922024458454748e-05,0.0,0.0001302803722324665,0,0,0.0,,1,2026-07-23,2026-07-23,463192.0,0.34642937421986486,189088.73141545214,0.0007568466285294013,,peripheral,0.8,"Признаков роли нет: вход 456 100 KZT от 1, выход 7 092 KZT к 1; передано 2%.",0.5783,peripheral,6
100000004331458100,2,False,2,0,250000.0,0.0,2,0,0.0,False,0,1,0,0.0,0.0,1.3380297447651783e-283,0,6,,,1,2026-07-01,2026-07-16,250000.0,0.9877957045767192,248364.84365212033,0.000981354237242341,,terminal,0.688,Признаки оседания: получил 250 000 KZT от 2 плательщиков; исходящих ≥5 000 KZT в наблюдаемой выборке 0.,0.5783,terminal,47
100000000031787100,2,False,1,2,90000.0,90000.0,2,4,1.0,False,0,1,0,3.962937027741748e-07,1.8776030241214768e-06,2.141511818252024e-241,1,0,0.4444444444444444,2.0,1,2026-07-22,2026-07-24,180000.0,0.9876543209876544,88888.88888888889,0.0006882081769790976,,transit,0.833,"Признаки транзита: получил 90 000 KZT, передано 100%. 44% ушло в течение 2 дней после поступления.",0.5783,transit,4
100000002472632100,3,False,2,1,502400.0,20000.0,3,1,0.03980891719745223,False,0,7,0,2.0012831990095827e-05,0.0,2.5213387659106686e-06,0,0,0.0,,1,2026-07-18,2026-07-21,522400.0,0.26220636031963124,153744.15064755865,0.000628204128448858,,peripheral,0.8,"Признаков роли нет: вход 502 400 KZT от 2, выход 20 000 KZT к 1; передано 4%.",0.5777,peripheral,24
100000005375968100,3,False,1,2,170082.0,86000.0,1,4,0.5056384567443939,False,0,7,0,3.844048916909496e-05,0.0,0.0029057815328092595,0,0,0.3488372093023256,1.0,1,2026-07-25,2026-07-25,256082.0,0.6659430358381553,128691.23625152715,0.0007347856686408421,,peripheral,0.8,"Признаков роли нет: вход 170 082 KZT от 1, выход 86 000 KZT к 2; передано 51%.",0.577,peripheral,1
100000006240939100,2,False,1,5,160000.0,778015.0,1,5,4.86259375,False,0,1,0,4.161083879128836e-06,2.5365357102325654e-05,4.282827661438586e-07,0,0,0.2120331870208158,0.0,1,2026-07-07,2026-07-07,938015.0,1.0,160000.0,0.006076833317244404,,peripheral,0.8,"Признаков роли нет: вход 160 000 KZT от 1, выход 778 015 KZT к 5; передано 486% (возможны поступления вне выборки).",0.5769,peripheral,26
100000008136608100,4,False,1,0,170000.0,0.0,1,0,0.0,True,0,7,0,0.0,0.0,0.0,0,0,,,1,2026-07-10,2026-07-10,170000.0,0.7053786726168346,124785.92319651778,0.0004930617098474224,0.29381634044399496,truncated,1.0,"Граница обхода, глубина 4: исходящие не выгружены. Получил 170 000 KZT от 1; P(переводит дальше)=29%.",0.5766,peripheral,9
100000005783452100,4,False,2,0,286500.0,0.0,2,0,0.0,True,0,8,0,0.0,0.0,1.4880649443369915e-06,0,0,,,2,2026-07-28,2026-07-28,286500.0,0.2339502595577543,81336.03971374648,0.0003213798943516704,0.5052567135504012,truncated,1.0,"Граница обхода, глубина 4: исходящие не выгружены. Получил 286 500 KZT от 2; P(переводит дальше)=51%.",0.5763,peripheral,12
100000002605548100,1,False,2,0,116695.0,0.0,2,0,0.0,False,1,10,0,0.0,0.0,0.00012509485163979102,0,0,,,1,2026-07-12,2026-07-20,116695.0,0.8664580733178868,101593.25068561363,0.0004014214152433833,,terminal,0.654,Признаки оседания: получил 116 695 KZT от 2 плательщиков; исходящих ≥5 000 KZT в наблюдаемой выборке 0.,0.5762,terminal,11
100000001066017100,3,False,2,4,136123.0,82500.0,3,4,0.6060695106631503,False,0,7,0,7.688097833818992e-05,1.5362965042255266e-289,0.004043688917964581,0,0,0.18787878787878787,2.5,1,2026-07-04,2026-07-23,218623.0,0.6928160001305851,105896.94703125858,0.000644269911591209,,peripheral,0.8,"Признаков роли нет: вход 136 123 KZT от 2, выход 82 500 KZT к 4; передано 61%.",0.5761,peripheral,1
100000003031003100,3,False,3,0,280090.0,0.0,3,0,0.0,False,0,9,0,0.0,0.0,6.190924410425947e-06,0,0,,,2,2026-07-20,2026-07-31,280090.0,0.2795960823324362,92267.737794085,0.0003645738829759735,,terminal,0.758,Признаки оседания: получил 280 090 KZT от 3 плательщиков; исходящих ≥5 000 KZT в наблюдаемой выборке 0.,0.5751,terminal,12
100000000764836100,3,False,1,2,251716.0,50000.0,1,2,0.1986365586613485,False,0,7,0,3.844048916909496e-05,0.0,0.0016044117305492448,0,0,0.5,0.0,1,2026-07-17,2026-07-17,301716.0,0.44201095570508103,133295.18860712706,0.0006140090606851372,,peripheral,0.8,"Признаков роли нет: вход 251 716 KZT от 1, выход 50 000 KZT к 2; передано 20%.",0.5737,peripheral,6
100000002591469100,1,False,1,0,235670.0,0.0,1,0,0.0,False,1,1,0,0.0,0.0,4.341414826156218e-06,0,0,,,1,2026-07-16,2026-07-16,235670.0,1.0,235670.0,0.0009311936008738724,,terminal,0.621,Признаки оседания: получил 235 670 KZT от 1 плательщиков; исходящих ≥5 000 KZT в наблюдаемой выборке 0.,0.5733,terminal,4
100000001822623100,2,False,1,0,201300.0,0.0,1,0,0.0,False,0,7,0,0.0,0.0,9.190763424750497e-05,0,0,,,1,2026-07-17,2026-07-17,201300.0,0.7055020264329096,143752.5289500777,0.000568003713106195,,terminal,0.613,Признаки оседания: получил 201 300 KZT от 1 плательщиков; исходящих ≥5 000 KZT в наблюдаемой выборке 0.,0.573,terminal,21
100000003447411100,4,False,1,0,302000.0,0.0,3,0,0.0,True,0,7,0,0.0,0.0,0.00011365723210704084,0,0,,,1,2026-07-14,2026-07-22,302000.0,0.2535875723968892,104621.6710143992,0.0004133874933650411,0.32259211247624237,truncated,1.0,"Граница обхода, глубина 4: исходящие не выгружены. Получил 302 000 KZT от 1; P(переводит дальше)=32%.",0.573,peripheral,6
100000001960517100,1,False,1,0,200000.0,0.0,1,0,0.0,False,1,2,0,0.0,0.0,9.22837788436284e-07,0,0,,,1,2026-07-11,2026-07-11,200000.0,1.0,200000.0,0.0007902521329603874,,terminal,0.612,Признаки оседания: получил 200 000 KZT от 1 плательщиков; исходящих ≥5 000 KZT в наблюдаемой выборке 0.,0.5729,terminal,4
100000001733687100,3,False,1,0,300000.0,0.0,1,0,0.0,False,0,8,0,0.0,0.0,1.966214550791006e-06,0,0,,,1,2026-07-30,2026-07-30,300000.0,0.252348005014537,94653.41143939181,0.0003740003014097714,,terminal,0.638,Признаки оседания: получил 300 000 KZT от 1 плательщиков; исходящих ≥5 000 KZT в наблюдаемой выборке 0.,0.5726,terminal,5
100000008238989100,2,False,1,0,200000.0,0.0,2,0,0.0,False,0,7,0,0.0,0.0,9.190763424750497e-05,0,0,,,1,2026-07-02,2026-07-03,200000.0,0.7055020264329096,142824.17183316217,0.0005643355321472681,,terminal,0.612,Признаки оседания: получил 200 000 KZT от 1 плательщиков; исходящих ≥5 000 KZT в наблюдаемой выборке 0.,0.5721,terminal,21
100000003824464100,2,False,1,0,200000.0,0.0,1,0,0.0,False,0,7,0,0.0,0.0,9.190763424750497e-05,0,0,,,1,2026-07-03,2026-07-03,200000.0,0.7055020264329096,142824.17183316217,0.0005643355321472681,,terminal,0.612,Признаки оседания: получил 200 000 KZT от 1 плательщиков; исходящих ≥5 000 KZT в наблюдаемой выборке 0.,0.5721,terminal,21
100000000998559100,1,False,1,0,100000.0,0.0,1,0,0.0,False,1,10,0,0.0,0.0,0.0004611679456476809,0,0,,,1,2026-07-26,2026-07-26,100000.0,1.0,100000.0,0.0003951260664801937,,terminal,0.588,Признаки оседания: получил 100 000 KZT от 1 плательщиков; исходящих ≥5 000 KZT в наблюдаемой выборке 0.,0.5713,terminal,3
100000003089018100,2,False,1,0,230000.0,0.0,1,0,0.0,False,0,1,0,0.0,0.0,5.01279615617639e-07,0,0,,,1,2026-07-02,2026-07-02,230000.0,1.0,230000.0,0.0009087899529044455,,terminal,0.62,Признаки оседания: получил 230 000 KZT от 1 плательщиков; исходящих ≥5 000 KZT в наблюдаемой выборке 0.,0.5702,terminal,4
100000003131016100,2,False,1,1,405700.0,126000.0,7,4,0.31057431599704216,False,0,7,0,0.0,0.0033463292848165,0.0,1,0,0.3253968253968254,2.0,1,2026-07-04,2026-07-31,531700.0,0.5395597702228881,229228.52811604782,0.0010315953249629634,,peripheral,0.8,"Признаков роли нет: вход 405 700 KZT от 1, выход 126 000 KZT к 1; передано 31%.",0.57,peripheral,1
100000007864477100,3,False,2,6,76000.0,203500.0,2,10,2.6776315789473686,False,0,7,1,7.54197319634361e-05,0.0011108515055979985,0.0013712520011039738,0,0,0.371007371007371,2.0,1,2026-07-03,2026-07-15,279500.0,0.7516747930813472,62288.32855195027,0.0009947782398173862,,peripheral,0.8,"Признаков роли нет: вход 76 000 KZT от 2, выход 203 500 KZT к 6; передано 268% (возможны поступления вне выборки).",0.5697,peripheral,1
100000002632742100,3,False,2,0,235500.0,0.0,2,0,0.0,False,0,8,0,0.0,0.0,1.5515386140543263e-06,0,0,,,1,2026-07-17,2026-07-31,235500.0,0.3529954430371955,95561.83768778571,0.0003775897303118357,,terminal,0.684,Признаки оседания: получил 235 500 KZT от 2 плательщиков; исходящих ≥5 000 KZT в наблюдаемой выборке 0.,0.5696,terminal,5
100000002121357100,3,False,2,1,255300.0,113000.0,2,1,0.4426165295730513,False,0,8,0,2.159800680119253e-05,0.0,5.922167199407372e-07,0,0,0.0,,1,2026-07-20,2026-07-22,368300.0,0.30220825695563946,88584.78767911764,0.00048495529366275847,,peripheral,0.8,"Признаков роли нет: вход 255 300 KZT от 2, выход 113 000 KZT к 1; передано 44%.",0.5693,peripheral,5
100000003509750100,2,False,3,3,82290.0,78400.0,4,5,0.9527281565196257,False,0,1,0,1.981468513870874e-06,1.57847465707e-313,2.9184388860920756e-05,2,0,0.7448979591836735,1.0,1,2026-07-02,2026-07-28,160690.0,0.8871022551625162,72999.64457732346,0.0005632461282869765,,transit,0.909,"Признаки транзита: получил 82 290 KZT, передано 95%. 74% ушло в течение 2 дней после поступления.",0.5693,transit,4
100000004017410100,3,False,2,5,193650.0,1330915.0,6,11,6.872785954040795,False,0,7,0,4.0587080059121736e-05,7.879292882440499e-06,1.7769573200861015e-05,7,0,0.04132495313374633,2.5,2,2026-07-19,2026-07-26,1524565.0,0.22167709084497844,51529.75853509139,0.0010270470083921252,,peripheral,0.8,"Признаков роли нет: вход 193 650 KZT от 2, выход 1 330 915 KZT к 5; передано 687% (возможны поступления вне выборки).",0.5691,peripheral,32
100000002475601100,3,False,1,0,232301.0,0.0,1,0,0.0,False,0,1,0,0.0,0.0,7.936044019065454e-05,0,0,,,1,2026-07-09,2026-07-09,232301.0,0.8946973593964336,220749.5431068768,0.0008722389864512294,,terminal,0.621,Признаки оседания: получил 232 301 KZT от 1 плательщиков; исходящих ≥5 000 KZT в наблюдаемой выборке 0.,0.5685,terminal,6
100000001724740100,4,False,1,0,185000.0,0.0,4,0,0.0,True,0,9,0,0.0,0.0,0.0,0,0,,,1,2026-07-25,2026-07-26,185000.0,0.3692223690680613,75390.14064849369,0.0002978860972582413,0.3287227527106342,truncated,1.0,"Граница обхода, глубина 4: исходящие не выгружены. Получил 185 000 KZT от 1; P(переводит дальше)=33%.",0.5684,peripheral,5
100000002615479100,1,False,1,0,220000.0,0.0,1,0,0.0,False,1,1,0,0.0,0.0,2.274780450186003e-05,0,0,,,1,2026-07-17,2026-07-17,220000.0,1.0,220000.0,0.0008692773462564261,,terminal,0.618,Признаки оседания: получил 220 000 KZT от 1 плательщиков; исходящих ≥5 000 KZT в наблюдаемой выборке 0.,0.5672,terminal,4
100000004732589100,2,False,1,0,227520.0,0.0,1,0,0.0,False,0,1,0,0.0,0.0,2.322813314613868e-05,0,0,,,1,2026-07-20,2026-07-20,227520.0,0.9613749847709885,218732.0365350953,0.0008642672920930986,,terminal,0.619,Признаки оседания: получил 227 520 KZT от 1 плательщиков; исходящих ≥5 000 KZT в наблюдаемой выборке 0.,0.5672,terminal,9
100000005314565100,3,False,1,0,218500.0,0.0,3,0,0.0,False,0,7,0,0.0,0.0,0.0006428156575478821,0,0,,,1,2026-07-07,2026-07-07,218500.0,0.4630846680164925,132559.71747234624,0.0005237779973857334,,terminal,0.617,Признаки оседания: получил 218 500 KZT от 1 плательщиков; исходящих ≥5 000 KZT в наблюдаемой выборке 0.,0.5668,terminal,1
100000005456919100,1,False,2,1,479950.0,5000.0,10,1,0.010417751849150954,False,1,1,1,0.0,2.530265713222844e-220,6.046194540928907e-220,3,7,1.0,2.0,2,2026-07-04,2026-07-17,484950.0,0.9990003507252008,479747.8119011404,0.0019153452121394312,,peripheral,0.8,"Признаков роли нет: вход 479 950 KZT от 2, выход 5 000 KZT к 1; передано 1%.",0.5667,peripheral,41
100000002870463100,2,False,3,1,207000.0,10000.0,4,1,0.04830917874396135,False,0,7,0,1.9418391435934565e-05,0.0,3.173137669684345e-05,1,0,1.0,0.0,1,2026-07-14,2026-07-30,217000.0,0.8253793109053901,172789.81790732034,0.0007153504988226573,,peripheral,0.8,"Признаков роли нет: вход 207 000 KZT от 3, выход 10 000 KZT к 1; передано 5%.",0.5666,peripheral,4
100000004420041100,3,False,1,7,69638.0,651830.0,1,11,9.360263074758034,False,0,7,0,0.00015424862618236015,0.00012716212292143383,0.0016044117305492448,0,0,0.0,,1,2026-07-31,2026-07-31,721468.0,0.44201095570508103,36876.52093717965,0.0011200642856057023,,peripheral,0.8,"Признаков роли нет: вход 69 638 KZT от 1, выход 651 830 KZT к 7; передано 936% (возможны поступления вне выборки).",0.5662,peripheral,10
100000004007116100,0,True,3,4,764704.0,148000.0,24,6,0.19353893794200108,False,0,0,0,3.962937027741748e-07,1.1001602779511113e-178,6.473231502161352e-179,12,2,0.9324324324324325,1.0,1,2026-07-03,2026-07-30,912704.0,1.0,291286.52725706884,0.004874680668495039,,peripheral,0.8,"Признаков роли нет: вход 764 704 KZT от 3, выход 148 000 KZT к 4; передано 19%.",0.566,peripheral,23
100000000490383100,2,False,3,8,62600.0,461375.0,3,9,7.37020766773163,False,0,7,0,5.1650279261567445e-05,0.001313330729632475,2.8139622695424152e-06,0,0,0.01083717149823896,8.5,1,2026-07-06,2026-07-19,523975.0,0.6984760682918942,43729.60635429736,0.0015932505664797507,,peripheral,0.8,"Признаков роли нет: вход 62 600 KZT от 3, выход 461 375 KZT к 8; передано 737% (возможны поступления вне выборки).",0.5657,peripheral,7
100000002479804100,1,False,1,2,46000.0,35300.0,1,2,0.7673913043478261,False,1,1,0,1.7833216624837866e-06,2.1578876366621626e-281,6.780075768513709e-05,0,0,0.6515580736543909,1.0,1,2026-07-15,2026-07-15,81300.0,1.0,46000.0,0.0016334066589100643,,transit,0.826,"Признаки транзита: получил 46 000 KZT, передано 77%. 65% ушло в течение 2 дней после поступления.",0.5652,transit,3
100000008332511100,3,False,1,0,100000.0,0.0,1,0,0.0,False,0,9,0,0.0,0.0,0.0,0,0,,,1,2026-07-01,2026-07-01,100000.0,0.9924622522244351,99892.53735116162,0.0003947014535429017,,terminal,0.588,Признаки оседания: получил 100 000 KZT от 1 плательщиков; исходящих ≥5 000 KZT в наблюдаемой выборке 0.,0.565,terminal,4
100000004744306100,1,False,1,2,69000.0,92000.0,1,3,1.3333333333333333,False,1,8,1,3.923307657464331e-05,1.1601484540645376e-302,8.651557678785036e-09,0,0,0.0,6.0,1,2026-07-03,2026-07-03,161000.0,1.0,69000.0,0.0006361529670331119,,peripheral,0.8,"Признаков роли нет: вход 69 000 KZT от 1, выход 92 000 KZT к 2; передано 133% (возможны поступления вне выборки).",0.5649,peripheral,18
100000004756901100,2,False,1,0,153248.0,0.0,1,0,0.0,False,0,7,0,0.0,0.0,4.0407558618990766e-06,0,0,,,1,2026-07-03,2026-07-03,153248.0,0.9068077100485716,140192.55709508416,0.0005539373363477917,,terminal,0.601,Признаки оседания: получил 153 248 KZT от 1 плательщиков; исходящих ≥5 000 KZT в наблюдаемой выборке 0.,0.5648,terminal,7
100000007647294100,3,False,1,0,385000.0,0.0,1,0,0.0,False,0,7,0,0.0,0.0,2.3749511394193016e-243,0,0,,,1,2026-07-16,2026-07-16,385000.0,0.22416528827701415,114276.25331951142,0.0004515352646622895,,terminal,0.659,Признаки оседания: получил 385 000 KZT от 1 плательщиков; исходящих ≥5 000 KZT в наблюдаемой выборке 0.,0.5645,terminal,33
100000002596039100,4,False,1,0,280000.0,0.0,1,0,0.0,True,0,7,0,0.0,0.0,0.00011365723210704084,0,0,,,1,2026-07-16,2026-07-16,280000.0,0.2535875723968892,97000.22478156217,0.00038327317265625697,0.30915047132628204,truncated,1.0,"Граница обхода, глубина 4: исходящие не выгружены. Получил 280 000 KZT от 1; P(переводит дальше)=31%.",0.5641,peripheral,6
100000002710570100,2,False,1,0,225015.0,0.0,1,0,0.0,False,0,7,0,0.0,0.0,1.7229296300670405e-295,0,0,,,1,2026-07-15,2026-07-15,225015.0,0.5684424897051708,128576.16003953146,0.0005080379235954116,,terminal,0.619,Признаки оседания: получил 225 015 KZT от 1 плательщиков; исходящих ≥5 000 KZT в наблюдаемой выборке 0.,0.5641,terminal,30
100000003071649100,3,False,1,0,189500.0,0.0,1,0,0.0,False,0,9,0,0.0,0.0,3.220733583683774e-06,0,0,,,1,2026-07-22,2026-07-22,189500.0,0.40751427377564153,88245.52560151568,0.00034868107415400384,,terminal,0.61,Признаки оседания: получил 189 500 KZT от 1 плательщиков; исходящих ≥5 000 KZT в наблюдаемой выборке 0.,0.5635,terminal,5
100000007745062100,4,False,1,0,100000.0,0.0,1,0,0.0,True,0,9,0,0.0,0.0,0.0,0,0,,,1,2026-07-19,2026-07-19,100000.0,0.7740388821212836,80633.23490623926,0.00031860292936070685,0.31007682671197007,truncated,1.0,"Граница обхода, глубина 4: исходящие не выгружены. Получил 100 000 KZT от 1; P(переводит дальше)=31%.",0.5632,peripheral,10
100000007242833100,2,False,1,1,107500.0,45000.0,3,2,0.4186046511627907,False,0,9,0,1.981468513870874e-05,0.0,9.023756758629543e-290,0,0,1.0,1.0,1,2026-07-11,2026-07-11,152500.0,0.8336963137188895,94615.41448230458,0.0005220869808132895,,peripheral,0.8,"Признаков роли нет: вход 107 500 KZT от 1, выход 45 000 KZT к 1; передано 42%.",0.563,peripheral,10
100000001382002100,2,False,1,1,55000.0,56500.0,2,3,1.0272727272727273,False,0,7,0,0.0,0.0009231328216341983,0.0,1,0,0.0,9.0,1,2026-07-02,2026-07-16,111500.0,0.9926122245695229,54593.67235132376,0.0004357465051403597,,transit,0.692,"Признаки транзита: получил 55 000 KZT, передано 103%. 0% ушло в течение 2 дней после поступления.",0.563,transit,1
100000004622227100,1,False,1,3,24931.0,19000.0,1,3,0.762103405398901,False,1,7,0,4.7841827440806e-05,0.0003439356830205309,0.0021516815362503513,0,0,0.0,3.0,1,2026-07-03,2026-07-03,43931.0,1.0,24931.0,0.0005292302471284167,,transit,0.629,"Признаки транзита: получил 24 931 KZT, передано 76%. 0% ушло в течение 2 дней после поступления.",0.5624,transit,1
100000002335358100,2,False,1,0,140000.0,0.0,2,0,0.0,False,0,7,0,0.0,0.0,7.33291794314557e-257,0,0,,,1,2026-07-03,2026-07-04,140000.0,0.9999356887064635,139992.78502138972,0.0005531479848111099,,terminal,0.598,Признаки оседания: получил 140 000 KZT от 1 плательщиков; исходящих ≥5 000 KZT в наблюдаемой выборке 0.,0.5621,terminal,7
100000008472324100,3,False,1,0,205200.0,0.0,1,0,0.0,False,0,7,0,0.0,0.0,0.0029401739563140994,0,0,,,1,2026-07-20,2026-07-20,205200.0,0.5403576910379955,127055.33900013879,0.0005020287632443115,,terminal,0.614,Признаки оседания: получил 205 200 KZT от 1 плательщиков; исходящих ≥5 000 KZT в наблюдаемой выборке 0.,0.562,terminal,8
100000008279405100,3,False,1,0,234738.0,0.0,2,0,0.0,False,0,7,0,0.0,0.0,0.0016044117305492448,0,0,,,1,2026-07-20,2026-07-30,234738.0,0.44201095570508103,124304.55745069757,0.0004911597083106097,,terminal,0.621,Признаки оседания: получил 234 738 KZT от 1 плательщиков; исходящих ≥5 000 KZT в наблюдаемой выборке 0.,0.5618,terminal,6
100000002605184100,2,False,1,0,140000.0,0.0,1,0,0.0,False,0,7,0,0.0,0.0,9.023756758629543e-290,0,0,,,1,2026-07-29,2026-07-29,140000.0,0.9928190861405171,139856.67442499328,0.0005526101763654192,,terminal,0.598,Признаки оседания: получил 140 000 KZT от 1 плательщиков; исходящих ≥5 000 KZT в наблюдаемой выборке 0.,0.5617,terminal,15
100000008168850100,4,False,1,0,187910.0,0.0,2,0,0.0,True,0,7,0,0.0,0.0,0.0,0,0,,,1,2026-07-02,2026-07-20,187910.0,0.5119191887828877,101538.61372294973,0.0004012055303620114,0.31563860746755723,truncated,1.0,"Граница обхода, глубина 4: исходящие не выгружены. Получил 187 910 KZT от 1; P(переводит дальше)=32%.",0.5614,peripheral,8
100000002755292100,3,False,1,0,203400.0,0.0,1,0,0.0,False,0,7,0,0.0,0.0,0.0029401739563140994,0,0,,,1,2026-07-16,2026-07-16,203400.0,0.5403576910379955,125940.8184825937,0.0004976250021632882,,terminal,0.613,Признаки оседания: получил 203 400 KZT от 1 плательщиков; исходящих ≥5 000 KZT в наблюдаемой выборке 0.,0.5609,terminal,8
100000002697752100,3,False,2,0,190785.0,0.0,2,0,0.0,False,0,7,0,0.0,0.0,0.002742319115704567,0,0,,,1,2026-07-06,2026-07-10,190785.0,0.592528857619646,128280.64958571145,0.0005068702847631939,,terminal,0.673,Признаки оседания: получил 190 785 KZT от 2 плательщиков; исходящих ≥5 000 KZT в наблюдаемой выборке 0.,0.5607,terminal,6
100000008647905100,2,False,1,2,50000.0,344222.0,1,2,6.88444,False,0,7,0,3.844048916909496e-05,0.0,9.023756758629543e-290,0,0,0.670497527758249,3.5,1,2026-07-08,2026-07-08,394222.0,1.0,50000.0,0.0015576738817995493,,peripheral,0.8,"Признаков роли нет: вход 50 000 KZT от 1, выход 344 222 KZT к 2; передано 688% (возможны поступления вне выборки).",0.5602,peripheral,17
100000001837130100,3,False,1,0,172900.0,0.0,1,0,0.0,False,0,7,0,0.0,0.0,0.0011319383959652314,0,0,,,1,2026-07-13,2026-07-13,172900.0,0.6690797475280011,129013.47017717999,0.0005097658499406639,,terminal,0.606,Признаки оседания: получил 172 900 KZT от 1 плательщиков; исходящих ≥5 000 KZT в наблюдаемой выборке 0.,0.5602,terminal,1
100000002570206100,2,False,2,0,166959.6,0.0,2,0,0.0,False,0,7,0,0.0,0.0,0.0005280203761400888,0,0,,,1,2026-07-08,2026-07-23,166959.6,0.7174789513286428,129475.0317608564,0.0005115896000705949,,terminal,0.667,Признаки оседания: получил 166 960 KZT от 2 плательщиков; исходящих ≥5 000 KZT в наблюдаемой выборке 0.,0.56,terminal,16
100000002293421100,2,False,2,2,41000.0,47000.0,6,5,1.146341463414634,False,0,7,0,1.9616538287321655e-05,0.0009381347387178241,1.7626219636774375e-05,2,0,0.3191489361702128,0.0,1,2026-07-09,2026-07-31,88000.0,0.989958303811756,40760.35908019716,0.00031074503718006086,,transit,0.752,"Признаки транзита: получил 41 000 KZT, передано 115%. 32% ушло в течение 2 дней после поступления.",0.5599,transit,1
100000002731501100,1,False,3,7,570370.0,833960.0,7,20,1.4621386117783193,False,1,1,1,4.4583041562094666e-06,1.1578010597051478e-178,6.38373224061603e-179,10,2,0.32975202647609,2.0,3,2026-07-12,2026-07-30,1404330.0,0.349219594346996,228641.44673055023,0.001158053647448528,,peripheral,0.8,"Признаков роли нет: вход 570 370 KZT от 3, выход 833 960 KZT к 7; передано 146% (возможны поступления вне выборки).",0.5596,peripheral,23
100000004130144100,1,False,1,0,200000.0,0.0,1,0,0.0,False,1,1,0,0.0,0.0,4.341414826156218e-06,0,0,,,1,2026-07-22,2026-07-22,200000.0,1.0,200000.0,0.0007902521329603874,,terminal,0.612,Признаки оседания: получил 200 000 KZT от 1 плательщиков; исходящих ≥5 000 KZT в наблюдаемой выборке 0.,0.5591,terminal,4
100000001270349100,3,False,1,0,200000.0,0.0,1,0,0.0,False,0,1,0,0.0,0.0,4.7270720423518116e-07,0,0,,,1,2026-07-05,2026-07-05,200000.0,1.0,200000.0,0.0007902521329603874,,terminal,0.612,Признаки оседания: получил 200 000 KZT от 1 плательщиков; исходящих ≥5 000 KZT в наблюдаемой выборке 0.,0.5591,terminal,26
100000002784085100,1,False,1,0,200000.0,0.0,1,0,0.0,False,1,1,0,0.0,0.0,2.274780450186003e-05,0,0,,,1,2026-07-29,2026-07-29,200000.0,1.0,200000.0,0.0007902521329603874,,terminal,0.612,Признаки оседания: получил 200 000 KZT от 1 плательщиков; исходящих ≥5 000 KZT в наблюдаемой выборке 0.,0.5591,terminal,4
100000007641801100,1,False,1,0,200000.0,0.0,1,0,0.0,False,1,1,0,0.0,0.0,4.341414826156218e-06,0,0,,,1,2026-07-20,2026-07-20,200000.0,1.0,200000.0,0.0007902521329603874,,terminal,0.612,Признаки оседания: получил 200 000 KZT от 1 плательщиков; исходящих ≥5 000 KZT в наблюдаемой выборке 0.,0.5591,terminal,4
100000003977183100,0,True,2,4,123800.0,766000.0,2,6,6.187399030694669,False,1,1,0,1.5851748110966993e-06,4.9519258097790276e-05,4.200664014254977e-05,1,0,0.21148825065274152,0.0,1,2026-07-17,2026-07-20,889800.0,1.0,123800.0,0.005881834639053541,,peripheral,0.8,"Признаков роли нет: вход 123 800 KZT от 2, выход 766 000 KZT к 4; передано 619% (возможны поступления вне выборки).",0.5589,peripheral,4
100000001049200100,1,False,2,4,76624.0,36000.0,2,5,0.46982668615577367,False,1,7,1,0.0011596533657190738,1.1012390777196447e-05,0.0003797223312623088,3,0,0.0,5.0,1,2026-07-06,2026-07-25,112624.0,1.0,76624.0,0.0004619310952388978,,peripheral,0.8,"Признаков роли нет: вход 76 624 KZT от 2, выход 36 000 KZT к 4; передано 47%.",0.5588,peripheral,17
100000008659950100,3,False,1,0,246000.0,0.0,1,0,0.0,False,0,8,0,0.0,0.0,2.612568276300329e-07,0,0,,,1,2026-07-13,2026-07-13,246000.0,0.31231090742183704,85871.84986025348,0.00033930206256658726,,terminal,0.624,Признаки оседания: получил 246 000 KZT от 1 плательщиков; исходящих ≥5 000 KZT в наблюдаемой выборке 0.,0.5588,terminal,5
100000008751429100,1,False,3,1,386200.0,72600.0,6,2,0.1879854997410668,False,1,1,0,0.0,2.8857651638375855e-220,8.087564773215924e-220,5,7,1.0,0.5,2,2026-07-23,2026-07-27,458800.0,0.9993487505464744,386095.05446517176,0.0018111987836340426,,peripheral,0.8,"Признаков роли нет: вход 386 200 KZT от 3, выход 72 600 KZT к 1; передано 19%.",0.5587,peripheral,41
100000008568512100,3,False,1,0,199640.0,0.0,1,0,0.0,False,0,7,0,0.0,0.0,0.0029401739563140994,0,0,,,1,2026-07-12,2026-07-12,199640.0,0.5403576910379955,123612.7089570551,0.0004884260345715869,,terminal,0.612,Признаки оседания: получил 199 640 KZT от 1 плательщиков; исходящих ≥5 000 KZT в наблюдаемой выборке 0.,0.5583,terminal,8
100000001688676100,3,False,1,0,133700.0,0.0,1,0,0.0,False,0,7,0,0.0,0.0,8.448073037865009e-05,0,0,,,1,2026-07-26,2026-07-26,133700.0,1.0,133700.0,0.000528283550884019,,terminal,0.596,Признаки оседания: получил 133 700 KZT от 1 плательщиков; исходящих ≥5 000 KZT в наблюдаемой выборке 0.,0.5579,terminal,17
100000000267734100,1,False,2,7,180000.0,282000.0,4,8,1.5666666666666667,False,1,1,0,3.5666433249675733e-06,6.528287914301861e-241,4.376405718364655e-06,1,0,0.4148936170212766,7.5,1,2026-07-04,2026-07-29,462000.0,0.9876543209876544,179259.25925925927,0.0021608430267507795,,peripheral,0.8,"Признаков роли нет: вход 180 000 KZT от 2, выход 282 000 KZT к 7; передано 157% (возможны поступления вне выборки).",0.5574,peripheral,4
100000004737477100,1,False,2,1,49598.0,40500.0,3,3,0.8165651840800032,False,1,7,0,1.922024458454748e-05,0.0,0.00505746306905961,0,0,0.37037037037037035,2.0,1,2026-07-03,2026-07-05,90098.0,0.8688571484899535,44859.58229003355,0.00031629168644549,,transit,0.756,"Признаки транзита: получил 49 598 KZT, передано 82%. 37% ушло в течение 2 дней после поступления.",0.5571,transit,1
100000003448713100,4,False,1,0,266750.0,0.0,1,0,0.0,True,0,7,0,0.0,0.0,0.00011365723210704084,0,0,,,1,2026-07-16,2026-07-16,266750.0,0.2535875723968892,92410.03557314895,0.00036513613859315383,0.3088908659158056,truncated,1.0,"Граница обхода, глубина 4: исходящие не выгружены. Получил 266 750 KZT от 1; P(переводит дальше)=31%.",0.557,peripheral,6
100000005022552100,3,False,1,1,241000.0,5000.0,3,1,0.02074688796680498,False,0,7,0,0.0,2.255396008461784e-05,5.2569834314297354e-05,0,0,0.0,12.0,1,2026-07-11,2026-07-14,246000.0,0.9961695382890275,240161.74418786122,0.0009686014505188404,,peripheral,0.8,"Признаков роли нет: вход 241 000 KZT от 1, выход 5 000 KZT к 1; передано 2%.",0.5569,peripheral,7
100000004235471100,4,False,1,0,180000.0,0.0,1,0,0.0,True,0,7,0,0.0,0.0,1.23619985386e-313,0,0,,,1,2026-07-20,2026-07-20,180000.0,0.5119191887828877,97264.38438683919,0.0003843169361138866,0.31540567001415254,truncated,1.0,"Граница обхода, глубина 4: исходящие не выгружены. Получил 180 000 KZT от 1; P(переводит дальше)=32%.",0.5565,peripheral,8
100000008514970100,3,False,1,1,379966.0,31000.0,1,1,0.0815862471905381,False,0,1,0,7.925874055483496e-07,0.0,7.936044019065454e-05,0,0,1.0,0.0,1,2026-07-08,2026-07-08,410966.0,0.8946973593964336,361071.7168507563,0.0015362791289404436,,peripheral,0.8,"Признаков роли нет: вход 379 966 KZT от 1, выход 31 000 KZT к 1; передано 8%.",0.556,peripheral,6
100000008624978100,2,False,1,0,109000.0,0.0,1,0,0.0,False,0,8,0,0.0,0.0,5.704237108788349e-08,0,0,,,1,2026-07-05,2026-07-05,109000.0,0.8760058067391425,95907.33056946001,0.0003789548627452087,,terminal,0.59,Признаки оседания: получил 109 000 KZT от 1 плательщиков; исходящих ≥5 000 KZT в наблюдаемой выборке 0.,0.5557,terminal,6
100000002906470100,3,False,1,0,130000.0,0.0,1,0,0.0,False,0,7,0,0.0,0.0,8.448073037865009e-05,0,0,,,1,2026-07-26,2026-07-26,130000.0,1.0,130000.0,0.0005136638864242518,,terminal,0.595,Признаки оседания: получил 130 000 KZT от 1 плательщиков; исходящих ≥5 000 KZT в наблюдаемой выборке 0.,0.5552,terminal,17
100000008356606100,2,False,2,0,168500.0,0.0,2,0,0.0,False,0,7,0,0.0,0.0,1.7177670200697507e-06,0,0,,,1,2026-07-08,2026-07-22,168500.0,0.7222790522855382,121968.98869192657,0.00048193126734407944,,terminal,0.667,Признаки оседания: получил 168 500 KZT от 2 плательщиков; исходящих ≥5 000 KZT в наблюдаемой выборке 0.,0.5548,terminal,13
100000008238112100,3,False,1,0,190000.0,0.0,1,0,0.0,False,0,7,0,0.0,0.0,0.0029401739563140994,0,0,,,1,2026-07-20,2026-07-20,190000.0,0.5403576910379955,117643.83240753591,0.00046484144744844095,,terminal,0.61,Признаки оседания: получил 190 000 KZT от 1 плательщиков; исходящих ≥5 000 KZT в наблюдаемой выборке 0.,0.5545,terminal,8
100000005198906100,3,False,1,1,227970.0,60000.0,1,1,0.26319252533228055,False,0,7,0,1.922024458454748e-05,0.0,0.0029401739563140994,0,0,0.0,,1,2026-07-18,2026-07-18,287970.0,0.5403576910379955,141154.023547084,0.000685841986291333,,peripheral,0.8,"Признаков роли нет: вход 227 970 KZT от 1, выход 60 000 KZT к 1; передано 26%.",0.5544,peripheral,8
100000005888829100,4,False,1,0,197000.0,0.0,1,0,0.0,True,0,8,0,0.0,0.0,1.276147972494963e-06,0,0,,,1,2026-07-13,2026-07-13,197000.0,0.30249927077752825,70296.97602352945,0.0002777616762162792,0.3008891123365876,truncated,1.0,"Граница обхода, глубина 4: исходящие не выгружены. Получил 197 000 KZT от 1; P(переводит дальше)=30%.",0.5542,peripheral,5
100000007283257100,1,False,1,0,192000.0,0.0,7,0,0.0,False,1,1,0,0.0,0.0,0.0,0,12,,,1,2026-07-29,2026-07-31,192000.0,1.0,192000.0,0.0007586420476419719,,terminal,0.61,Признаки оседания: получил 192 000 KZT от 1 плательщиков; исходящих ≥5 000 KZT в наблюдаемой выборке 0.,0.5542,terminal,64
100000006443391100,1,False,3,2,86775.93,60041.70999999999,7,6,0.6919166409394862,False,1,1,0,1.1888811083225246e-06,0.0,2.3115979173654374e-05,2,0,0.8944885147341739,0.0,1,2026-07-07,2026-07-30,146817.63999999998,0.7460148247636877,71129.69902887972,0.0004727753675077887,,transit,0.876,"Признаки транзита: получил 86 776 KZT, передано 69%. 89% ушло в течение 2 дней после поступления.",0.5541,transit,4
100000003968044100,3,False,1,3,40000.0,311000.0,1,4,7.775,False,0,7,0,6.561503152343142e-05,0.0014579653162372242,0.001137907385155322,2,0,0.0,14.0,1,2026-07-03,2026-07-03,351000.0,0.7594437519994522,33231.23850298551,0.00189113399400949,,peripheral,0.8,"Признаков роли нет: вход 40 000 KZT от 1, выход 311 000 KZT к 3; передано 778% (возможны поступления вне выборки).",0.5535,peripheral,6
100000008077552100,3,False,1,0,214000.0,0.0,1,0,0.0,False,0,7,0,0.0,0.0,0.0016044117305492448,0,0,,,1,2026-07-24,2026-07-24,214000.0,0.44201095570508103,113322.83351843026,0.00044776805450533213,,terminal,0.616,Признаки оседания: получил 214 000 KZT от 1 плательщиков; исходящих ≥5 000 KZT в наблюдаемой выборке 0.,0.5531,terminal,6
100000005668605100,0,True,3,0,94500.0,0.0,3,0,0.0,False,1,10,0,0.0,0.0,2.9287205995163054e-06,0,0,,,1,2026-07-20,2026-07-22,94500.0,1.0,86436.12691576233,0.0003415316683000424,,terminal,0.711,Признаки оседания: получил 94 500 KZT от 3 плательщиков; исходящих ≥5 000 KZT в наблюдаемой выборке 0.,0.5531,terminal,18
100000001380054100,1,False,2,3,127050.0,360000.0,2,4,2.833530106257379,False,1,1,1,2.774055919419224e-06,1.57847465707e-313,3.417408459681889e-266,2,3,0.5555555555555556,3.5,1,2026-07-04,2026-07-17,487050.0,0.9999905189204517,127049.93315838919,0.0043058499804833755,,peripheral,0.8,"Признаков роли нет: вход 127 050 KZT от 2, выход 360 000 KZT к 3; передано 283% (возможны поступления вне выборки).",0.553,peripheral,28
100000006232815100,0,True,1,5,160000.0,296500.0,2,5,1.853125,False,0,0,0,2.774055919419224e-06,5.920497266059633e-266,1.23619985386e-313,1,3,0.0,4.0,1,2026-07-13,2026-07-24,456500.0,1.0,159998.48302727228,0.00550373787118872,,peripheral,0.8,"Признаков роли нет: вход 160 000 KZT от 1, выход 296 500 KZT к 5; передано 185% (возможны поступления вне выборки).",0.5524,peripheral,28
100000001236706100,3,False,3,2,142700.0,36000.0,3,2,0.25227750525578135,False,0,7,0,3.923307657464331e-05,0.0,0.0032252162247669866,0,0,0.0,11.0,2,2026-07-02,2026-07-03,178700.0,0.6819616667629436,106810.57576848404,0.0005190423257351016,,peripheral,0.8,"Признаков роли нет: вход 142 700 KZT от 3, выход 36 000 KZT к 2; передано 25%.",0.5517,peripheral,13
100000002308091100,3,False,1,0,186720.0,0.0,1,0,0.0,False,0,1,0,0.0,0.0,0.0,0,0,,,1,2026-07-07,2026-07-07,186720.0,1.0,186720.0,0.0007377793913318177,,terminal,0.609,Признаки оседания: получил 186 720 KZT от 1 плательщиков; исходящих ≥5 000 KZT в наблюдаемой выборке 0.,0.5511,terminal,12
100000002578405100,2,False,2,116,1200351.0,3108352.0,7,120,2.589535894084314,False,0,1,0,0.00017100073274705643,1.512924480514743e-08,7.686094599355042e-13,2,1,0.6693176963226816,1.0,1,2026-07-08,2026-07-28,4308703.0,0.09040302716448746,108515.3640599197,-0.0035854633078873906,,distributor,1.0,"Признаки раздачи: 116 получателей против 2 плательщиков, отправил 3 108 352 KZT в 120 переводах.",0.5509,distributor,2
100000003497735100,3,False,1,0,125000.0,0.0,1,0,0.0,False,0,7,0,0.0,0.0,8.448073037865009e-05,0,0,,,1,2026-07-26,2026-07-26,125000.0,1.0,125000.0,0.0004939075831002422,,terminal,0.594,Признаки оседания: получил 125 000 KZT от 1 плательщиков; исходящих ≥5 000 KZT в наблюдаемой выборке 0.,0.5505,terminal,17
100000002692750100,2,False,3,1,112830.0,77000.0,3,8,0.682442612780289,False,0,7,0,1.981468513870874e-05,0.0,2.9188181002026514e-05,1,0,0.15584415584415584,5.0,1,2026-07-09,2026-07-28,189830.0,0.9690198957015739,109577.07123710381,0.0007277890365351795,,peripheral,0.8,"Признаков роли нет: вход 112 830 KZT от 3, выход 77 000 KZT к 1; передано 68%.",0.5503,peripheral,4
100000004417753100,3,False,2,0,192099.0,0.0,2,0,0.0,False,0,7,0,0.0,0.0,0.00013358663793153135,0,0,,,2,2026-07-30,2026-07-30,192099.0,0.552032660572261,112704.10211865001,0.00044532328546320734,,terminal,0.673,Признаки оседания: получил 192 099 KZT от 2 плательщиков; исходящих ≥5 000 KZT в наблюдаемой выборке 0.,0.5502,terminal,3
100000002528544100,3,False,1,0,192912.0,0.0,1,0,0.0,False,0,1,0,0.0,0.0,7.936044019065454e-05,0,0,,,1,2026-07-10,2026-07-10,192912.0,0.8946973593964336,183319.21024805668,0.0007243419845556883,,terminal,0.611,Признаки оседания: получил 192 912 KZT от 1 плательщиков; исходящих ≥5 000 KZT в наблюдаемой выборке 0.,0.5501,terminal,6
100000007034089100,4,False,2,0,198000.0,0.0,2,0,0.0,True,0,8,0,0.0,0.0,1.6071078648056672e-06,0,0,,,2,2026-07-25,2026-07-25,198000.0,0.2887836711747222,68231.26144450418,0.0002695994994553878,0.49540148431612613,truncated,1.0,"Граница обхода, глубина 4: исходящие не выгружены. Получил 198 000 KZT от 2; P(переводит дальше)=50%.",0.5501,peripheral,5
100000003557488100,3,False,1,2,664992.0,138000.0,3,4,0.20752129348924497,False,0,7,0,1.981468513870874e-05,2.7367980912499234e-295,4.747355765062003e-05,1,0,0.855072463768116,1.5,1,2026-07-16,2026-07-24,802992.0,0.3958293148366982,329909.49276613677,0.0001963849988421506,,peripheral,0.8,"Признаков роли нет: вход 664 992 KZT от 1, выход 138 000 KZT к 2; передано 21%.",0.5497,peripheral,30
100000008531186100,2,False,1,0,125000.0,0.0,1,0,0.0,False,0,9,0,0.0,0.0,0.0001427672909306537,0,0,,,1,2026-07-22,2026-07-22,125000.0,0.5957146489028127,82691.00067815918,0.0003267336983126917,,terminal,0.594,Признаки оседания: получил 125 000 KZT от 1 плательщиков; исходящих ≥5 000 KZT в наблюдаемой выборке 0.,0.5497,terminal,3
100000008193577100,1,False,2,5,154300.0,480180.0,6,16,3.1119896305897603,False,1,1,1,9.90734256935437e-07,1.2819254376517169e-219,4.8275754444071506e-220,9,7,0.10410679328585114,3.0,1,2026-07-18,2026-07-29,634480.0,0.9990639439867609,154241.01070326037,0.002504383030536903,,peripheral,0.8,"Признаков роли нет: вход 154 300 KZT от 2, выход 480 180 KZT к 5; передано 311% (возможны поступления вне выборки).",0.5495,peripheral,41
100000005634552100,1,False,1,3,25850.0,1196000.0,1,4,46.2669245647969,False,1,7,0,2.917712386674862e-05,0.0016790760035236684,0.0002952416008836587,0,0,0.0,,1,2026-07-21,2026-07-21,1221850.0,1.0,25850.0,0.004851430308724191,,peripheral,0.8,"Признаков роли нет: вход 25 850 KZT от 1, выход 1 196 000 KZT к 3; передано 4627% (возможны поступления вне выборки).",0.5494,peripheral,1
100000008659445100,0,True,3,4,138490.0,875150.0,7,18,6.319228825185934,False,0,0,0,9.90734256935437e-07,1.0956193335883486e-219,5.944816581440702e-220,10,7,0.5178540821573444,2.5,2,2026-07-05,2026-07-26,1013640.0,1.0,138364.6503436868,0.006378791276979323,,peripheral,0.8,"Признаков роли нет: вход 138 490 KZT от 3, выход 875 150 KZT к 4; передано 632% (возможны поступления вне выборки).",0.5485,peripheral,41
100000001477796100,1,False,1,0,182000.0,0.0,1,0,0.0,False,1,1,0,0.0,0.0,6.780075768513709e-05,0,0,,,1,2026-07-28,2026-07-28,182000.0,1.0,182000.0,0.0007191294409939525,,terminal,0.608,Признаки оседания: получил 182 000 KZT от 1 плательщиков; исходящих ≥5 000 KZT в наблюдаемой выборке 0.,0.548,terminal,3
100000005756189100,3,False,1,1,65000.0,49050.0,1,1,0.7546153846153846,False,0,7,0,1.922024458454748e-05,0.0,0.0029401739563140994,0,0,1.0,0.0,1,2026-07-02,2026-07-02,114050.0,0.5403576910379955,40246.57424468334,0.0002637510707970699,,transit,0.926,"Признаки транзита: получил 65 000 KZT, передано 75%. 100% ушло в течение 2 дней после поступления.",0.5476,transit,8
100000004798515100,4,False,1,0,200000.0,0.0,2,0,0.0,True,0,7,0,0.0,0.0,2.369785348115211e-06,0,0,,,1,2026-07-01,2026-07-20,200000.0,0.39278655103571053,88402.1911410162,0.0003493001005377724,0.31597650510969644,truncated,1.0,"Граница обхода, глубина 4: исходящие не выгружены. Получил 200 000 KZT от 1; P(переводит дальше)=32%.",0.5476,peripheral,10
100000002681544100,3,False,2,0,166072.0,0.0,2,0,0.0,False,0,7,0,0.0,0.0,0.0017127236255675851,0,0,,,2,2026-07-15,2026-07-15,166072.0,0.5907417222091641,112412.50881960793,0.0004441711243306253,,terminal,0.667,Признаки оседания: получил 166 072 KZT от 2 плательщиков; исходящих ≥5 000 KZT в наблюдаемой выборке 0.,0.5471,terminal,4
100000004877085100,3,False,1,3,25000.0,95600.0,1,9,3.824,False,0,7,0,5.7660733753642434e-05,1.57847465707e-313,0.00025946007686321234,0,0,0.7071129707112971,0.0,1,2026-07-06,2026-07-06,120600.0,0.6464047554220197,18180.557751122655,0.0003160093908621089,,transit,0.612,"Признаки транзита: получил 25 000 KZT, передано 382% (возможны поступления вне выборки). 71% ушло в течение 2 дней после поступления.",0.5471,transit,13
100000001329153100,3,False,1,0,150687.0,0.0,1,0,0.0,False,0,7,0,0.0,0.0,0.0029057815328092595,0,0,,,1,2026-07-03,2026-07-03,150687.0,0.6659430358381553,114016.15877655409,0.00045050756332560004,,terminal,0.6,Признаки оседания: получил 150 687 KZT от 1 плательщиков; исходящих ≥5 000 KZT в наблюдаемой выборке 0.,0.5469,terminal,1
100000002975437100,3,False,1,1,530000.0,8500.0,2,1,0.016037735849056604,False,0,7,0,0.0,2.0034752528524684e-295,4.747355765062003e-05,1,0,0.0,,1,2026-07-22,2026-07-22,538500.0,0.39582931483669814,262938.54838261585,0.0005125079989825377,,peripheral,0.8,"Признаков роли нет: вход 530 000 KZT от 1, выход 8 500 KZT к 1; передано 2%.",0.5466,peripheral,30
100000003880331100,3,False,1,16,100000.0,3904908.0,1,31,39.04908,False,0,7,1,0.0006596540844331799,0.006098820271464862,0.0001302803722324665,3,0,0.4467150058336842,1.0,1,2026-07-21,2026-07-21,4004908.0,0.34642937421986486,41457.735456139475,-0.04065772088227928,,distributor,0.8,"Признаки раздачи: 16 получателей против 1 плательщиков, отправил 3 904 908 KZT в 31 переводах.",0.5464,distributor,6
100000001526235100,2,False,3,8,82000.0,432750.0,4,9,5.277439024390244,False,0,7,0,0.0002566001725462782,0.00013418598689634488,2.0990113494022816e-08,3,0,0.1346042749855575,8.0,1,2026-07-03,2026-07-31,514750.0,0.3333264741256924,27332.770878306776,0.0010257570586823458,,peripheral,0.8,"Признаков роли нет: вход 82 000 KZT от 3, выход 432 750 KZT к 8; передано 528% (возможны поступления вне выборки).",0.5462,peripheral,24
100000002890167100,1,False,1,0,118150.0,0.0,1,0,0.0,False,1,7,0,0.0,0.0,0.0002952416008836587,0,0,,,1,2026-07-10,2026-07-10,118150.0,1.0,118150.0,0.00046684144754634884,,terminal,0.592,Признаки оседания: получил 118 150 KZT от 1 плательщиков; исходящих ≥5 000 KZT в наблюдаемой выборке 0.,0.5461,terminal,7
100000001703168100,2,False,1,1,45000.0,90000.0,1,1,2.0,False,0,7,0,1.922024458454748e-05,0.0,0.0001421681899391104,0,0,1.0,2.0,1,2026-07-23,2026-07-23,135000.0,0.623412894157695,30683.93365900372,0.0003429342363035107,,transit,0.7,"Признаки транзита: получил 45 000 KZT, передано 200% (возможны поступления вне выборки). 100% ушло в течение 2 дней после поступления.",0.5456,transit,3
100000005572303100,2,False,1,1,75000.0,20000.0,1,1,0.26666666666666666,False,0,7,0,3.844048916909496e-05,0.0,2.603644808281309e-06,0,0,0.0,,1,2026-07-07,2026-07-07,95000.0,0.9965217601156066,74801.6879989802,0.0010237720215974886,,peripheral,0.8,"Признаков роли нет: вход 75 000 KZT от 1, выход 20 000 KZT к 1; передано 27%.",0.545,peripheral,7
100000000076451100,2,False,3,4,87707.0,58000.0,4,4,0.661292713238396,False,0,7,0,9.76863977338341e-05,1.5362965042255266e-289,3.6251435860713816e-05,2,0,0.25862068965517243,2.0,2,2026-07-19,2026-07-30,145707.0,0.8187955711777725,73823.19035266968,0.0005138220119653981,,peripheral,0.8,"Признаков роли нет: вход 87 707 KZT от 3, выход 58 000 KZT к 4; передано 66%.",0.5446,peripheral,15
100000002826669100,2,False,1,0,159900.0,0.0,4,0,0.0,False,0,7,0,0.0,0.0,3.537647047461897e-05,0,0,,,1,2026-07-11,2026-07-16,159900.0,0.6559816324339932,107899.10470050157,0.0004263374881704541,,terminal,0.602,Признаки оседания: получил 159 900 KZT от 1 плательщиков; исходящих ≥5 000 KZT в наблюдаемой выборке 0.,0.5437,terminal,1
100000005241556100,3,False,1,0,100000.0,0.0,1,0,0.0,False,0,8,0,0.0,0.0,0.0,0,0,,,1,2026-07-08,2026-07-08,100000.0,0.7967776580420617,87600.58067391424,0.00034613272863072035,,terminal,0.588,Признаки оседания: получил 100 000 KZT от 1 плательщиков; исходящих ≥5 000 KZT в наблюдаемой выборке 0.,0.5435,terminal,6
100000001674850100,3,False,2,0,237000.0,0.0,2,0,0.0,False,0,8,0,0.0,0.0,2.4578559786270733e-06,0,0,,,2,2026-07-17,2026-07-17,237000.0,0.2398247270635351,74168.10686898709,0.00029305752325423616,,terminal,0.684,Признаки оседания: получил 237 000 KZT от 2 плательщиков; исходящих ≥5 000 KZT в наблюдаемой выборке 0.,0.5431,terminal,5
100000008699083100,4,False,1,0,238500.0,0.0,1,0,0.0,True,0,8,0,0.0,0.0,2.1191697184202844e-07,0,0,,,1,2026-07-30,2026-07-30,238500.0,0.20430281220520205,60184.99919596708,0.00023780661993414538,0.33908174637908395,truncated,1.0,"Граница обхода, глубина 4: исходящие не выгружены. Получил 238 500 KZT от 1; P(переводит дальше)=34%.",0.5428,peripheral,12
100000008417029100,3,False,1,0,100000.0,0.0,1,0,0.0,False,0,9,0,0.0,0.0,9.056545672026166e-08,0,0,,,1,2026-07-29,2026-07-29,100000.0,0.7326565522988691,80347.70797288904,0.0003174747380202502,,terminal,0.588,Признаки оседания: получил 100 000 KZT от 1 плательщиков; исходящих ≥5 000 KZT в наблюдаемой выборке 0.,0.5425,terminal,5
100000002981527100,1,False,1,0,168000.0,0.0,1,0,0.0,False,1,1,0,0.0,0.0,2.274780450186003e-05,0,0,,,1,2026-07-20,2026-07-20,168000.0,1.0,168000.0,0.0006638117916867254,,terminal,0.604,Признаки оседания: получил 168 000 KZT от 1 плательщиков; исходящих ≥5 000 KZT в наблюдаемой выборке 0.,0.5419,terminal,4
100000002769809100,3,False,1,0,113422.0,0.0,1,0,0.0,False,0,7,0,0.0,0.0,0.0,0,0,,,1,2026-07-14,2026-07-14,113422.0,1.0,113422.0,0.0004481598871231653,,terminal,0.591,Признаки оседания: получил 113 422 KZT от 1 плательщиков; исходящих ≥5 000 KZT в наблюдаемой выборке 0.,0.5419,terminal,17
100000008468762100,3,False,2,0,170000.0,0.0,2,0,0.0,False,0,8,0,0.0,0.0,1.3211887603849947e-06,0,0,,,2,2026-07-27,2026-07-27,170000.0,0.37787661375619197,76936.8352762458,0.00030399749090137713,,terminal,0.668,Признаки оседания: получил 170 000 KZT от 2 плательщиков; исходящих ≥5 000 KZT в наблюдаемой выборке 0.,0.5417,terminal,19
100000001927599100,3,False,2,0,188000.0,0.0,2,0,0.0,False,0,9,0,0.0,0.0,6.975993292613416e-07,0,0,,,2,2026-07-08,2026-07-08,188000.0,0.3376798151414043,70568.05590849991,0.0002788327835028045,,terminal,0.672,Признаки оседания: получил 188 000 KZT от 2 плательщиков; исходящих ≥5 000 KZT в наблюдаемой выборке 0.,0.5412,terminal,9
100000001363952100,1,False,2,1,196655.0,91000.0,2,2,0.4627393150441128,False,1,7,0,1.922024458454748e-05,0.0,0.002265338768357392,0,0,0.10989010989010989,0.0,1,2026-07-12,2026-07-21,287655.0,0.5160683200559527,113324.74521303277,0.0006333355693672021,,peripheral,0.8,"Признаков роли нет: вход 196 655 KZT от 2, выход 91 000 KZT к 1; передано 46%.",0.5411,peripheral,6
100000004408683100,1,False,2,0,112919.68,0.0,3,0,0.0,False,1,7,0,0.0,0.0,0.00031210939100056984,0,0,,,1,2026-07-05,2026-07-14,112919.68,1.0,112919.68,0.00044617508986605025,,terminal,0.653,Признаки оседания: получил 112 920 KZT от 2 плательщиков; исходящих ≥5 000 KZT в наблюдаемой выборке 0.,0.5409,terminal,7
100000008258458100,3,False,1,2,19000.0,1557988.0,1,4,81.99936842105264,False,0,7,0,3.844048916909496e-05,0.0,5.2569834314297354e-05,0,0,0.364308325866438,0.0,1,2026-07-17,2026-07-17,1576988.0,0.9961695382890274,18933.91344219653,0.0062072491417844745,,peripheral,0.8,"Признаков роли нет: вход 19 000 KZT от 1, выход 1 557 988 KZT к 2; передано 8200% (возможны поступления вне выборки).",0.5409,peripheral,63
100000006567935100,2,False,1,0,200000.0,0.0,1,0,0.0,False,0,7,0,0.0,0.0,3.8766877888989646e-07,0,0,,,1,2026-07-18,2026-07-18,200000.0,0.44665696352259815,99985.23451458979,0.00039506772419851255,,terminal,0.612,Признаки оседания: получил 200 000 KZT от 1 плательщиков; исходящих ≥5 000 KZT в наблюдаемой выборке 0.,0.5407,terminal,29
100000008599354100,3,False,1,1,177000.0,38200.0,1,2,0.21581920903954802,False,0,7,0,4.359230730515923e-06,0.0006883384473642687,0.001137907385155322,0,0,0.0,10.5,1,2026-07-10,2026-07-10,215200.0,0.7594437519994522,147048.23037571087,0.0006986489096990639,,peripheral,0.8,"Признаков роли нет: вход 177 000 KZT от 1, выход 38 200 KZT к 1; передано 22%.",0.5406,peripheral,1
100000002581346100,3,False,1,0,166400.0,0.0,1,0,0.0,False,0,7,0,0.0,0.0,0.0029401739563140994,0,0,,,1,2026-07-24,2026-07-24,166400.0,0.5403576910379955,103031.23006638935,0.0004071032466074809,,terminal,0.604,Признаки оседания: получил 166 400 KZT от 1 плательщиков; исходящих ≥5 000 KZT в наблюдаемой выборке 0.,0.5402,terminal,8
100000002508637100,3,False,1,1,306410.0,8000.0,1,1,0.02610880845925394,False,0,1,0,7.925874055483496e-07,0.0,7.936044019065454e-05,0,0,0.0,12.0,1,2026-07-15,2026-07-15,314410.0,0.8946973593964336,291173.38067153445,0.0011787833855495529,,peripheral,0.8,"Признаков роли нет: вход 306 410 KZT от 1, выход 8 000 KZT к 1; передано 3%.",0.54,peripheral,6
100000001227106100,3,False,1,0,164765.0,0.0,1,0,0.0,False,0,7,0,0.0,0.0,0.0029401739563140994,0,0,,,1,2026-07-23,2026-07-23,164765.0,0.5403576910379955,102018.87392961924,0.0004031031636254945,,terminal,0.604,Признаки оседания: получил 164 765 KZT от 1 плательщиков; исходящих ≥5 000 KZT в наблюдаемой выборке 0.,0.5396,terminal,8
100000002529877100,4,False,1,0,232000.0,0.0,1,0,0.0,True,0,8,0,0.0,0.0,2.1191697184202844e-07,0,0,,,1,2026-07-27,2026-07-27,232000.0,0.20430281220520205,58544.73716337259,0.0002313255170847718,0.332203003922008,truncated,1.0,"Граница обхода, глубина 4: исходящие не выгружены. Получил 232 000 KZT от 1; P(переводит дальше)=33%.",0.5392,peripheral,12
100000004746397100,3,False,1,1,219520.0,7500.0,1,1,0.03416545189504373,False,0,7,0,0.0006677699345145905,8.152356859635305e-05,0.0029401739563140994,0,0,0.0,,1,2026-07-29,2026-07-29,227020.0,0.5403576910379955,135921.96889527517,0.0001557062974486346,,peripheral,0.8,"Признаков роли нет: вход 219 520 KZT от 1, выход 7 500 KZT к 1; передано 3%.",0.5391,peripheral,8
100000004114962100,3,False,2,0,165000.0,0.0,2,0,0.0,False,0,7,0,0.0,0.0,0.0029636816739710176,0,0,,,1,2026-07-06,2026-07-07,165000.0,0.5403340858938913,101573.01845861053,0.0004013414724406863,,terminal,0.666,Признаки оседания: получил 165 000 KZT от 2 плательщиков; исходящих ≥5 000 KZT в наблюдаемой выборке 0.,0.5391,terminal,8
100000000555721100,1,False,2,0,113000.0,0.0,3,0,0.0,False,1,7,0,0.0,0.0,0.0032895889214056735,0,0,,,2,2026-07-04,2026-07-16,113000.0,0.9616813056282313,109954.05732634348,0.0004344571416489707,,terminal,0.653,Признаки оседания: получил 113 000 KZT от 2 плательщиков; исходящих ≥5 000 KZT в наблюдаемой выборке 0.,0.539,terminal,1
100000002824176100,1,False,1,0,144000.0,0.0,1,0,0.0,False,1,2,0,0.0,0.0,9.22837788436284e-07,0,0,,,1,2026-07-13,2026-07-13,144000.0,1.0,144000.0,0.0005689815357314789,,terminal,0.598,Признаки оседания: получил 144 000 KZT от 1 плательщиков; исходящих ≥5 000 KZT в наблюдаемой выборке 0.,0.5388,terminal,4
100000008221765100,4,False,1,0,156354.0,0.0,1,0,0.0,True,0,7,0,0.0,0.0,0.0,0,0,,,1,2026-07-01,2026-07-01,156354.0,0.5119191887828877,84487.08642455474,0.0003338305012730831,0.27498273378886084,truncated,1.0,"Граница обхода, глубина 4: исходящие не выгружены. Получил 156 354 KZT от 1; P(переводит дальше)=27%.",0.5387,peripheral,8
100000003180305100,4,False,1,0,144000.0,0.0,1,0,0.0,True,0,7,0,0.0,0.0,0.0,0,0,,,1,2026-07-02,2026-07-02,144000.0,0.5759716809994979,86714.13248429708,0.00034263014076758717,0.27657808728555544,truncated,1.0,"Граница обхода, глубина 4: исходящие не выгружены. Получил 144 000 KZT от 1; P(переводит дальше)=28%.",0.5384,peripheral,1
100000007322059100,2,False,2,1,29000.0,22500.0,2,2,0.7758620689655172,False,0,8,0,4.0025663980191654e-05,0.0,5.808926099497582e-241,1,0,0.6888888888888889,2.5,1,2026-07-18,2026-07-26,51500.0,0.7428676315614435,23702.097477032537,0.00017432992370557313,,transit,0.839,"Признаки транзита: получил 29 000 KZT, передано 78%. 69% ушло в течение 2 дней после поступления.",0.5381,transit,31
100000001851289100,1,False,1,0,109510.0,0.0,3,0,0.0,False,1,7,0,0.0,0.0,0.0002952416008836587,0,0,,,1,2026-07-18,2026-07-18,109510.0,1.0,109510.0,0.0004327025554024601,,terminal,0.59,Признаки оседания: получил 109 510 KZT от 1 плательщиков; исходящих ≥5 000 KZT в наблюдаемой выборке 0.,0.5377,terminal,7
100000001140785100,3,False,2,0,215000.0,0.0,2,0,0.0,False,0,8,0,0.0,0.0,7.528982554661002e-07,0,0,,,2,2026-07-14,2026-07-14,215000.0,0.277155538188607,71374.43518905017,0.0002820189982349031,,terminal,0.679,Признаки оседания: получил 215 000 KZT от 2 плательщиков; исходящих ≥5 000 KZT в наблюдаемой выборке 0.,0.5376,terminal,5
100000003254277100,3,False,1,1,49200.0,44997.0,1,1,0.9145731707317073,False,0,7,0,1.922024458454748e-05,0.0,0.0029057815328092595,0,0,1.0,0.0,1,2026-07-06,2026-07-06,94197.0,0.6659430358381553,37226.80132862464,0.00026549405533532315,,transit,0.974,"Признаки транзита: получил 49 200 KZT, передано 91%. 100% ушло в течение 2 дней после поступления.",0.5375,transit,1
100000001275752100,3,False,1,0,151500.0,0.0,1,0,0.0,False,0,9,0,0.0,0.0,3.220733583683774e-06,0,0,,,1,2026-07-30,2026-07-30,151500.0,0.40751427377564153,70549.85292152836,0.00027876085875634703,,terminal,0.6,Признаки оседания: получил 151 500 KZT от 1 плательщиков; исходящих ≥5 000 KZT в наблюдаемой выборке 0.,0.5369,terminal,5
100000008583360100,3,False,1,1,112843.0,170000.0,1,1,1.5065179054083992,False,0,7,0,1.922024458454748e-05,0.0,6.407022137400362e-07,0,0,0.0,5.0,1,2026-07-05,2026-07-05,282843.0,0.7340348423324575,84365.97422609523,0.0008264136652546553,,peripheral,0.8,"Признаков роли нет: вход 112 843 KZT от 1, выход 170 000 KZT к 1; передано 151% (возможны поступления вне выборки).",0.5369,peripheral,9
100000001726614100,3,False,1,0,138717.0,0.0,1,0,0.0,False,0,7,0,0.0,0.0,0.0011319383959652314,0,0,,,1,2026-07-13,2026-07-13,138717.0,0.6690797475280011,103507.0071866274,0.00040898316602786867,,terminal,0.597,Признаки оседания: получил 138 717 KZT от 1 плательщиков; исходящих ≥5 000 KZT в наблюдаемой выборке 0.,0.5365,terminal,1
100000008011159100,2,False,3,5,363000.0,153037.0,6,5,0.4215895316804408,False,0,7,0,0.00012211295083857732,0.0013030933309049982,0.00014978498933203193,1,0,0.3593902128243497,6.0,1,2026-07-01,2026-07-14,516037.0,0.11060043046686166,42939.49949125841,0.0005006828878355588,,peripheral,0.8,"Признаков роли нет: вход 363 000 KZT от 3, выход 153 037 KZT к 5; передано 42%.",0.5365,peripheral,40
100000005942793100,2,False,4,0,55000.0,0.0,4,0,0.0,False,0,7,0,0.0,0.0,0.0002833514775865137,0,0,,,2,2026-07-06,2026-07-07,55000.0,0.6985138440531893,39993.20105461297,0.00015802356218656762,,consolidator,0.65,"Признаки сбора: 4 плательщиков, получил 55 000 KZT; передано 0%, максимум 2 плательщиков в день.",0.5359,consolidator,1
100000006664478100,3,False,1,2,55000.0,60000.0,3,2,1.0909090909090908,False,0,1,0,1.1888811083225246e-06,0.0,0.0,0,0,0.6666666666666666,7.0,1,2026-07-04,2026-07-07,115000.0,1.0,55000.0,0.00045439497645222274,,transit,0.873,"Признаки транзита: получил 55 000 KZT, передано 109%. 67% ушло в течение 2 дней после поступления.",0.5357,transit,26
100000000557536100,4,False,1,0,153000.0,0.0,7,0,0.0,True,0,7,0,0.0,0.0,2.3749511394193016e-243,0,0,,,1,2026-07-01,2026-07-13,153000.0,0.5119191887828877,82674.7267288133,0.0003266693956967447,0.29955731016743986,truncated,1.0,"Граница обхода, глубина 4: исходящие не выгружены. Получил 153 000 KZT от 1; P(переводит дальше)=30%.",0.5356,peripheral,34
100000002941114100,1,False,2,1,128510.0,15000.0,15,1,0.11672243405182477,False,1,8,0,2.0607272544257092e-05,0.0,0.00012378142678217807,1,0,1.0,1.0,2,2026-07-01,2026-07-30,143510.0,0.5790974663797533,84942.37874496827,0.00036995195550953893,,peripheral,0.8,"Признаков роли нет: вход 128 510 KZT от 2, выход 15 000 KZT к 1; передано 12%.",0.5355,peripheral,11
100000002842321100,3,False,1,0,160000.0,0.0,1,0,0.0,False,0,7,0,0.0,0.0,0.0029401739563140994,0,0,,,1,2026-07-02,2026-07-02,160000.0,0.5403576910379955,99068.4904484513,0.00039144542943024747,,terminal,0.602,Признаки оседания: получил 160 000 KZT от 1 плательщиков; исходящих ≥5 000 KZT в наблюдаемой выборке 0.,0.5355,terminal,8
100000005661829100,3,False,1,2,37790.0,40362.0,1,4,1.0680603334215402,False,0,7,0,2.229209894062771e-06,0.00011522832699485975,8.448073037865009e-05,0,0,0.837173579109063,0.0,1,2026-07-26,2026-07-26,78152.0,1.0,37790.0,0.0003527271776133814,,transit,0.931,"Признаки транзита: получил 37 790 KZT, передано 107%. 84% ушло в течение 2 дней после поступления.",0.5354,transit,17
100000008461532100,2,False,2,8,565300.0,2530090.0,2,9,4.475658942154608,False,0,7,0,0.00027126303954892267,9.64348945274253e-232,5.004816848782727e-06,1,0,0.9954033255733986,0.0,1,2026-07-16,2026-07-30,3095390.0,0.01285626152267695,7640.794469164955,0.00017562148910229528,,transit,0.699,"Признаки транзита: получил 565 300 KZT, передано 448% (возможны поступления вне выборки). 100% ушло в течение 2 дней после поступления.",0.5354,transit,25
100000008713270100,2,False,1,3,30000.0,190000.0,1,3,6.333333333333333,False,0,1,0,1.1888811083225246e-06,1.57847465707e-313,2.8721411760945644e-05,0,0,0.7894736842105263,2.0,1,2026-07-29,2026-07-29,220000.0,1.0,30000.0,0.0008692773462564261,,transit,0.637,"Признаки транзита: получил 30 000 KZT, передано 633% (возможны поступления вне выборки). 79% ушло в течение 2 дней после поступления.",0.5347,transit,4
100000008003034100,1,False,1,4,12201.0,135000.0,1,4,11.064666830587656,False,1,7,0,0.0019931390235273026,9.144384770200497e-05,0.0002952416008836587,0,0,0.3592592592592593,6.0,1,2026-07-08,2026-07-08,147201.0,1.0,12201.0,0.016759795864621504,,peripheral,0.8,"Признаков роли нет: вход 12 201 KZT от 1, выход 135 000 KZT к 4; передано 1106% (возможны поступления вне выборки).",0.5345,peripheral,13
100000006756956100,4,False,1,0,121200.0,0.0,9,0,0.0,True,0,7,0,0.0,0.0,9.170991232447734e-05,0,0,,,1,2026-07-04,2026-07-19,121200.0,0.6843667296501798,84942.3216955557,0.00033562925449252503,0.3111093493876679,truncated,1.0,"Граница обхода, глубина 4: исходящие не выгружены. Получил 121 200 KZT от 1; P(переводит дальше)=31%.",0.5345,peripheral,1
100000005519347100,0,True,2,1,73100.0,99000.0,2,1,1.3543091655266757,False,1,9,1,1.5191258606343366e-06,1.135280671152267e-08,9.196224773141247e-257,0,0,0.0,6.0,1,2026-07-05,2026-07-09,172100.0,1.0,73098.81468208546,0.0006800072769122872,,peripheral,0.8,"Признаков роли нет: вход 73 100 KZT от 2, выход 99 000 KZT к 1; передано 135% (возможны поступления вне выборки).",0.5343,peripheral,7
100000000440392100,1,False,1,0,105705.0,0.0,4,0,0.0,False,1,7,0,0.0,0.0,0.0002952416008836587,0,0,,,1,2026-07-05,2026-07-19,105705.0,1.0,105705.0,0.00041766800857288876,,terminal,0.589,Признаки оседания: получил 105 705 KZT от 1 плательщиков; исходящих ≥5 000 KZT в наблюдаемой выборке 0.,0.5342,terminal,7
100000002435265100,3,False,1,0,132628.0,0.0,3,0,0.0,False,0,7,0,0.0,0.0,0.0029057815328092595,0,0,,,1,2026-07-05,2026-07-21,132628.0,0.6659430358381553,100351.95541895993,0.00039651673408295016,,terminal,0.596,Признаки оседания: получил 132 628 KZT от 1 плательщиков; исходящих ≥5 000 KZT в наблюдаемой выборке 0.,0.5337,terminal,1
100000004424023100,2,False,1,1,50000.0,100000.0,1,1,2.0,False,0,9,0,2.0409125692870002e-05,0.0,0.0,0,0,0.0,,1,2026-07-09,2026-07-09,150000.0,0.9989253735116161,49951.20942337036,0.0005920717024967205,,peripheral,0.8,"Признаков роли нет: вход 50 000 KZT от 1, выход 100 000 KZT к 1; передано 200% (возможны поступления вне выборки).",0.5333,peripheral,4
100000001524952100,1,False,1,0,103807.0,0.0,1,0,0.0,False,1,7,0,0.0,0.0,0.0021516815362503513,0,0,,,1,2026-07-05,2026-07-05,103807.0,1.0,103807.0,0.00041016851583109467,,terminal,0.588,Признаки оседания: получил 103 807 KZT от 1 плательщиков; исходящих ≥5 000 KZT в наблюдаемой выборке 0.,0.5324,terminal,1
100000002679516100,1,False,3,0,102335.0,0.0,3,0,0.0,False,1,10,0,0.0,0.0,0.00015523710952200948,0,0,,,1,2026-07-01,2026-07-13,102335.0,0.6410047608907005,69766.48447881656,0.00027566556584260316,,terminal,0.713,Признаки оседания: получил 102 335 KZT от 3 плательщиков; исходящих ≥5 000 KZT в наблюдаемой выборке 0.,0.5324,terminal,10
100000002794374100,4,False,1,0,111000.0,0.0,1,0,0.0,True,0,9,0,0.0,0.0,4.9968235834670635e-298,0,0,,,1,2026-07-31,2026-07-31,111000.0,0.5058199950127167,57829.572454472196,0.0002284997149017096,0.3370387426621095,truncated,1.0,"Граница обхода, глубина 4: исходящие не выгружены. Получил 111 000 KZT от 1; P(переводит дальше)=34%.",0.5321,peripheral,46
100000002973903100,1,False,3,0,92880.0,0.0,3,0,0.0,False,1,8,0,0.0,0.0,0.00015492744601535127,0,0,,,1,2026-07-14,2026-07-23,92880.0,0.8431505986271569,79406.52933623426,0.00031375589589474146,,terminal,0.711,Признаки оседания: получил 92 880 KZT от 3 плательщиков; исходящих ≥5 000 KZT в наблюдаемой выборке 0.,0.5321,terminal,10
100000002481974100,3,False,2,2,89447.0,318000.0,2,4,3.5551779265934016,False,0,7,0,3.883678287186913e-05,0.0,0.0001509821312265682,0,0,0.18553459119496854,4.0,1,2026-07-02,2026-07-10,407447.0,0.45416228044168305,45510.13659645189,0.0007504777228016485,,peripheral,0.8,"Признаков роли нет: вход 89 447 KZT от 2, выход 318 000 KZT к 2; передано 356% (возможны поступления вне выборки).",0.532,peripheral,6
100000006165886100,3,False,2,1,184481.0,75000.0,2,1,0.4065459315593476,False,0,7,0,6.92098645202041e-07,0.0009738286569358272,0.004037719928774491,0,0,1.0,0.0,1,2026-07-19,2026-07-30,259481.0,0.6673103069057843,138744.32391886768,0.0007454307630624807,,peripheral,0.8,"Признаков роли нет: вход 184 481 KZT от 2, выход 75 000 KZT к 1; передано 41%.",0.5319,peripheral,1
100000002878467100,3,False,2,0,200000.0,0.0,2,0,0.0,False,0,8,0,0.0,0.0,2.341315247144374e-06,0,0,,,1,2026-07-13,2026-07-17,200000.0,0.2973139459711266,69199.6918291586,0.00027342602034091646,,terminal,0.675,Признаки оседания: получил 200 000 KZT от 2 плательщиков; исходящих ≥5 000 KZT в наблюдаемой выборке 0.,0.5319,terminal,5
100000004674799100,2,False,1,0,140000.0,0.0,5,0,0.0,False,0,7,0,0.0,0.0,8.651368331254472e-05,0,0,,,1,2026-07-15,2026-07-23,140000.0,0.6572570799502716,98006.5783160621,0.00038724953779208896,,terminal,0.598,Признаки оседания: получил 140 000 KZT от 1 плательщиков; исходящих ≥5 000 KZT в наблюдаемой выборке 0.,0.5315,terminal,1
100000008620570100,3,False,2,2,145000.0,31800.0,2,2,0.2193103448275862,False,0,7,0,3.308344750837977e-05,3.403175846705114e-06,0.0003810593564891844,0,0,0.31446540880503143,0.0,1,2026-07-10,2026-07-22,176800.0,0.5894584990406644,93624.49555905003,0.0004440002995137082,,peripheral,0.8,"Признаков роли нет: вход 145 000 KZT от 2, выход 31 800 KZT к 2; передано 22%.",0.5315,peripheral,6
100000007357489100,4,False,2,0,164500.0,0.0,2,0,0.0,True,0,8,0,0.0,0.0,1.6071078648056672e-06,0,0,,,2,2026-07-23,2026-07-23,164500.0,0.29250713502466014,57233.477680600845,0.0002261443890691496,0.48921485916940216,truncated,1.0,"Граница обхода, глубина 4: исходящие не выгружены. Получил 164 500 KZT от 2; P(переводит дальше)=49%.",0.5307,peripheral,5
100000001637376100,3,False,1,1,116700.0,234250.0,1,2,2.0072836332476434,False,0,7,0,1.922024458454748e-05,0.0,0.0029401739563140994,0,0,0.4951974386339381,0.0,1,2026-07-29,2026-07-29,350950.0,0.5403576910379955,72258.08022083917,0.0007856563005611852,,peripheral,0.8,"Признаков роли нет: вход 116 700 KZT от 1, выход 234 250 KZT к 1; передано 201% (возможны поступления вне выборки).",0.5303,peripheral,8
100000002991079100,1,False,2,1,148900.0,11000.0,3,1,0.07387508394895903,False,1,7,0,1.981468513870874e-05,0.0,0.00030536517622965586,0,0,1.0,0.0,1,2026-07-06,2026-07-23,159900.0,0.680073842183275,111803.44935786606,0.00047132321087640916,,peripheral,0.8,"Признаков роли нет: вход 148 900 KZT от 2, выход 11 000 KZT к 1; передано 7%.",0.5296,peripheral,7
100000000861294100,2,False,1,0,150000.0,0.0,1,0,0.0,False,0,1,0,0.0,0.0,2.8721411760945644e-05,0,0,,,1,2026-07-28,2026-07-28,150000.0,1.0,150000.0,0.0005926890997202905,,terminal,0.6,Признаки оседания: получил 150 000 KZT от 1 плательщиков; исходящих ≥5 000 KZT в наблюдаемой выборке 0.,0.5289,terminal,4
100000008443341100,1,False,2,3,34500.0,50000.0,2,4,1.4492753623188406,False,1,7,0,0.00036009896241195655,0.00024016147901198868,0.002168884981622403,3,0,0.62,0.0,1,2026-07-11,2026-07-16,84500.0,0.9929413179556414,34429.41317955642,0.0009965430585176936,,peripheral,0.8,"Признаков роли нет: вход 34 500 KZT от 2, выход 50 000 KZT к 3; передано 145% (возможны поступления вне выборки).",0.5285,peripheral,10
100000004097972100,3,False,1,2,118878.0,10000.0,1,2,0.0841198539679335,False,0,7,0,3.844048916909496e-05,0.0,0.001137907385155322,0,0,0.5,7.5,1,2026-07-07,2026-07-07,128878.0,0.7594437519994522,98761.57926894778,0.0004202403456031123,,peripheral,0.8,"Признаков роли нет: вход 118 878 KZT от 1, выход 10 000 KZT к 2; передано 8%.",0.5281,peripheral,1
100000002958139100,3,False,1,0,209500.0,0.0,2,0,0.0,False,0,8,0,0.0,0.0,1.966214550791006e-06,0,0,,,1,2026-07-22,2026-07-25,209500.0,0.252348005014537,66099.63232184194,0.00026117687715113564,,terminal,0.615,Признаки оседания: получил 209 500 KZT от 1 плательщиков; исходящих ≥5 000 KZT в наблюдаемой выборке 0.,0.5276,terminal,5
100000008172721100,4,False,1,0,168335.0,0.0,1,0,0.0,True,0,7,0,0.0,0.0,9.023756758629543e-290,0,0,,,1,2026-07-22,2026-07-22,168335.0,0.3927865510357105,74405.91422861481,0.00029399716212004785,0.3193972662282947,truncated,1.0,"Граница обхода, глубина 4: исходящие не выгружены. Получил 168 335 KZT от 1; P(переводит дальше)=32%.",0.5271,peripheral,6
100000002459240100,3,False,1,0,150000.0,0.0,1,0,0.0,False,0,7,0,0.0,0.0,0.0029401739563140994,0,0,,,1,2026-07-03,2026-07-03,150000.0,0.5403576910379955,92876.70979542308,0.00036698009009084964,,terminal,0.6,Признаки оседания: получил 150 000 KZT от 1 плательщиков; исходящих ≥5 000 KZT в наблюдаемой выборке 0.,0.5265,terminal,8
100000001046626100,3,False,1,0,150000.0,0.0,1,0,0.0,False,0,7,0,0.0,0.0,0.0029401739563140994,0,0,,,1,2026-07-20,2026-07-20,150000.0,0.5403576910379955,92876.70979542308,0.00036698009009084964,,terminal,0.6,Признаки оседания: получил 150 000 KZT от 1 плательщиков; исходящих ≥5 000 KZT в наблюдаемой выборке 0.,0.5265,terminal,8
100000002492277100,2,False,1,0,138500.0,0.0,1,0,0.0,False,0,7,0,0.0,0.0,0.0001421681899391104,0,0,,,1,2026-07-31,2026-07-31,138500.0,0.623412894157695,94438.32915048923,0.00037315045522186275,,terminal,0.597,Признаки оседания: получил 138 500 KZT от 1 плательщиков; исходящих ≥5 000 KZT в наблюдаемой выборке 0.,0.5265,terminal,3
100000003486970100,3,False,1,0,150000.0,0.0,1,0,0.0,False,0,7,0,0.0,0.0,0.0029401739563140994,0,0,,,1,2026-07-11,2026-07-11,150000.0,0.5403576910379955,92876.70979542308,0.00036698009009084964,,terminal,0.6,Признаки оседания: получил 150 000 KZT от 1 плательщиков; исходящих ≥5 000 KZT в наблюдаемой выборке 0.,0.5265,terminal,8
100000008183752100,4,False,1,0,140000.0,0.0,1,0,0.0,True,0,8,0,0.0,0.0,0.0,0,0,,,1,2026-07-26,2026-07-26,140000.0,0.3831324048927254,57137.21843144086,0.00022576404368435685,0.3271821662562847,truncated,1.0,"Граница обхода, глубина 4: исходящие не выгружены. Получил 140 000 KZT от 1; P(переводит дальше)=33%.",0.5265,peripheral,19
100000002170580100,2,False,1,0,150000.0,0.0,1,0,0.0,False,0,1,0,0.0,0.0,2.322813314613868e-05,0,0,,,1,2026-07-21,2026-07-21,150000.0,0.9613749847709884,144206.24771564826,0.0005697964742175399,,terminal,0.6,Признаки оседания: получил 150 000 KZT от 1 плательщиков; исходящих ≥5 000 KZT в наблюдаемой выборке 0.,0.5263,terminal,9
100000006446271100,1,False,2,0,80000.0,0.0,2,0,0.0,False,1,10,0,0.0,0.0,0.0006039352365783346,0,0,,,2,2026-07-25,2026-07-25,80000.0,0.8483929933385547,69845.8401627582,0.00027597912083513344,,terminal,0.645,Признаки оседания: получил 80 000 KZT от 2 плательщиков; исходящих ≥5 000 KZT в наблюдаемой выборке 0.,0.5258,terminal,3
100000008545727100,2,False,1,6,30000.0,1866500.0,1,7,62.21666666666667,False,0,9,0,0.00013420203177516877,3.0530858010197813e-06,9.023756758629543e-290,1,0,0.6375569247254219,9.0,1,2026-07-08,2026-07-08,1896500.0,0.20926860449196816,6547.99839034308,0.0012908812423628232,,peripheral,0.8,"Признаков роли нет: вход 30 000 KZT от 1, выход 1 866 500 KZT к 6; передано 6222% (возможны поступления вне выборки).",0.5257,peripheral,9
100000008343415100,4,False,1,0,100000.0,0.0,3,0,0.0,True,0,7,0,0.0,0.0,0.0,0,0,,,1,2026-07-11,2026-07-11,100000.0,0.8038723214014619,80861.11924682365,0.0003195033597917818,0.29314124863551905,truncated,1.0,"Граница обхода, глубина 4: исходящие не выгружены. Получил 100 000 KZT от 1; P(переводит дальше)=29%.",0.5255,peripheral,6
100000002394199100,3,False,1,1,277398.0,76777.0,3,1,0.2767756076107254,False,0,1,0,0.0,8.203488390521243e-303,0.0,1,0,1.0,0.0,1,2026-07-02,2026-07-13,354175.0,0.7316064273770015,229373.13633531897,0.0011170268709032604,,peripheral,0.8,"Признаков роли нет: вход 277 398 KZT от 1, выход 76 777 KZT к 1; передано 28%.",0.5248,peripheral,4
100000003072205100,4,False,2,0,163000.0,0.0,2,0,0.0,True,0,8,0,0.0,0.0,3.618668662714056e-07,0,0,,,2,2026-07-27,2026-07-27,163000.0,0.26830926152970863,54084.303962604026,0.00021370118283056672,0.49920776947700296,truncated,1.0,"Граница обхода, глубина 4: исходящие не выгружены. Получил 163 000 KZT от 2; P(переводит дальше)=50%.",0.5247,peripheral,5
100000007511780100,4,False,1,0,155000.0,0.0,2,0,0.0,True,0,7,0,0.0,0.0,1.9156428371476834e-06,0,0,,,1,2026-07-01,2026-07-27,155000.0,0.33429850684451057,74137.87734548534,0.0002929380785270764,0.329962902951309,truncated,1.0,"Граница обхода, глубина 4: исходящие не выгружены. Получил 155 000 KZT от 1; P(переводит дальше)=33%.",0.5246,peripheral,1
100000001246806100,4,False,1,0,130000.0,0.0,1,0,0.0,True,0,9,0,0.0,0.0,0.0,0,0,,,1,2026-07-21,2026-07-21,130000.0,0.3692223690680613,52976.8555908334,0.00020932536564090086,0.31581404146566877,truncated,1.0,"Граница обхода, глубина 4: исходящие не выгружены. Получил 130 000 KZT от 1; P(переводит дальше)=32%.",0.5234,peripheral,5
100000002677201100,3,False,1,1,150000.0,87750.0,1,1,0.585,False,0,8,0,2.139985994980544e-05,0.0,1.8496738193083065e-06,0,0,0.0,9.0,1,2026-07-18,2026-07-18,237750.0,0.35790102837186066,56952.901630462344,0.0003491283223611947,,peripheral,0.8,"Признаков роли нет: вход 150 000 KZT от 1, выход 87 750 KZT к 1; передано 58%.",0.5232,peripheral,5
100000005667841100,3,False,2,0,186000.0,0.0,2,0,0.0,False,0,8,0,0.0,0.0,2.341315247144374e-06,0,0,,,2,2026-07-17,2026-07-17,186000.0,0.2927536279409638,63884.08767698212,0.0002524226827447782,,terminal,0.672,Признаки оседания: получил 186 000 KZT от 2 плательщиков; исходящих ≥5 000 KZT в наблюдаемой выборке 0.,0.5229,terminal,5
100000008336318100,4,False,1,0,170000.0,0.0,1,0,0.0,True,0,8,0,0.0,0.0,3.090697396070124e-08,0,0,,,1,2026-07-27,2026-07-27,170000.0,0.23672686357039252,53092.854261712295,0.00020978370662630262,0.3304752914798123,truncated,1.0,"Граница обхода, глубина 4: исходящие не выгружены. Получил 170 000 KZT от 1; P(переводит дальше)=33%.",0.5229,peripheral,5
100000002205022100,2,False,1,3,7100.0,518000.0,1,3,72.95774647887323,False,0,10,0,5.451240044826982e-05,1.761771609671322e-06,0.0,0,0,0.011583011583011582,5.0,1,2026-07-20,2026-07-20,525100.0,1.0,7100.0,0.002074806975087497,,peripheral,0.8,"Признаков роли нет: вход 7 100 KZT от 1, выход 518 000 KZT к 3; передано 7296% (возможны поступления вне выборки).",0.5226,peripheral,54
100000001073568100,3,False,1,2,707465.0,219503.0,4,3,0.31026693900051594,False,0,7,0,1.922024458454748e-05,1.0558632740246126e-05,2.4413789354590045e-05,0,0,1.0,0.0,1,2026-07-13,2026-07-18,926968.0,0.08962681696565522,83588.22469154315,0.0004068659267907408,,peripheral,0.8,"Признаков роли нет: вход 707 465 KZT от 1, выход 219 503 KZT к 2; передано 31%.",0.5225,peripheral,14
100000005882013100,2,False,2,1,135000.0,10000.0,3,1,0.07407407407407407,False,0,10,0,0.0,0.00031168209860955257,5.9040836014174204e-06,2,0,1.0,1.0,1,2026-07-22,2026-07-28,145000.0,0.7515959388039278,103877.39937114947,0.0004294630354206946,,peripheral,0.8,"Признаков роли нет: вход 135 000 KZT от 2, выход 10 000 KZT к 1; передано 7%.",0.5224,peripheral,13
100000005317181100,3,False,1,1,141250.0,14500.0,1,1,0.10265486725663717,False,0,7,0,1.922024458454748e-05,0.0,0.001137907385155322,0,0,0.0,,1,2026-07-16,2026-07-16,155750.0,0.7594437519994522,117347.81096366758,0.0005071828128152909,,peripheral,0.8,"Признаков роли нет: вход 141 250 KZT от 1, выход 14 500 KZT к 1; передано 10%.",0.5221,peripheral,1
100000002954780100,3,False,1,0,133400.0,0.0,1,0,0.0,False,0,9,0,0.0,0.0,3.220733583683774e-06,0,0,,,1,2026-07-29,2026-07-29,133400.0,0.40751427377564153,62121.1246186923,0.0002454567561590467,,terminal,0.596,Признаки оседания: получил 133 400 KZT от 1 плательщиков; исходящих ≥5 000 KZT в наблюдаемой выборке 0.,0.5216,terminal,5
100000008438656100,1,False,2,1,80000.0,5000.0,2,1,0.0625,False,1,10,0,2.377762216645049e-05,0.0,0.00340134190196178,0,0,1.0,0.0,1,2026-07-03,2026-07-17,85000.0,0.8563617784493736,70479.45163257052,0.0002954012279628068,,peripheral,0.8,"Признаков роли нет: вход 80 000 KZT от 2, выход 5 000 KZT к 1; передано 6%.",0.5214,peripheral,3
100000006530134100,3,False,2,0,144663.0,0.0,2,0,0.0,False,0,7,0,0.0,0.0,0.003582989613861981,0,0,,,1,2026-07-03,2026-07-16,144663.0,0.527846088083317,89279.42901422366,0.0003527662960399264,,terminal,0.661,Признаки оседания: получил 144 663 KZT от 2 плательщиков; исходящих ≥5 000 KZT в наблюдаемой выборке 0.,0.5213,terminal,8
100000003796063100,3,False,1,15,35000.0,959150.0,1,23,27.404285714285713,False,0,7,2,0.0011789271739411362,0.0025957794404267947,0.0,9,0,0.07350258040973778,0.0,1,2026-07-18,2026-07-18,994150.0,0.7678251578896897,29108.86331571225,-0.0010850731372719152,,distributor,0.75,"Признаки раздачи: 15 получателей против 1 плательщиков, отправил 959 150 KZT в 23 переводах.",0.5211,distributor,1
100000002712416100,3,False,2,0,116800.0,0.0,2,0,0.0,False,0,9,0,0.0,0.0,2.9815304566938772e-06,0,0,,,1,2026-07-14,2026-07-22,116800.0,0.475339582541558,63306.571540451725,0.00025014076595123043,,terminal,0.654,Признаки оседания: получил 116 800 KZT от 2 плательщиков; исходящих ≥5 000 KZT в наблюдаемой выборке 0.,0.521,terminal,12
100000008306857100,3,False,1,0,125000.0,0.0,1,0,0.0,False,0,2,0,0.0,0.0,3.794136183730392e-07,0,0,,,1,2026-07-16,2026-07-16,125000.0,0.955757624121806,119469.70301522575,0.0004720559381596795,,terminal,0.594,Признаки оседания: получил 125 000 KZT от 1 плательщиков; исходящих ≥5 000 KZT в наблюдаемой выборке 0.,0.5204,terminal,12
100000001934935100,3,False,1,0,118935.0,0.0,1,0,0.0,False,0,7,0,0.0,0.0,0.0029057815328092595,0,0,,,1,2026-07-27,2026-07-27,118935.0,0.6659430358381553,89991.2523581295,0.0003555788956188597,,terminal,0.592,Признаки оседания: получил 118 935 KZT от 1 плательщиков; исходящих ≥5 000 KZT в наблюдаемой выборке 0.,0.5189,terminal,1
100000004692798100,1,False,2,1,240305.0,15000.0,4,2,0.06242067372713843,False,1,1,0,1.981468513870874e-07,0.0,1.0180786536527075e-05,1,0,1.0,0.0,1,2026-07-14,2026-07-24,255305.0,0.9981257445236338,240211.28722618168,0.0010082952353511407,,peripheral,0.8,"Признаков роли нет: вход 240 305 KZT от 2, выход 15 000 KZT к 1; передано 6%.",0.5188,peripheral,10
100000004657034100,3,False,1,0,141250.0,0.0,1,0,0.0,False,0,7,0,0.0,0.0,0.0029401739563140994,0,0,,,1,2026-07-16,2026-07-16,141250.0,0.5403576910379955,87458.90172402341,0.0003455729181688618,,terminal,0.598,Признаки оседания: получил 141 250 KZT от 1 плательщиков; исходящих ≥5 000 KZT в наблюдаемой выборке 0.,0.5186,terminal,8
100000005357705100,3,False,1,4,52595.0,387080.0,1,5,7.35963494628767,False,0,7,0,7.688097833818992e-05,1.5362965042255266e-289,0.0016044117305492448,0,0,0.2724630567324584,0.0,1,2026-07-26,2026-07-26,439675.0,0.44201095570508103,27851.469293933827,0.0007860838296589907,,peripheral,0.8,"Признаков роли нет: вход 52 595 KZT от 1, выход 387 080 KZT к 4; передано 736% (возможны поступления вне выборки).",0.5181,peripheral,6
100000003112436100,2,False,1,0,100000.0,0.0,1,0,0.0,False,0,7,0,0.0,0.0,4.0407558618990766e-06,0,0,,,1,2026-07-22,2026-07-22,100000.0,0.9068077100485716,91480.83961623261,0.0003614646431585824,,terminal,0.588,Признаки оседания: получил 100 000 KZT от 1 плательщиков; исходящих ≥5 000 KZT в наблюдаемой выборке 0.,0.5174,terminal,7
100000002914245100,3,False,1,0,140611.0,0.0,1,0,0.0,False,0,1,0,0.0,0.0,7.936044019065454e-05,0,0,,,1,2026-07-06,2026-07-06,140611.0,0.8946973593964336,133618.9426898767,0.0005279632723228911,,terminal,0.598,Признаки оседания: получил 140 611 KZT от 1 плательщиков; исходящих ≥5 000 KZT в наблюдаемой выборке 0.,0.5173,terminal,6
100000001166289100,2,False,2,1,721039.0,25000.0,10,1,0.0346721883282319,False,0,1,0,0.0,3.300043693840602e-13,7.686673781769084e-13,1,1,1.0,1.0,1,2026-07-01,2026-07-28,746039.0,0.2566679814563789,198705.05184425588,0.0007956432127004301,,peripheral,0.8,"Признаков роли нет: вход 721 039 KZT от 2, выход 25 000 KZT к 1; передано 3%.",0.5173,peripheral,2
100000007392365100,3,False,1,6,9613.0,1765600.0,1,9,183.66794965151357,False,0,7,0,0.00011532146750728487,9.908246009166667e-256,0.0029057815328092595,0,0,0.0,4.0,1,2026-07-27,2026-07-27,1775213.0,0.6659430358381553,7273.602462846924,0.004674588820239605,,peripheral,0.8,"Признаков роли нет: вход 9 613 KZT от 1, выход 1 765 600 KZT к 6; передано 18367% (возможны поступления вне выборки).",0.5157,peripheral,39
100000008088082100,3,False,1,1,39138.0,50000.0,1,1,1.2775307884920026,False,0,7,0,1.922024458454748e-05,0.0,0.00025946007686321234,0,0,0.0,20.0,1,2026-07-08,2026-07-08,89138.0,0.6464047554220197,28462.02677053754,0.00024016657100103,,transit,0.617,"Признаки транзита: получил 39 138 KZT, передано 128%. 0% ушло в течение 2 дней после поступления.",0.5157,transit,13
100000002943472100,3,False,1,0,170000.0,0.0,1,0,0.0,False,0,8,0,0.0,0.0,2.612568276300329e-07,0,0,,,1,2026-07-13,2026-07-13,170000.0,0.31231090742183704,59342.33526928086,0.0002344770351069644,,terminal,0.605,Признаки оседания: получил 170 000 KZT от 1 плательщиков; исходящих ≥5 000 KZT в наблюдаемой выборке 0.,0.515,terminal,5
100000006020215100,3,False,1,2,30000.0,33800.0,1,2,1.1266666666666667,False,0,7,1,6.055520199044304e-05,4.755615016242943e-298,0.00025946007686321234,0,0,0.0,13.0,1,2026-07-11,2026-07-11,63800.0,0.6464047554220197,21816.66930134719,0.00017253238975429766,,transit,0.662,"Признаки транзита: получил 30 000 KZT, передано 113%. 0% ушло в течение 2 дней после поступления.",0.5149,transit,13
100000007747786100,0,True,0,31,0.0,4238009.4,0,35,,False,0,0,0,0.0,0.0002329592957504322,0.0,0,0,0.0,,0,,,4238009.4,1.0,0.0,0.037470695441586356,,distributor,1.0,"Признаки раздачи: 31 получателей против 0 плательщиков, отправил 4 238 009 KZT в 35 переводах. Seed: входящие могут быть занижены.",0.5143,distributor,4
100000000534581100,3,False,2,1,55960.0,40000.0,2,1,0.7147962830593281,False,0,7,0,1.922024458454748e-05,0.0,0.0018638718074124572,0,0,0.0,5.0,1,2026-07-10,2026-07-25,95960.0,0.4748396095981447,31410.10653402804,0.0001991581212848868,,transit,0.614,"Признаки транзита: получил 55 960 KZT, передано 71%. 0% ушло в течение 2 дней после поступления.",0.5137,transit,6
100000005498992100,0,True,0,16,0.0,2262868.0,0,19,,False,0,0,0,0.0,0.0012206418250323488,0.0,0,0,0.0,,0,,,2262868.0,1.0,0.0,0.047282112689770214,,distributor,0.8,"Признаки раздачи: 16 получателей против 0 плательщиков, отправил 2 262 868 KZT в 19 переводах. Seed: входящие могут быть занижены.",0.5133,distributor,4
100000004652395100,4,False,3,0,101528.0,0.0,5,0,0.0,True,0,7,0,0.0,0.0,0.00017022149527287276,0,0,,,3,2026-07-20,2026-07-20,101528.0,0.671849126756405,70733.99940257746,0.00027948846950343075,0.6498809087761084,truncated,1.0,"Граница обхода, глубина 4: исходящие не выгружены. Получил 101 528 KZT от 3; P(переводит дальше)=65%.",0.5127,peripheral,1
100000002212494100,3,False,1,0,160000.0,0.0,1,0,0.0,False,0,7,0,0.0,0.0,4.747355765062003e-05,0,0,,,1,2026-07-21,2026-07-21,160000.0,0.39582931483669814,79377.6749834312,0.00031364188482550646,,terminal,0.602,Признаки оседания: получил 160 000 KZT от 1 плательщиков; исходящих ≥5 000 KZT в наблюдаемой выборке 0.,0.5124,terminal,30
100000001677929100,2,False,3,2,126777.0,286098.0,3,4,2.2567027142147236,False,0,1,0,1.1888811083225246e-06,0.0,1.9273957495756453e-302,2,0,0.27052967864158434,0.0,1,2026-07-10,2026-07-27,412875.0,0.8268737926564682,104828.57881160907,0.001348942678027013,,peripheral,0.8,"Признаков роли нет: вход 126 777 KZT от 3, выход 286 098 KZT к 2; передано 226% (возможны поступления вне выборки).",0.512,peripheral,4
100000004698193100,2,False,2,3,222700.0,38000.0,15,5,0.17063313875168387,False,0,1,0,1.5851748110966993e-06,1.57847465707e-313,2.8951049479127065e-05,1,0,0.3157894736842105,3.0,1,2026-07-02,2026-07-28,260700.0,0.778957756385745,173473.89234710543,0.0008023994426103667,,peripheral,0.8,"Признаков роли нет: вход 222 700 KZT от 2, выход 38 000 KZT к 3; передано 17%.",0.5119,peripheral,4
100000003213473100,3,False,1,11,57500.0,240000.0,2,12,4.173913043478261,False,0,7,2,0.00010972673620999486,0.0016894765484249702,0.0029057815328092595,3,0,0.1875,2.0,1,2026-07-25,2026-07-29,297500.0,0.6659430358381554,43506.93244707148,-0.000415984344761932,,distributor,0.55,"Признаки раздачи: 11 получателей против 1 плательщиков, отправил 240 000 KZT в 12 переводах.",0.5112,distributor,1
100000004539443100,3,False,2,0,61990.0,0.0,2,0,0.0,False,0,10,0,0.0,0.0,0.0,0,0,,,2,2026-07-18,2026-07-18,61990.0,0.9966569688108661,61895.923457062396,0.00024456692766745803,,terminal,0.64,Признаки оседания: получил 61 990 KZT от 2 плательщиков; исходящих ≥5 000 KZT в наблюдаемой выборке 0.,0.5109,terminal,3
100000000724540100,2,False,1,1,50000.0,100000.0,1,1,2.0,False,0,8,0,1.981468513870874e-05,0.0,5.704237108788349e-08,0,0,0.0,,1,2026-07-29,2026-07-29,150000.0,0.8760058067391424,43994.188334614686,0.000519965234477169,,peripheral,0.8,"Признаков роли нет: вход 50 000 KZT от 1, выход 100 000 KZT к 1; передано 200% (возможны поступления вне выборки).",0.5105,peripheral,6
100000008680731100,0,True,0,27,0.0,1464354.0,0,28,,False,0,0,0,0.0,0.0005419654019757593,0.0,0,0,0.0,,0,,,1464354.0,1.0,0.0,0.040222932362049164,,distributor,1.0,"Признаки раздачи: 27 получателей против 0 плательщиков, отправил 1 464 354 KZT в 28 переводах. Seed: входящие могут быть занижены.",0.5105,distributor,10
100000002681449100,1,False,2,2,94638.0,133000.0,2,2,1.4053551427544961,False,1,7,0,1.7647618735441824e-05,0.0001407598869352082,0.003283619932215583,0,0,0.09774436090225563,5.5,1,2026-07-02,2026-07-19,227638.0,0.7106904219338084,73636.93751023435,0.000665178676966682,,peripheral,0.8,"Признаков роли нет: вход 94 638 KZT от 2, выход 133 000 KZT к 2; передано 141% (возможны поступления вне выборки).",0.5101,peripheral,38
100000004004621100,1,False,3,0,75389.0,0.0,3,0,0.0,False,1,10,0,0.0,0.0,0.0036608019788249924,0,0,,,2,2026-07-19,2026-07-20,75389.0,0.7284556539224131,58939.87362344786,0.0002328868042367768,,terminal,0.706,Признаки оседания: получил 75 389 KZT от 3 плательщиков; исходящих ≥5 000 KZT в наблюдаемой выборке 0.,0.5098,terminal,13
100000005539201100,1,False,1,1,45504.0,25000.0,1,1,0.5494022503516175,False,1,7,0,4.197410801883135e-05,0.0,0.0002952416008836587,0,0,0.0,,1,2026-07-09,2026-07-09,70504.0,1.0,45504.0,0.0009039523454473434,,peripheral,0.8,"Признаков роли нет: вход 45 504 KZT от 1, выход 25 000 KZT к 1; передано 55%.",0.5098,peripheral,7
100000003406094100,3,False,1,3,70000.0,47000.0,4,3,0.6714285714285714,False,0,7,0,3.883678287186913e-05,1.1351904598221208e-06,0.0,1,0,0.14893617021276595,8.0,1,2026-07-10,2026-07-31,117000.0,0.914060078270066,66572.37808554315,0.00043279423162091794,,peripheral,0.8,"Признаков роли нет: вход 70 000 KZT от 1, выход 47 000 KZT к 3; передано 67%.",0.5097,peripheral,7
100000000607941100,2,False,2,1,50000.0,70000.0,3,4,1.4,False,0,7,0,5.7660733753642434e-05,0.0,2.6248001464999758e-06,1,0,0.2857142857142857,1.0,1,2026-07-18,2026-07-27,120000.0,0.9510339726506165,48201.8767649934,0.0005510186186012869,,peripheral,0.8,"Признаков роли нет: вход 50 000 KZT от 2, выход 70 000 KZT к 1; передано 140% (возможны поступления вне выборки).",0.5087,peripheral,7
100000008595687100,3,False,1,1,64395.0,10400.0,1,1,0.161503222299868,False,0,7,1,0.00030108414068267934,5.316399347773137e-06,5.2569834314297354e-05,1,0,1.0,1.0,1,2026-07-11,2026-07-11,74795.0,0.9961695382890275,64171.01874264449,0.0002944921275040913,,peripheral,0.8,"Признаков роли нет: вход 64 395 KZT от 1, выход 10 400 KZT к 1; передано 16%.",0.5084,peripheral,7
100000004508696100,3,False,1,3,7000.0,111000.0,1,4,15.857142857142858,False,0,7,0,3.923307657464331e-05,1.1601484540645396e-302,1.23619985386e-313,1,0,0.954954954954955,0.0,1,2026-07-20,2026-07-20,118000.0,0.8983703703703703,6668.009876543209,0.0004171774961470551,,transit,0.686,"Признаки транзита: получил 7 000 KZT, передано 1586% (возможны поступления вне выборки). 95% ушло в течение 2 дней после поступления.",0.5083,transit,36
100000007311010100,1,False,2,1,64480.0,20000.0,2,1,0.31017369727047145,False,1,10,0,2.3975769017837576e-05,0.0,0.0006039352365783346,0,0,0.0,,1,2026-07-18,2026-07-22,84480.0,0.8339721448968126,55517.26158366124,0.0002852679985463648,,peripheral,0.8,"Признаков роли нет: вход 64 480 KZT от 2, выход 20 000 KZT к 1; передано 31%.",0.5076,peripheral,3
100000004671609100,3,False,1,0,100000.0,0.0,1,0,0.0,False,0,9,0,0.0,0.0,2.7202736290638442e-06,0,0,,,1,2026-07-31,2026-07-31,100000.0,0.4999143483477819,57109.12449873542,0.00022565303723308847,,terminal,0.588,Признаки оседания: получил 100 000 KZT от 1 плательщиков; исходящих ≥5 000 KZT в наблюдаемой выборке 0.,0.5076,terminal,12
100000008254069100,2,False,1,5,10200.0,107500.0,2,6,10.53921568627451,False,0,8,2,9.351210406461278e-05,5.528939687208613e-05,0.0,1,0,0.09302325581395349,8.0,1,2026-07-13,2026-07-13,117700.0,0.9997895424729796,10197.853333224391,0.001987449705409942,,peripheral,0.8,"Признаков роли нет: вход 10 200 KZT от 1, выход 107 500 KZT к 5; передано 1054% (возможны поступления вне выборки).",0.5074,peripheral,18
100000000288317100,3,False,2,3,100000.0,53500.0,2,3,0.535,False,0,7,0,5.8255174307803695e-05,1.57847465707e-313,0.001765465983214601,0,0,0.308411214953271,2.5,1,2026-07-23,2026-07-31,153500.0,0.5243186340814401,59773.40811865669,0.0003470173146152566,,peripheral,0.8,"Признаков роли нет: вход 100 000 KZT от 2, выход 53 500 KZT к 3; передано 54%.",0.5068,peripheral,1
100000005895525100,1,False,1,0,120000.0,0.0,3,0,0.0,False,1,1,0,0.0,0.0,2.91876993847384e-271,0,5,,,1,2026-07-10,2026-07-13,120000.0,1.0,120000.0,0.0004741512797762324,,terminal,0.592,Признаки оседания: получил 120 000 KZT от 1 плательщиков; исходящих ≥5 000 KZT в наблюдаемой выборке 0.,0.5067,terminal,44
100000004917367100,3,False,2,0,120000.0,0.0,2,0,0.0,False,0,7,0,0.0,0.0,0.004078081341469421,0,0,,,1,2026-07-10,2026-07-23,120000.0,0.5768720345315717,78533.42578177481,0.00031030603616359734,,terminal,0.655,Признаки оседания: получил 120 000 KZT от 2 плательщиков; исходящих ≥5 000 KZT в наблюдаемой выборке 0.,0.5062,terminal,8
100000001299828100,4,False,1,0,100000.0,0.0,1,0,0.0,True,0,7,0,0.0,0.0,0.0,0,0,,,1,2026-07-24,2026-07-24,100000.0,0.6566599498858338,66907.97475280012,0.0002643708488023534,0.3209302432260388,truncated,1.0,"Граница обхода, глубина 4: исходящие не выгружены. Получил 100 000 KZT от 1; P(переводит дальше)=32%.",0.5054,peripheral,1
100000004840086100,4,False,1,0,100000.0,0.0,2,0,0.0,True,0,7,0,0.0,0.0,0.0,0,0,,,1,2026-07-20,2026-07-20,100000.0,0.6566599498858338,66907.97475280012,0.00026437084880223563,0.3122313416280948,truncated,1.0,"Граница обхода, глубина 4: исходящие не выгружены. Получил 100 000 KZT от 1; P(переводит дальше)=31%.",0.5053,peripheral,1
100000001961048100,2,False,1,0,150000.0,0.0,1,0,0.0,False,0,7,0,0.0,0.0,3.8766877888989646e-07,0,0,,,1,2026-07-17,2026-07-17,150000.0,0.4466569635225982,74988.92588594234,0.0002963007931488844,,terminal,0.6,Признаки оседания: получил 150 000 KZT от 1 плательщиков; исходящих ≥5 000 KZT в наблюдаемой выборке 0.,0.5047,terminal,29
100000000922570100,1,False,1,1,47101.0,50000.0,1,1,1.0615485870788306,False,1,1,0,1.981468513870874e-07,0.0,1.0100033243240566e-05,0,0,0.0,,1,2026-07-15,2026-07-15,97101.0,1.0,47101.0,0.0003836713618129329,,transit,0.682,"Признаки транзита: получил 47 101 KZT, передано 106%. 0% ушло в течение 2 дней после поступления.",0.5041,transit,10
100000000802149100,3,False,1,0,104128.0,0.0,1,0,0.0,False,0,7,0,0.0,0.0,0.0011319383959652314,0,0,,,1,2026-07-11,2026-07-11,104128.0,0.669079747528001,77697.59758594216,0.0003070034610909596,,terminal,0.589,Признаки оседания: получил 104 128 KZT от 1 плательщиков; исходящих ≥5 000 KZT в наблюдаемой выборке 0.,0.5031,terminal,1
100000008598972100,3,False,1,0,120000.0,0.0,1,0,0.0,False,0,1,0,0.0,0.0,7.936044019065454e-05,0,0,,,1,2026-07-06,2026-07-06,120000.0,0.8946973593964336,114032.85036579789,0.0004505735161455823,,terminal,0.592,Признаки оседания: получил 120 000 KZT от 1 плательщиков; исходящих ≥5 000 KZT в наблюдаемой выборке 0.,0.5022,terminal,6
100000004358004100,0,True,0,11,0.0,980850.0,0,17,,False,0,0,1,0.0,0.003638172668162093,0.0,0,0,0.0,,0,,,980850.0,1.0,0.0,0.008340742328758127,,distributor,0.55,"Признаки раздачи: 11 получателей против 0 плательщиков, отправил 980 850 KZT в 17 переводах. Seed: входящие могут быть занижены.",0.5017,distributor,3
100000002529880100,3,False,2,0,147000.0,0.0,2,0,0.0,False,0,8,0,0.0,0.0,3.815888370099312e-06,0,0,,,2,2026-07-17,2026-07-17,147000.0,0.33851373836745424,54081.12833391514,0.0002136886350939481,,terminal,0.662,Признаки оседания: получил 147 000 KZT от 2 плательщиков; исходящих ≥5 000 KZT в наблюдаемой выборке 0.,0.5017,terminal,5
100000008002020100,1,False,1,1,73860.0,17000.0,1,1,0.23016517736257786,False,1,1,0,1.5851748110966993e-06,0.0,1.0100033243240566e-05,0,0,0.0,7.0,1,2026-07-14,2026-07-14,90860.0,1.0,73860.0,0.00994618383933288,,peripheral,0.8,"Признаков роли нет: вход 73 860 KZT от 1, выход 17 000 KZT к 1; передано 23%.",0.5013,peripheral,10
100000004891562100,4,False,1,0,103400.0,0.0,1,0,0.0,True,0,1,0,0.0,0.0,3.6873817911951947e-06,0,0,,,1,2026-07-07,2026-07-07,103400.0,0.9128732533190332,94391.09439318803,0.00037296381838331524,0.285050442478337,truncated,1.0,"Граница обхода, глубина 4: исходящие не выгружены. Получил 103 400 KZT от 1; P(переводит дальше)=29%.",0.5011,peripheral,9
100000008465789100,3,False,1,16,30099.0,1858100.0,1,17,61.732947938469714,False,0,8,0,0.0008450964058440695,2.6381363075555576e-05,2.612568276300329e-07,2,0,0.47796135837683656,2.0,1,2026-07-14,2026-07-14,1888199.0,0.31231090742183704,10506.73499570638,-0.04036676649220887,,distributor,0.8,"Признаки раздачи: 16 получателей против 1 плательщиков, отправил 1 858 100 KZT в 17 переводах.",0.5006,distributor,5
100000005316708100,1,False,1,2,90000.0,257500.0,1,4,2.861111111111111,False,1,1,1,1.1888811083225246e-06,2.0990428722474567e-06,4.089589732056224e-05,0,0,0.0,,1,2026-07-27,2026-07-27,347500.0,1.0,90000.0,0.0013738703101472106,,peripheral,0.8,"Признаков роли нет: вход 90 000 KZT от 1, выход 257 500 KZT к 2; передано 286% (возможны поступления вне выборки).",0.5005,peripheral,4
100000000011452100,1,False,3,1,110000.0,16685.0,7,2,0.1516818181818182,False,1,7,0,3.368496473580486e-06,0.0006938863107634386,0.0037863665901023097,1,0,1.0,0.0,1,2026-07-03,2026-07-25,126685.0,0.8329136874420774,93977.47338050521,0.0005684286303707194,,peripheral,0.8,"Признаков роли нет: вход 110 000 KZT от 3, выход 16 685 KZT к 1; передано 15%.",0.5002,peripheral,1
100000002530224100,3,False,1,0,113000.0,0.0,1,0,0.0,False,0,9,0,0.0,0.0,3.220733583683774e-06,0,0,,,1,2026-07-22,2026-07-22,113000.0,0.40751427377564153,52621.34244312017,0.00020792064052452752,,terminal,0.591,Признаки оседания: получил 113 000 KZT от 1 плательщиков; исходящих ≥5 000 KZT в наблюдаемой выборке 0.,0.5,terminal,5
100000006257675100,4,False,1,0,70000.0,0.0,2,0,0.0,True,0,7,0,0.0,0.0,2.3749511394193016e-243,0,0,,,1,2026-07-20,2026-07-20,70000.0,0.9714212669487974,68633.44864567756,0.0002711886459233837,0.31031366590329457,truncated,1.0,"Граница обхода, глубина 4: исходящие не выгружены. Получил 70 000 KZT от 1; P(переводит дальше)=31%.",0.4992,peripheral,20
100000003112578100,3,False,1,0,101080.0,0.0,1,0,0.0,False,0,2,0,0.0,0.0,3.794136183730392e-07,0,0,,,1,2026-07-01,2026-07-01,101080.0,0.9557576241218059,96607.98064623214,0.00038172331383336705,,terminal,0.588,Признаки оседания: получил 101 080 KZT от 1 плательщиков; исходящих ≥5 000 KZT в наблюдаемой выборке 0.,0.4977,terminal,12
100000008106997100,2,False,2,1,35600.0,20600.0,2,1,0.5786516853932584,False,0,7,0,1.922024458454748e-05,0.0,0.00021258252745376914,0,0,1.0,0.0,1,2026-07-22,2026-07-31,56200.0,0.8464607696345736,30549.89127741645,0.00018960907887153333,,transit,0.874,"Признаки транзита: получил 35 600 KZT, передано 58%. 100% ушло в течение 2 дней после поступления.",0.4973,transit,1
100000003215448100,3,False,1,2,91309.0,124000.0,1,4,1.3580260434349298,False,0,7,0,3.844048916909496e-05,0.0,0.0016044117305492448,0,0,0.06451612903225806,1.0,1,2026-07-22,2026-07-22,215309.0,0.442010955705081,48352.31124174929,0.00040761864779518544,,peripheral,0.8,"Признаков роли нет: вход 91 309 KZT от 1, выход 124 000 KZT к 2; передано 136% (возможны поступления вне выборки).",0.4973,peripheral,6
100000004800648100,4,False,1,0,131000.0,0.0,1,0,0.0,True,0,7,0,0.0,0.0,2.369785348115211e-06,0,0,,,1,2026-07-01,2026-07-01,131000.0,0.3927865510357105,57903.435197365616,0.00022879156585221033,0.27409898809468963,truncated,1.0,"Граница обхода, глубина 4: исходящие не выгружены. Получил 131 000 KZT от 1; P(переводит дальше)=27%.",0.4971,peripheral,10
100000003292191100,3,False,1,0,112000.0,0.0,1,0,0.0,False,0,8,0,0.0,0.0,1.2902817864242934e-06,0,0,,,1,2026-07-30,2026-07-30,112000.0,0.40812298879600617,54054.00644287256,0.00021358146943268116,,terminal,0.59,Признаки оседания: получил 112 000 KZT от 1 плательщиков; исходящих ≥5 000 KZT в наблюдаемой выборке 0.,0.4971,terminal,19
100000004403641100,4,False,1,0,171500.0,0.0,1,0,0.0,True,0,8,0,0.0,0.0,2.1191697184202844e-07,0,0,,,1,2026-07-30,2026-07-30,171500.0,0.20430281220520202,43277.6828599931,0.0001710014059484397,0.337230676522581,truncated,1.0,"Граница обхода, глубина 4: исходящие не выгружены. Получил 171 500 KZT от 1; P(переводит дальше)=34%.",0.4968,peripheral,12
100000003089553100,3,False,1,0,150000.0,0.0,1,0,0.0,False,0,8,0,0.0,0.0,2.612568276300329e-07,0,0,,,1,2026-07-14,2026-07-14,150000.0,0.31231090742183704,52360.88406113017,0.00020689150156498937,,terminal,0.6,Признаки оседания: получил 150 000 KZT от 1 плательщиков; исходящих ≥5 000 KZT в наблюдаемой выборке 0.,0.4968,terminal,5
100000002242455100,4,False,1,0,110000.0,0.0,1,0,0.0,True,0,7,0,0.0,0.0,0.0,0,0,,,1,2026-07-03,2026-07-03,110000.0,0.5119191887828877,59439.3460141795,0.000234860349847349,0.2772383072060484,truncated,1.0,"Граница обхода, глубина 4: исходящие не выгружены. Получил 110 000 KZT от 1; P(переводит дальше)=28%.",0.4965,peripheral,8
100000008576243100,3,False,2,0,82920.0,0.0,4,0,0.0,False,0,8,0,0.0,0.0,9.244316510383576e-05,0,0,,,2,2026-07-08,2026-07-10,82920.0,0.643028241881511,57351.11802694034,0.00022660921674226925,,terminal,0.646,Признаки оседания: получил 82 920 KZT от 2 плательщиков; исходящих ≥5 000 KZT в наблюдаемой выборке 0.,0.4965,terminal,1
100000001601320100,2,False,2,1,43500.0,46200.0,2,1,1.0620689655172413,False,0,1,0,9.90734256935437e-07,0.0,2.4890313453408943e-241,0,0,0.0,8.0,1,2026-07-18,2026-07-27,89700.0,0.982261955442032,42728.39506172839,0.00034814122052813926,,transit,0.681,"Признаки транзита: получил 43 500 KZT, передано 106%. 0% ушло в течение 2 дней после поступления.",0.4964,transit,4
100000003134474100,3,False,1,0,116000.0,0.0,1,0,0.0,False,0,7,0,0.0,0.0,0.0029401739563140994,0,0,,,1,2026-07-18,2026-07-18,116000.0,0.5403576910379955,71824.6555751272,0.00028379793633694414,,terminal,0.592,Признаки оседания: получил 116 000 KZT от 1 плательщиков; исходящих ≥5 000 KZT в наблюдаемой выборке 0.,0.4961,terminal,8
100000003286537100,3,False,2,0,153000.0,0.0,2,0,0.0,False,0,8,0,0.0,0.0,3.242362523285969e-06,0,0,,,2,2026-07-28,2026-07-28,153000.0,0.2779153169721404,51496.67331586469,0.00020347677964108502,,terminal,0.663,Признаки оседания: получил 153 000 KZT от 2 плательщиков; исходящих ≥5 000 KZT в наблюдаемой выборке 0.,0.4961,terminal,5
100000002969048100,2,False,1,0,108470.0,0.0,1,0,0.0,False,0,1,0,0.0,0.0,2.8721411760945644e-05,0,0,,,1,2026-07-31,2026-07-31,108470.0,1.0,108470.0,0.0004285932443110661,,terminal,0.59,Признаки оседания: получил 108 470 KZT от 1 плательщиков; исходящих ≥5 000 KZT в наблюдаемой выборке 0.,0.4961,terminal,4
100000003068941100,2,False,3,1,94000.0,25000.0,3,2,0.26595744680851063,False,0,7,0,1.981468513870874e-05,0.0,0.003041445331092905,0,0,1.0,1.0,1,2026-07-18,2026-07-30,119000.0,0.7415291335037733,76115.90176815764,0.0003740031410479488,,peripheral,0.8,"Признаков роли нет: вход 94 000 KZT от 3, выход 25 000 KZT к 1; передано 27%.",0.4956,peripheral,1
100000003133045100,4,False,1,0,68000.0,0.0,1,0,0.0,True,0,7,0,0.0,0.0,1.4075358594693281e-08,0,0,,,1,2026-07-08,2026-07-08,68000.0,0.9753224389956981,66321.92585170748,0.00026205521683174356,0.28495698053223095,truncated,1.0,"Граница обхода, глубина 4: исходящие не выгружены. Получил 68 000 KZT от 1; P(переводит дальше)=28%.",0.4954,peripheral,5
100000005897462100,1,False,1,0,98400.0,0.0,1,0,0.0,False,1,8,0,0.0,0.0,0.00012279960108290615,0,0,,,1,2026-07-15,2026-07-15,98400.0,1.0,98400.0,0.00038880404941651057,,peripheral,0.8,"Признаков роли нет: вход 98 400 KZT от 1, выход 0 KZT к 0; передано 0%.",0.4953,peripheral,11
100000002462183100,1,False,1,0,107500.0,0.0,3,0,0.0,False,1,1,0,0.0,0.0,2.91876993847384e-271,0,5,,,1,2026-07-04,2026-07-13,107500.0,1.0,107500.0,0.0004247605214662082,,terminal,0.589,Признаки оседания: получил 107 500 KZT от 1 плательщиков; исходящих ≥5 000 KZT в наблюдаемой выборке 0.,0.495,terminal,44
100000000979923100,1,False,1,0,97900.0,0.0,1,0,0.0,False,1,8,0,0.0,0.0,0.00012279960108290615,0,0,,,1,2026-07-13,2026-07-13,97900.0,1.0,97900.0,0.0003868284190841096,,peripheral,0.8,"Признаков роли нет: вход 97 900 KZT от 1, выход 0 KZT к 0; передано 0%.",0.4947,peripheral,11
100000002659265100,4,False,1,0,141000.0,0.0,1,0,0.0,True,0,8,0,0.0,0.0,3.090697396070124e-08,0,0,,,1,2026-07-27,2026-07-27,141000.0,0.2367268635703925,44035.83794647902,0.0001739970743194974,0.3294382203615846,truncated,1.0,"Граница обхода, глубина 4: исходящие не выгружены. Получил 141 000 KZT от 1; P(переводит дальше)=33%.",0.4944,peripheral,5
100000004747154100,4,False,1,0,67000.0,0.0,1,0,0.0,True,0,7,0,0.0,0.0,1.4075358594693281e-08,0,0,,,1,2026-07-04,2026-07-04,67000.0,0.9753224389956983,65346.60341271178,0.00025820146364308297,0.27676126280993524,truncated,1.0,"Граница обхода, глубина 4: исходящие не выгружены. Получил 67 000 KZT от 1; P(переводит дальше)=28%.",0.4939,peripheral,5
100000005530114100,3,False,2,1,136970.0,25000.0,2,1,0.1825217200846901,False,0,7,0,4.4583041562094666e-06,0.0012614185857250486,0.00023791278694550023,0,0,1.0,2.0,1,2026-07-04,2026-07-13,161970.0,0.5955235726486258,91853.00205263634,0.0004217618756437825,,peripheral,0.8,"Признаков роли нет: вход 136 970 KZT от 2, выход 25 000 KZT к 1; передано 18%.",0.4921,peripheral,16
100000005878334100,4,False,1,0,76400.0,0.0,2,0,0.0,True,0,7,0,0.0,0.0,0.0,0,0,,,1,2026-07-12,2026-07-28,76400.0,0.803872321401462,61777.89510457327,0.0002441005668808973,0.32826492743824653,truncated,1.0,"Граница обхода, глубина 4: исходящие не выгружены. Получил 76 400 KZT от 1; P(переводит дальше)=33%.",0.4913,peripheral,6
100000003073635100,3,False,1,0,129231.0,0.0,1,0,0.0,False,0,7,0,0.0,0.0,0.0016044117305492448,0,0,,,1,2026-07-25,2026-07-25,129231.0,0.44201095570508103,68433.75279635636,0.00027039959556900486,,terminal,0.595,Признаки оседания: получил 129 231 KZT от 1 плательщиков; исходящих ≥5 000 KZT в наблюдаемой выборке 0.,0.4912,terminal,6
100000008376089100,2,False,1,0,135000.0,0.0,1,0,0.0,False,0,7,0,0.0,0.0,3.8766877888989646e-07,0,0,,,1,2026-07-18,2026-07-18,135000.0,0.44665696352259815,67490.0332973481,0.0002666707138339136,,terminal,0.596,Признаки оседания: получил 135 000 KZT от 1 плательщиков; исходящих ≥5 000 KZT в наблюдаемой выборке 0.,0.4911,terminal,29
100000002762076100,1,False,2,1,140350.0,30000.0,2,1,0.21375133594584966,False,2,2,0,3.962937027741748e-07,0.0,1.4441448069396784e-05,0,0,0.0,,1,2026-07-09,2026-07-13,170350.0,1.0,140350.0,0.00067309725424901,,peripheral,0.8,"Признаков роли нет: вход 140 350 KZT от 2, выход 30 000 KZT к 1; передано 21%.",0.4909,peripheral,4
100000008757369100,3,False,1,1,25961.0,58398.0,1,3,2.249451099726513,False,0,7,0,1.922024458454748e-05,0.0,0.0011319383959652314,0,0,0.8989691427788623,0.5,1,2026-07-26,2026-07-26,84359.0,0.6690797475280011,19371.421048408152,0.00023092882229344477,,transit,0.67,"Признаки транзита: получил 25 961 KZT, передано 225% (возможны поступления вне выборки). 90% ушло в течение 2 дней после поступления.",0.4904,transit,1
100000003321895100,3,False,1,2,24000.0,553830.0,1,3,23.07625,False,0,7,0,3.962937027741748e-05,0.0,1.0123575345997096e-05,0,0,0.0,12.5,1,2026-07-10,2026-07-10,577830.0,0.5099073570070952,14840.35786613977,0.001174482003087225,,peripheral,0.8,"Признаков роли нет: вход 24 000 KZT от 1, выход 553 830 KZT к 2; передано 2308% (возможны поступления вне выборки).",0.4903,peripheral,61
100000008349675100,1,False,1,1,46520.0,36650.0,1,2,0.7878331900257953,False,1,1,0,1.981468513870874e-07,0.0,4.341414826156218e-06,0,0,0.504774897680764,4.0,1,2026-07-11,2026-07-11,83170.0,1.0,46520.0,0.0003286263494915771,,transit,0.788,"Признаки транзита: получил 46 520 KZT, передано 79%. 50% ушло в течение 2 дней после поступления.",0.4902,transit,4
100000003271151100,3,False,1,0,127294.0,0.0,1,0,0.0,False,0,7,0,0.0,0.0,0.0016044117305492448,0,0,,,1,2026-07-18,2026-07-18,127294.0,0.44201095570508103,67408.02228922925,0.0002663466669634734,,terminal,0.594,Признаки оседания: получил 127 294 KZT от 1 плательщиков; исходящих ≥5 000 KZT в наблюдаемой выборке 0.,0.4902,terminal,6
100000003242795100,3,False,1,0,111000.0,0.0,1,0,0.0,False,0,7,0,0.0,0.0,0.0029401739563140994,0,0,,,1,2026-07-16,2026-07-16,111000.0,0.5403576910379955,68728.76524861308,0.0002715652666673041,,terminal,0.59,Признаки оседания: получил 111 000 KZT от 1 плательщиков; исходящих ≥5 000 KZT в наблюдаемой выборке 0.,0.4895,terminal,8
100000001252290100,3,False,1,1,141005.0,5000.0,1,1,0.03545973547037339,False,0,7,0,1.922024458454748e-05,0.0,0.0029401739563140994,0,0,0.0,,1,2026-07-22,2026-07-22,146005.0,0.5403576910379955,87307.20309802421,0.0003556489878027168,,peripheral,0.8,"Признаков роли нет: вход 141 005 KZT от 1, выход 5 000 KZT к 1; передано 4%.",0.4895,peripheral,8
100000001169666100,3,False,1,1,220000.0,24000.0,2,1,0.10909090909090909,False,0,9,0,2.19943005039667e-05,0.0,5.689711552130549e-08,0,0,0.0,8.0,1,2026-07-17,2026-07-21,244000.0,0.16084449531770362,46039.092988232995,0.00019716538182760067,,peripheral,0.8,"Признаков роли нет: вход 220 000 KZT от 1, выход 24 000 KZT к 1; передано 11%.",0.4891,peripheral,9
100000004388353100,1,False,2,0,62960.0,0.0,2,0,0.0,False,1,8,0,0.0,0.0,0.00015190147131170908,0,0,,,1,2026-07-11,2026-07-19,62960.0,0.8872633188802411,56224.42505598466,0.00022215735912480092,,terminal,0.641,Признаки оседания: получил 62 960 KZT от 2 плательщиков; исходящих ≥5 000 KZT в наблюдаемой выборке 0.,0.4891,terminal,11
100000001957974100,4,False,1,0,500000.0,0.0,1,0,0.0,True,0,7,0,0.0,0.0,5.9204628229038967e-08,0,0,,,1,2026-07-24,2026-07-24,500000.0,0.08079673372007973,44813.40848282761,0.0001770694581938673,0.32978973505891046,truncated,1.0,"Граница обхода, глубина 4: исходящие не выгружены. Получил 500 000 KZT от 1; P(переводит дальше)=33%.",0.4886,peripheral,14
100000008413748100,2,False,2,18,26480.0,1377320.22,2,21,52.01360347432024,False,0,7,0,0.0006247167830790698,0.025000180470340697,2.0462099718630714e-05,6,0,0.33280925767574954,1.0,2,2026-07-07,2026-07-07,1403800.22,0.610203717428964,16832.635605468196,-0.0004948332661955593,,distributor,0.9,"Признаки раздачи: 18 получателей против 2 плательщиков, отправил 1 377 320 KZT в 21 переводах.",0.4883,distributor,16
100000001782980100,2,False,1,1,50000.0,596200.0,1,3,11.924,False,0,1,0,5.944405541612623e-07,0.0,1.23619985386e-313,0,3,0.0,12.0,1,2026-07-04,2026-07-04,646200.0,0.9999905189204518,49999.525946022586,0.0025532804335105744,,peripheral,0.8,"Признаков роли нет: вход 50 000 KZT от 1, выход 596 200 KZT к 1; передано 1192% (возможны поступления вне выборки).",0.4883,peripheral,28
100000007653003100,3,False,1,0,100000.0,0.0,1,0,0.0,False,0,7,0,0.0,0.0,0.000233344615948652,0,0,,,1,2026-07-15,2026-07-15,100000.0,0.6610369390367883,68894.35286209367,0.0002722195464909605,,terminal,0.588,Признаки оседания: получил 100 000 KZT от 1 плательщиков; исходящих ≥5 000 KZT в наблюдаемой выборке 0.,0.4876,terminal,16
100000005493505100,0,True,3,0,62020.0,0.0,3,0,0.0,False,1,11,0,0.0,0.0,4.3288934629498955e-08,0,0,,,1,2026-07-18,2026-07-23,62020.0,1.0,49431.62948246539,0.00019531725317117866,,terminal,0.703,Признаки оседания: получил 62 020 KZT от 3 плательщиков; исходящих ≥5 000 KZT в наблюдаемой выборке 0.,0.4872,terminal,3
100000005474472100,2,False,1,0,100000.0,0.0,1,0,0.0,False,0,1,0,0.0,0.0,0.0,0,0,,,1,2026-07-17,2026-07-17,100000.0,1.0,100000.0,0.0003951260664801937,,terminal,0.588,Признаки оседания: получил 100 000 KZT от 1 плательщиков; исходящих ≥5 000 KZT в наблюдаемой выборке 0.,0.487,terminal,22
100000008596924100,3,False,1,0,100000.0,0.0,1,0,0.0,False,0,1,0,0.0,0.0,1.23619985386e-313,0,0,,,1,2026-07-31,2026-07-31,100000.0,1.0,100000.0,0.0003951260664801937,,terminal,0.588,Признаки оседания: получил 100 000 KZT от 1 плательщиков; исходящих ≥5 000 KZT в наблюдаемой выборке 0.,0.487,terminal,4
100000002757797100,1,False,1,0,100000.0,0.0,1,0,0.0,False,1,1,0,0.0,0.0,1.0100033243240566e-05,0,0,,,1,2026-07-14,2026-07-14,100000.0,1.0,100000.0,0.0003951260664801937,,terminal,0.588,Признаки оседания: получил 100 000 KZT от 1 плательщиков; исходящих ≥5 000 KZT в наблюдаемой выборке 0.,0.487,terminal,10
100000007797290100,2,False,1,1,100000.0,20000.0,1,1,0.2,False,0,7,0,1.922024458454748e-05,0.0,5.172134115335331e-05,0,0,0.0,9.0,1,2026-07-22,2026-07-22,120000.0,0.7930851940305709,80610.69384048045,0.0003811875903544392,,peripheral,0.8,"Признаков роли нет: вход 100 000 KZT от 1, выход 20 000 KZT к 1; передано 20%.",0.4865,peripheral,1
100000002648315100,1,False,1,2,132000.0,76000.0,1,3,0.5757575757575758,False,1,1,0,3.962937027741748e-07,0.0,4.341414826156218e-06,0,0,0.0,6.0,1,2026-07-17,2026-07-17,208000.0,1.0,132000.0,0.0008218622182788028,,peripheral,0.8,"Признаков роли нет: вход 132 000 KZT от 1, выход 76 000 KZT к 2; передано 58%.",0.4859,peripheral,4
100000008735802100,4,False,1,0,85000.0,0.0,2,0,0.0,True,0,7,0,0.0,0.0,0.0,0,0,,,1,2026-07-24,2026-07-29,85000.0,0.6424778096295601,56605.158046243196,0.000223661734413027,0.33107747192963743,truncated,1.0,"Граница обхода, глубина 4: исходящие не выгружены. Получил 85 000 KZT от 1; P(переводит дальше)=33%.",0.4848,peripheral,1
100000006534886100,2,False,1,1,71700.0,167500.0,5,8,2.336122733612273,False,0,7,0,0.0,0.0001266670775836496,9.98682327419693e-08,1,0,0.4835820895522388,2.0,1,2026-07-08,2026-07-30,239200.0,0.8383712237472035,60111.21674267449,0.0007802575017623474,,peripheral,0.8,"Признаков роли нет: вход 71 700 KZT от 1, выход 167 500 KZT к 1; передано 234% (возможны поступления вне выборки).",0.4847,peripheral,7
100000006445501100,1,False,1,0,91000.0,0.0,1,0,0.0,False,1,8,0,0.0,0.0,0.00012279960108290615,0,0,,,1,2026-07-14,2026-07-14,91000.0,1.0,91000.0,0.00035956472049697625,,peripheral,0.8,"Признаков роли нет: вход 91 000 KZT от 1, выход 0 KZT к 0; передано 0%.",0.4842,peripheral,11
100000008560263100,4,False,1,0,100000.0,0.0,1,0,0.0,True,0,7,0,0.0,0.0,3.8798761239758137e-256,0,0,,,1,2026-07-01,2026-07-01,100000.0,0.5119191887828877,54035.76910379955,0.00021350940895214615,0.2727536125315518,truncated,1.0,"Граница обхода, глубина 4: исходящие не выгружены. Получил 100 000 KZT от 1; P(переводит дальше)=27%.",0.4841,peripheral,8
100000002214207100,4,False,1,0,97000.0,0.0,1,0,0.0,True,0,1,0,0.0,0.0,0.0,0,0,,,1,2026-07-19,2026-07-19,97000.0,0.8345131208961859,80947.77272693004,0.00031984575027921877,0.3099134305511605,truncated,1.0,"Граница обхода, глубина 4: исходящие не выгружены. Получил 97 000 KZT от 1; P(переводит дальше)=31%.",0.4838,peripheral,35
100000002454724100,2,False,1,0,125000.0,0.0,3,0,0.0,False,0,7,0,0.0,0.0,3.8766877888989646e-07,0,0,,,1,2026-07-13,2026-07-15,125000.0,0.44665696352259815,62490.771571618614,0.00024691732762401145,,terminal,0.594,Признаки оседания: получил 125 000 KZT от 1 плательщиков; исходящих ≥5 000 KZT в наблюдаемой выборке 0.,0.4834,terminal,29
100000005857058100,3,False,3,0,80222.0,0.0,3,0,0.0,False,0,7,0,0.0,0.0,0.001797590832820115,0,0,,,1,2026-07-01,2026-07-06,80222.0,0.8187684624696389,69846.11588782688,0.0002759802102967436,,terminal,0.708,Признаки оседания: получил 80 222 KZT от 3 плательщиков; исходящих ≥5 000 KZT в наблюдаемой выборке 0.,0.4828,terminal,1
100000003616818100,1,False,3,3,78000.0,240100.0,4,8,3.0782051282051284,False,1,1,0,1.981468513870874e-06,3.6683131812116196e-179,6.38373224061603e-179,10,2,0.0,4.0,1,2026-07-17,2026-07-31,318100.0,0.5044811709410187,41958.986361083575,0.0035637560178443882,,peripheral,0.8,"Признаков роли нет: вход 78 000 KZT от 3, выход 240 100 KZT к 3; передано 308% (возможны поступления вне выборки).",0.4827,peripheral,23
100000003760160100,3,False,1,0,104470.0,0.0,1,0,0.0,False,0,7,0,0.0,0.0,0.0029401739563140994,0,0,,,1,2026-07-18,2026-07-18,104470.0,0.5403576910379955,64685.53248218567,0.00025558940007859403,,terminal,0.589,Признаки оседания: получил 104 470 KZT от 1 плательщиков; исходящих ≥5 000 KZT в наблюдаемой выборке 0.,0.4826,terminal,8
100000002540623100,2,False,1,0,100000.0,0.0,1,0,0.0,False,0,1,0,0.0,0.0,2.322813314613868e-05,0,0,,,1,2026-07-21,2026-07-21,100000.0,0.9613749847709885,96137.49847709885,0.0003798643161450266,,terminal,0.588,Признаки оседания: получил 100 000 KZT от 1 плательщиков; исходящих ≥5 000 KZT в наблюдаемой выборке 0.,0.4825,terminal,9
100000001362940100,1,False,1,0,81000.0,0.0,1,0,0.0,False,1,10,0,0.0,0.0,0.0004611679456476809,0,0,,,1,2026-07-19,2026-07-19,81000.0,1.0,81000.0,0.0003200521138489569,,peripheral,0.8,"Признаков роли нет: вход 81 000 KZT от 1, выход 0 KZT к 0; передано 0%.",0.4824,peripheral,3
100000001600934100,3,False,1,1,180300.0,11000.0,2,1,0.06100942872989462,False,0,7,0,0.0,0.0006938863107634386,3.02733233027133e-05,1,0,0.0,4.0,1,2026-07-07,2026-07-21,191300.0,0.5186857669684586,100806.3834082958,0.0004185861043422319,,peripheral,0.8,"Признаков роли нет: вход 180 300 KZT от 1, выход 11 000 KZT к 1; передано 6%.",0.482,peripheral,6
100000005893892100,3,False,1,0,102780.0,0.0,1,0,0.0,False,0,7,0,0.0,0.0,0.0029401739563140994,0,0,,,1,2026-07-10,2026-07-10,102780.0,0.5403576910379955,63639.121551823904,0.0002514547577302228,,terminal,0.588,Признаки оседания: получил 102 780 KZT от 1 плательщиков; исходящих ≥5 000 KZT в наблюдаемой выборке 0.,0.4813,terminal,8
100000003147719100,3,False,1,0,100000.0,0.0,1,0,0.0,False,0,9,0,0.0,0.0,3.220733583683774e-06,0,0,,,1,2026-07-29,2026-07-29,100000.0,0.40751427377564153,46567.55968417714,0.0001840005668359453,,terminal,0.588,Признаки оседания: получил 100 000 KZT от 1 плательщиков; исходящих ≥5 000 KZT в наблюдаемой выборке 0.,0.4813,terminal,5
100000005049404100,4,False,1,0,98000.0,0.0,2,0,0.0,True,0,7,0,0.0,0.0,3.8798761239758137e-256,0,0,,,1,2026-07-01,2026-07-10,98000.0,0.5119191887828877,52955.053721723554,0.00020923922077312911,0.2909581771228867,truncated,1.0,"Граница обхода, глубина 4: исходящие не выгружены. Получил 98 000 KZT от 1; P(переводит дальше)=29%.",0.4798,peripheral,8
100000004644615100,3,False,1,2,50810.0,379665.0,1,14,7.472249557173785,False,0,1,0,1.1888811083225246e-06,0.0,2.463136707888565e-07,0,0,0.045829876338350915,15.0,1,2026-07-07,2026-07-07,430475.0,1.0,50810.0,0.0017009189346806138,,peripheral,0.8,"Признаков роли нет: вход 50 810 KZT от 1, выход 379 665 KZT к 2; передано 747% (возможны поступления вне выборки).",0.4796,peripheral,9
100000001537524100,4,False,1,0,150000.0,0.0,1,0,0.0,True,0,8,0,0.0,0.0,2.1191697184202844e-07,0,0,,,1,2026-07-30,2026-07-30,150000.0,0.20430281220520205,37852.20075218056,0.00014956391190823124,0.3364802542203616,truncated,1.0,"Граница обхода, глубина 4: исходящие не выгружены. Получил 150 000 KZT от 1; P(переводит дальше)=34%.",0.479,peripheral,12
100000004676985100,3,False,1,1,32260.0,27102.0,1,1,0.8401115933044018,False,0,7,0,1.922024458454748e-05,0.0,0.0029057815328092595,0,0,0.0,3.0,1,2026-07-08,2026-07-08,59362.0,0.6659430358381553,24409.280708565668,0.00016776131690885655,,transit,0.652,"Признаки транзита: получил 32 260 KZT, передано 84%. 0% ушло в течение 2 дней после поступления.",0.4787,transit,1
100000005360814100,4,False,1,0,144000.0,0.0,3,0,0.0,True,0,7,0,0.0,0.0,1.7212113966392227e-06,0,0,,,1,2026-07-10,2026-07-17,144000.0,0.2535875723968892,49885.82988766054,0.00019711191736610528,0.30773726822807584,truncated,1.0,"Граница обхода, глубина 4: исходящие не выгружены. Получил 144 000 KZT от 1; P(переводит дальше)=31%.",0.4782,peripheral,6
100000003647799100,3,False,1,0,100000.0,0.0,1,0,0.0,False,0,7,0,0.0,0.0,0.0029401739563140994,0,0,,,1,2026-07-03,2026-07-03,100000.0,0.5403576910379955,61917.80653028206,0.0002446533933938605,,terminal,0.588,Признаки оседания: получил 100 000 KZT от 1 плательщиков; исходящих ≥5 000 KZT в наблюдаемой выборке 0.,0.4781,terminal,8
100000002695812100,4,False,1,0,95000.0,0.0,1,0,0.0,True,0,7,0,0.0,0.0,2.758273854900145e-06,0,0,,,1,2026-07-23,2026-07-23,95000.0,0.5245132233584058,52437.66509676105,0.00020719488345088442,0.3184642492039447,truncated,1.0,"Граница обхода, глубина 4: исходящие не выгружены. Получил 95 000 KZT от 1; P(переводит дальше)=32%.",0.4781,peripheral,9
100000007534354100,2,False,1,3,50000.0,147810.0,1,3,2.9562,False,0,1,0,2.377762216645049e-06,1.3217133487213798e-05,4.0882452251176484e-08,0,0,0.0,,1,2026-07-10,2026-07-10,197810.0,1.0,50000.0,0.0022849154906121535,,peripheral,0.8,"Признаков роли нет: вход 50 000 KZT от 1, выход 147 810 KZT к 3; передано 296% (возможны поступления вне выборки).",0.4779,peripheral,9
100000003230329100,4,False,1,0,110000.0,0.0,1,0,0.0,True,0,8,0,0.0,0.0,1.276147972494963e-06,0,0,,,1,2026-07-20,2026-07-20,110000.0,0.30249927077752825,39252.11859181848,0.0001550953522019803,0.31274487588837113,truncated,1.0,"Граница обхода, глубина 4: исходящие не выгружены. Получил 110 000 KZT от 1; P(переводит дальше)=31%.",0.4779,peripheral,5
100000003819173100,4,False,1,0,143777.0,0.0,1,0,0.0,True,0,7,0,0.0,0.0,0.00011365723210704084,0,0,,,1,2026-07-16,2026-07-16,143777.0,0.2535875723968892,49808.57613720951,0.00019680666766076963,0.3055917367782843,truncated,1.0,"Граница обхода, глубина 4: исходящие не выгружены. Получил 143 777 KZT от 1; P(переводит дальше)=31%.",0.4778,peripheral,6
100000001276409100,4,False,1,0,94760.0,0.0,1,0,0.0,True,0,7,0,0.0,0.0,2.758273854900145e-06,0,0,,,1,2026-07-14,2026-07-14,94760.0,0.5245132233584058,52305.19099546396,0.00020667144374529297,0.29914553109506226,truncated,1.0,"Граница обхода, глубина 4: исходящие не выгружены. Получил 94 760 KZT от 1; P(переводит дальше)=30%.",0.4774,peripheral,9
100000003603979100,2,False,1,0,165000.0,0.0,3,0,0.0,False,0,1,0,0.0,0.0,5.6958165875745425e-180,0,2,,,1,2026-07-04,2026-07-12,165000.0,0.4713565786534551,83239.39320526809,0.00032890054013390676,,terminal,0.604,Признаки оседания: получил 165 000 KZT от 1 плательщиков; исходящих ≥5 000 KZT в наблюдаемой выборке 0.,0.4769,terminal,23
100000005077484100,2,False,1,2,150000.0,13550.0,1,2,0.09033333333333333,False,0,1,0,3.962937027741748e-07,1.792582335421736e-266,1.23619985386e-313,1,3,0.5202952029520295,5.0,1,2026-07-04,2026-07-04,163550.0,0.9999905189204517,149998.57783806775,0.0006461923527438219,,peripheral,0.8,"Признаков роли нет: вход 150 000 KZT от 1, выход 13 550 KZT к 2; передано 9%.",0.4766,peripheral,28
100000005567828100,4,False,1,0,94000.0,0.0,1,0,0.0,True,0,7,0,0.0,0.0,2.758273854900145e-06,0,0,,,1,2026-07-30,2026-07-30,94000.0,0.5245132233584058,51885.68967468988,0.00020501388467766517,0.33386853009539524,truncated,1.0,"Граница обхода, глубина 4: исходящие не выгружены. Получил 94 000 KZT от 1; P(переводит дальше)=33%.",0.4763,peripheral,9
100000001822650100,4,False,1,0,112000.0,0.0,1,0,0.0,True,0,8,0,0.0,0.0,3.309598923107044e-07,0,0,,,1,2026-07-31,2026-07-31,112000.0,0.28820617224407774,38537.76281043168,0.00015227274630235404,0.3370890033793099,truncated,1.0,"Граница обхода, глубина 4: исходящие не выгружены. Получил 112 000 KZT от 1; P(переводит дальше)=34%.",0.4761,peripheral,5
100000001299323100,4,False,1,0,109000.0,0.0,1,0,0.0,True,0,8,0,0.0,0.0,1.276147972494963e-06,0,0,,,1,2026-07-28,2026-07-28,109000.0,0.30249927077752825,38895.28115007467,0.00015368539445469496,0.3302331562569799,truncated,1.0,"Граница обхода, глубина 4: исходящие не выгружены. Получил 109 000 KZT от 1; P(переводит дальше)=33%.",0.4761,peripheral,5
100000008050986100,4,False,1,0,95000.0,0.0,2,0,0.0,True,0,7,0,0.0,0.0,3.8798761239758137e-256,0,0,,,1,2026-07-05,2026-07-07,95000.0,0.5119191887828877,51333.98064860957,0.00020283393850454472,0.284617587704587,truncated,1.0,"Граница обхода, глубина 4: исходящие не выгружены. Получил 95 000 KZT от 1; P(переводит дальше)=28%.",0.4759,peripheral,8
100000006100920100,3,False,1,0,100000.0,0.0,1,0,0.0,False,0,7,0,0.0,0.0,0.0006428156575478821,0,0,,,1,2026-07-04,2026-07-04,100000.0,0.46308466801649245,60668.06291640561,0.0002397153306112927,,terminal,0.588,Признаки оседания: получил 100 000 KZT от 1 плательщиков; исходящих ≥5 000 KZT в наблюдаемой выборке 0.,0.4759,terminal,1
100000001373265100,3,False,1,1,142482.0,5000.0,1,1,0.0350921519911287,False,0,7,0,1.922024458454748e-05,0.0,0.0016044117305492448,0,0,0.0,,1,2026-07-20,2026-07-20,147482.0,0.44201095570508103,75450.76619333168,0.00030685814710228274,,peripheral,0.8,"Признаков роли нет: вход 142 482 KZT от 1, выход 5 000 KZT к 1; передано 4%.",0.4754,peripheral,6
100000004094958100,1,False,1,1,39000.0,40000.0,1,1,1.0256410256410255,False,1,1,0,1.981468513870874e-07,5.694996203955488e-284,1.3380297447651783e-283,0,6,1.0,0.0,1,2026-07-16,2026-07-16,79000.0,1.0,39000.0,0.00031214959251935304,,transit,0.992,"Признаки транзита: получил 39 000 KZT, передано 103%. 100% ушло в течение 2 дней после поступления.",0.4754,transit,47
100000004217419100,3,False,2,1,118200.0,7700.0,3,1,0.06514382402707276,False,0,7,0,1.9418391435934565e-05,0.0,0.001617239562686933,0,0,1.0,0.0,1,2026-07-20,2026-07-23,125900.0,0.5404171820296473,71374.42740803525,0.00029846100197539703,,peripheral,0.8,"Признаков роли нет: вход 118 200 KZT от 2, выход 7 700 KZT к 1; передано 7%.",0.4752,peripheral,6
100000003152964100,3,False,1,1,141847.0,5500.0,1,1,0.03877417217142414,False,0,7,0,1.922024458454748e-05,0.0,0.0016044117305492448,0,0,0.0,3.0,1,2026-07-25,2026-07-25,147347.0,0.44201095570508103,75114.50451443353,0.0003064027398086653,,peripheral,0.8,"Признаков роли нет: вход 141 847 KZT от 1, выход 5 500 KZT к 1; передано 4%.",0.4749,peripheral,6
100000004183610100,3,False,1,1,22000.0,915000.0,1,3,41.59090909090909,False,0,7,0,1.9616538287321655e-05,0.0,4.259945964858586e-08,0,0,0.01639344262295082,2.0,1,2026-07-28,2026-07-28,937000.0,0.4762776808774982,11356.489185789338,0.0017668084473766252,,peripheral,0.8,"Признаков роли нет: вход 22 000 KZT от 1, выход 915 000 KZT к 1; передано 4159% (возможны поступления вне выборки).",0.4746,peripheral,13
100000001808684100,3,False,1,1,48400.0,37700.0,3,2,0.7789256198347108,False,0,1,0,0.0,1.2421621001173871e-05,1.23619985386e-313,1,0,0.7957559681697612,0.0,1,2026-07-24,2026-07-29,86100.0,0.8052336389375988,42935.749149865784,0.00026926712748765374,,transit,0.872,"Признаки транзита: получил 48 400 KZT, передано 78%. 80% ушло в течение 2 дней после поступления.",0.4744,transit,4
100000005519998100,2,False,3,3,182000.0,188000.0,5,8,1.032967032967033,False,0,7,0,5.98403491189004e-05,0.0009458228896190618,2.9376474289662784e-07,8,0,0.32978723404255317,1.0,1,2026-07-08,2026-07-31,370000.0,0.2559855335557716,49971.11635282455,-0.0013714323031212604,,transit,0.789,"Признаки транзита: получил 182 000 KZT, передано 103%. 33% ушло в течение 2 дней после поступления.",0.4744,transit,32
100000002087788100,2,False,1,0,100500.0,0.0,1,0,0.0,False,0,7,0,0.0,0.0,0.0,0,0,,,1,2026-07-01,2026-07-01,100500.0,0.5605837674997117,58894.10675136961,0.0002327059673952655,,terminal,0.588,Признаки оседания: получил 100 500 KZT от 1 плательщиков; исходящих ≥5 000 KZT в наблюдаемой выборке 0.,0.4736,terminal,8
100000008671929100,1,False,1,0,75000.0,0.0,2,0,0.0,False,1,10,0,0.0,0.0,0.0004611679456476809,0,0,,,1,2026-07-19,2026-07-21,75000.0,1.0,75000.0,0.00029634454986014524,,peripheral,0.8,"Признаков роли нет: вход 75 000 KZT от 1, выход 0 KZT к 0; передано 0%.",0.4734,peripheral,3
100000000600707100,4,False,1,0,89000.0,0.0,2,0,0.0,True,0,1,0,0.0,0.0,1.6242871664535976e-281,0,0,,,1,2026-07-22,2026-07-31,89000.0,0.834513120896186,74271.66775976056,0.0002934667193283238,0.3358020128828256,truncated,1.0,"Граница обхода, глубина 4: исходящие не выгружены. Получил 89 000 KZT от 1; P(переводит дальше)=34%.",0.4724,peripheral,35
100000002208836100,4,False,1,0,90000.0,0.0,1,0,0.0,True,0,7,0,0.0,0.0,0.0,0,0,,,1,2026-07-31,2026-07-31,90000.0,0.5286536699888139,50080.92458719199,0.00019788278737827662,0.3358645154852743,truncated,1.0,"Граница обхода, глубина 4: исходящие не выгружены. Получил 90 000 KZT от 1; P(переводит дальше)=34%.",0.4723,peripheral,8
100000007593823100,3,False,3,13,25000.0,162900.0,3,21,6.516,False,0,7,0,0.0006813203182041415,0.0014877923133758643,0.004303148994827794,4,0,0.40085942295887045,4.0,1,2026-07-04,2026-07-21,187900.0,0.6994356662194469,19510.34421024421,-0.0023124358720863656,,distributor,0.65,"Признаки раздачи: 13 получателей против 3 плательщиков, отправил 162 900 KZT в 21 переводах.",0.4721,distributor,1
100000003031890100,2,False,1,0,215000.0,0.0,10,0,0.0,False,0,1,0,0.0,0.0,1.797726136022499e-179,0,2,,,1,2026-07-04,2026-07-29,215000.0,0.31658307503755523,75082.21278460414,0.000296669394002033,,terminal,0.616,Признаки оседания: получил 215 000 KZT от 1 плательщиков; исходящих ≥5 000 KZT в наблюдаемой выборке 0.,0.4718,terminal,23
100000006745291100,1,False,1,0,82534.0,0.0,1,0,0.0,False,1,8,0,0.0,0.0,0.00012279960108290615,0,0,,,1,2026-07-17,2026-07-17,82534.0,1.0,82534.0,0.00032611334770876304,,peripheral,0.8,"Признаков роли нет: вход 82 534 KZT от 1, выход 0 KZT к 0; передано 0%.",0.4716,peripheral,11
100000008732488100,3,False,1,1,137000.0,10000.0,1,1,0.072992700729927,False,0,7,0,1.922024458454748e-05,0.0,0.0016044117305492448,0,0,1.0,0.0,1,2026-07-27,2026-07-27,147000.0,0.44201095570508103,72547.79528983618,0.0003041202548736829,,peripheral,0.8,"Признаков роли нет: вход 137 000 KZT от 1, выход 10 000 KZT к 1; передано 7%.",0.4715,peripheral,6
100000002448088100,3,False,3,1,20000.0,25000.0,3,1,1.25,False,0,7,0,2.0805419395644178e-05,0.0,1.5808496563390391e-254,0,0,1.0,0.0,2,2026-07-03,2026-07-08,45000.0,0.9258220753745292,18767.09321696971,0.0001656077859467229,,transit,0.925,"Признаки транзита: получил 20 000 KZT, передано 125%. 100% ушло в течение 2 дней после поступления.",0.4715,transit,20
100000004777215100,4,False,1,0,60000.0,0.0,1,0,0.0,True,0,7,0,0.0,0.0,7.577905051749476e-255,0,0,,,1,2026-07-20,2026-07-20,60000.0,0.8747905098459389,53139.315465274994,0.0002099672869524284,0.3094868801261142,truncated,1.0,"Граница обхода, глубина 4: исходящие не выгружены. Получил 60 000 KZT от 1; P(переводит дальше)=31%.",0.4714,peripheral,20
100000004386331100,3,False,1,2,20000.0,17500.0,1,2,0.875,False,0,9,0,2.0210978841482916e-05,1.5362965042255266e-289,1.23619985386e-313,1,0,0.0,,1,2026-07-30,2026-07-30,37500.0,0.8063323490623926,16383.85772528084,0.00010857308468232744,,transit,0.663,"Признаки транзита: получил 20 000 KZT, передано 88%. 0% ушло в течение 2 дней после поступления.",0.4713,transit,10
100000003186579100,4,False,1,0,110000.0,0.0,2,0,0.0,True,0,7,0,0.0,0.0,0.0,0,0,,,1,2026-07-06,2026-07-19,110000.0,0.39278655103571053,48621.20512755891,0.00019211505529582193,0.31058841763137374,truncated,1.0,"Граница обхода, глубина 4: исходящие не выгружены. Получил 110 000 KZT от 1; P(переводит дальше)=31%.",0.4711,peripheral,6
100000008531133100,2,False,1,3,25000.0,158271.68,1,3,6.3308672,False,0,7,0,2.334830398844513e-05,0.0009051216397998081,0.0,0,0,0.20074140869674223,0.0,1,2026-07-05,2026-07-05,183271.68,1.0,25000.0,0.0007241541801561961,,peripheral,0.8,"Признаков роли нет: вход 25 000 KZT от 1, выход 158 272 KZT к 3; передано 633% (возможны поступления вне выборки).",0.4709,peripheral,7
100000004315838100,1,False,2,1,50000.0,18000.0,2,1,0.36,False,1,10,0,2.377762216645049e-05,0.0,0.00340134190196178,0,0,0.0,,1,2026-07-03,2026-07-23,68000.0,0.7701788455189977,40479.45163257052,0.00021472205775745475,,peripheral,0.8,"Признаков роли нет: вход 50 000 KZT от 2, выход 18 000 KZT к 1; передано 36%.",0.4701,peripheral,3
100000003074515100,4,False,1,0,105000.0,0.0,1,0,0.0,True,0,8,0,0.0,0.0,1.276147972494963e-06,0,0,,,1,2026-07-13,2026-07-13,105000.0,0.30249927077752825,37467.93138309946,0.00014804556346555343,0.2975799559940668,truncated,1.0,"Граница обхода, глубина 4: исходящие не выгружены. Получил 105 000 KZT от 1; P(переводит дальше)=30%.",0.4701,peripheral,5
100000001484381100,3,False,2,0,95585.0,0.0,4,0,0.0,False,0,7,0,0.0,0.0,3.3989760686401816e-06,0,0,,,1,2026-07-06,2026-07-20,95585.0,0.5766497689178327,57414.45980926648,0.00022685949663511627,,terminal,0.649,Признаки оседания: получил 95 585 KZT от 2 плательщиков; исходящих ≥5 000 KZT в наблюдаемой выборке 0.,0.47,terminal,9
100000002592567100,1,False,1,2,5297.0,48600.0,1,2,9.175004719652634,False,1,7,1,0.0007202476857029619,1.4085734962770236e-06,0.0002952416008836587,0,0,0.0,9.0,1,2026-07-05,2026-07-05,53897.0,1.0,5297.0,0.005150102550050672,,peripheral,0.8,"Признаков роли нет: вход 5 297 KZT от 1, выход 48 600 KZT к 2; передано 918% (возможны поступления вне выборки).",0.4696,peripheral,7
100000006232642100,4,False,1,0,456000.0,0.0,4,0,0.0,True,0,7,0,0.0,0.0,1.207235573201223e-06,0,0,,,1,2026-07-14,2026-07-19,456000.0,0.07778562808639837,38378.920492971454,0.0001516451189014606,0.3182758809255848,truncated,1.0,"Граница обхода, глубина 4: исходящие не выгружены. Получил 456 000 KZT от 1; P(переводит дальше)=32%.",0.4695,peripheral,40
100000007382543100,2,False,3,5,218000.0,427000.0,3,8,1.9587155963302751,False,0,7,0,0.0002444770806890915,6.211515022315557e-271,3.709399580701474e-09,2,0,0.234192037470726,3.0,1,2026-07-09,2026-07-11,645000.0,0.07905420272541885,17384.313695013872,0.00030529677743612523,,peripheral,0.8,"Признаков роли нет: вход 218 000 KZT от 3, выход 427 000 KZT к 5; передано 196% (возможны поступления вне выборки).",0.4687,peripheral,27
100000004134060100,2,False,1,0,88179.0,0.0,1,0,0.0,False,0,8,0,0.0,0.0,5.704237108788349e-08,0,0,,,1,2026-07-24,2026-07-24,88179.0,0.8760058067391424,77587.27066315977,0.00030656753066073285,,peripheral,0.8,"Признаков роли нет: вход 88 179 KZT от 1, выход 0 KZT к 0; передано 0%.",0.4678,peripheral,6
100000004140487100,3,False,1,10,24510.0,262600.0,1,19,10.713994288045695,False,0,7,1,0.00032537043857319123,0.002725120712515133,0.000233344615948652,3,0,0.29588728103579587,4.0,1,2026-07-19,2026-07-19,287110.0,0.6610369390367882,16886.00588649916,-0.004226372390178417,,distributor,0.5,"Признаки раздачи: 10 получателей против 1 плательщиков, отправил 262 600 KZT в 19 переводах.",0.4676,distributor,3
100000003696422100,4,False,1,0,118000.0,0.0,2,0,0.0,True,0,7,0,0.0,0.0,1.7229296300670405e-295,0,0,,,1,2026-07-20,2026-07-31,118000.0,0.39459184259911073,46707.859150730386,0.0001845549265994184,0.33738152715630926,truncated,1.0,"Граница обхода, глубина 4: исходящие не выгружены. Получил 118 000 KZT от 1; P(переводит дальше)=34%.",0.4675,peripheral,30
100000000703894100,1,False,1,1,120000.0,35000.0,1,1,0.2916666666666667,False,1,1,0,5.944405541612623e-07,0.0,2.6231749817115585e-266,0,3,0.0,,1,2026-07-18,2026-07-18,155000.0,1.0,120000.0,0.0006124454030443002,,peripheral,0.8,"Признаков роли нет: вход 120 000 KZT от 1, выход 35 000 KZT к 1; передано 29%.",0.4664,peripheral,28
100000002487222100,4,False,1,0,90000.0,0.0,2,0,0.0,True,0,7,0,0.0,0.0,3.8798761239758137e-256,0,0,,,1,2026-07-04,2026-07-05,90000.0,0.5119191887828877,48632.19219341959,0.0001921584680569433,0.28026837681603634,truncated,1.0,"Граница обхода, глубина 4: исходящие не выгружены. Получил 90 000 KZT от 1; P(переводит дальше)=28%.",0.4664,peripheral,8
100000001541418100,2,False,2,0,96900.0,0.0,2,0,0.0,False,0,7,0,0.0,0.0,2.4915068970207686e-05,0,0,,,1,2026-07-11,2026-07-18,96900.0,0.5593756214209414,55541.31686801944,0.00021945822061185708,,terminal,0.649,Признаки оседания: получил 96 900 KZT от 2 плательщиков; исходящих ≥5 000 KZT в наблюдаемой выборке 0.,0.4662,terminal,4
100000003180820100,4,False,1,0,101000.0,0.0,1,0,0.0,True,0,8,0,0.0,0.0,1.276147972494963e-06,0,0,,,1,2026-07-14,2026-07-14,101000.0,0.30249927077752825,36040.58161612424,0.00014240573247641192,0.29948096255692286,truncated,1.0,"Граница обхода, глубина 4: исходящие не выгружены. Получил 101 000 KZT от 1; P(переводит дальше)=30%.",0.4662,peripheral,5
100000002700161100,4,False,1,0,39000.0,0.0,1,0,0.0,True,0,10,0,0.0,0.0,0.0,0,0,,,1,2026-07-21,2026-07-21,39000.0,1.0,39000.0,0.00015409916592727554,0.3093262779486208,truncated,1.0,"Граница обхода, глубина 4: исходящие не выгружены. Получил 39 000 KZT от 1; P(переводит дальше)=31%.",0.4656,peripheral,50
100000005133757100,1,False,2,0,65000.0,0.0,2,0,0.0,False,1,10,0,0.0,0.0,0.0005914483178801474,0,0,,,1,2026-07-17,2026-07-20,65000.0,0.5978026918276091,41583.094182455796,0.0001643056443639144,,terminal,0.641,Признаки оседания: получил 65 000 KZT от 2 плательщиков; исходящих ≥5 000 KZT в наблюдаемой выборке 0.,0.4655,terminal,6
100000008337304100,4,False,1,0,105465.0,0.0,2,0,0.0,True,0,7,0,0.0,0.0,9.023756758629543e-290,0,0,,,1,2026-07-26,2026-07-26,105465.0,0.3927865510357105,46616.68544343637,0.0001841946755160745,0.32562024273916773,truncated,1.0,"Граница обхода, глубина 4: исходящие не выгружены. Получил 105 465 KZT от 1; P(переводит дальше)=33%.",0.4652,peripheral,6
100000002666248100,1,False,1,0,70032.0,0.0,1,0,0.0,False,1,10,0,0.0,0.0,0.0004611679456476809,0,0,,,1,2026-07-20,2026-07-20,70032.0,1.0,70032.0,0.00027671468687740923,,peripheral,0.8,"Признаков роли нет: вход 70 032 KZT от 1, выход 0 KZT к 0; передано 0%.",0.4649,peripheral,3
100000002886166100,3,False,1,0,185000.0,0.0,3,0,0.0,False,0,1,0,0.0,0.0,3.403941910066223e-179,0,2,,,1,2026-07-28,2026-07-29,185000.0,0.335983500332423,71950.31556277123,0.0002842944517033177,,terminal,0.609,Признаки оседания: получил 185 000 KZT от 1 плательщиков; исходящих ≥5 000 KZT в наблюдаемой выборке 0.,0.4639,terminal,23
100000006562026100,1,False,2,0,75000.0,0.0,6,0,0.0,False,2,2,0,0.0,0.0,1.1290422900411568e-302,0,8,,,1,2026-07-02,2026-07-24,75000.0,1.0,75000.0,0.00029634454986014524,,terminal,0.644,Признаки оседания: получил 75 000 KZT от 2 плательщиков; исходящих ≥5 000 KZT в наблюдаемой выборке 0.,0.4637,terminal,52
100000003284932100,1,False,1,0,69925.0,0.0,1,0,0.0,False,1,10,0,0.0,0.0,0.0004611679456476809,0,0,,,1,2026-07-18,2026-07-18,69925.0,1.0,69925.0,0.00027629190198627545,,peripheral,0.8,"Признаков роли нет: вход 69 925 KZT от 1, выход 0 KZT к 0; передано 0%.",0.4632,peripheral,3
100000000580561100,0,True,2,3,27980.0,1488077.0,3,13,53.183595425303785,False,0,0,0,1.1888811083225246e-06,1.57847465707e-313,2.47239970773e-313,2,4,0.5712070007130008,4.0,1,2026-07-09,2026-07-24,1516057.0,1.0,27980.0,0.006037395904215421,,peripheral,0.8,"Признаков роли нет: вход 27 980 KZT от 2, выход 1 488 077 KZT к 3; передано 5318% (возможны поступления вне выборки).",0.4632,peripheral,42
100000002791494100,4,False,1,0,85860.0,0.0,1,0,0.0,True,0,7,0,0.0,0.0,2.758273854900145e-06,0,0,,,1,2026-07-27,2026-07-27,85860.0,0.5245132233584058,47392.60973903056,0.00018726055466415965,0.32669587842122244,truncated,1.0,"Граница обхода, глубина 4: исходящие не выгружены. Получил 85 860 KZT от 1; P(переводит дальше)=33%.",0.4627,peripheral,9
100000003102157100,1,False,1,0,96746.0,0.0,2,0,0.0,False,1,7,0,0.0,0.0,0.0021516815362503513,0,0,,,1,2026-07-13,2026-07-13,96746.0,1.0,96746.0,0.0003822686642769282,,peripheral,0.8,"Признаков роли нет: вход 96 746 KZT от 1, выход 0 KZT к 0; передано 0%.",0.4625,peripheral,1
100000004318918100,1,False,1,0,75600.0,0.0,1,0,0.0,False,1,8,0,0.0,0.0,0.00012279960108290615,0,0,,,1,2026-07-21,2026-07-21,75600.0,1.0,75600.0,0.00029871530625902646,,peripheral,0.8,"Признаков роли нет: вход 75 600 KZT от 1, выход 0 KZT к 0; передано 0%.",0.4624,peripheral,11
100000003190207100,3,False,1,1,5000.0,377000.0,1,8,75.4,False,0,8,0,2.1003566247031264e-05,0.0,1.0303697327745062e-06,0,0,0.10610079575596817,6.5,1,2026-07-12,2026-07-12,382000.0,0.998252676381913,4998.947712364898,0.0015067745586741109,,peripheral,0.8,"Признаков роли нет: вход 5 000 KZT от 1, выход 377 000 KZT к 1; передано 7540% (возможны поступления вне выборки).",0.4623,peripheral,18
100000000723383100,2,False,1,2,6800.0,75000.0,1,2,11.029411764705882,False,0,7,0,0.0002389651027728274,0.0,1.420636304176135e-07,0,0,0.0,,1,2026-07-12,2026-07-12,81800.0,0.9912750352029176,6762.974737456707,0.001890991003849124,,peripheral,0.8,"Признаков роли нет: вход 6 800 KZT от 1, выход 75 000 KZT к 2; передано 1103% (возможны поступления вне выборки).",0.4619,peripheral,20
100000007648946100,1,False,1,1,19550.0,25000.0,1,1,1.278772378516624,False,1,7,0,2.9130943747974165e-06,6.0562084080979254e-05,0.0021516815362503513,0,0,0.0,3.0,1,2026-07-02,2026-07-02,44550.0,1.0,19550.0,0.00021638683581832335,,transit,0.616,"Признаки транзита: получил 19 550 KZT, передано 128%. 0% ушло в течение 2 дней после поступления.",0.4612,transit,13
100000005394708100,1,False,1,1,26000.0,65000.0,1,1,2.5,False,1,1,1,1.981468513870874e-07,8.203488390521243e-303,0.0,0,0,1.0,1.0,1,2026-07-11,2026-07-11,91000.0,1.0,26000.0,0.00035956472049697625,,transit,0.7,"Признаки транзита: получил 26 000 KZT, передано 250% (возможны поступления вне выборки). 100% ушло в течение 2 дней после поступления.",0.4611,transit,18
100000008714412100,3,False,1,0,169000.0,0.0,1,0,0.0,False,0,9,0,0.0,0.0,5.689711552130549e-08,0,0,,,1,2026-07-16,2026-07-16,169000.0,0.16084449531770362,35366.39415914262,0.00013974184209688376,,terminal,0.605,Признаки оседания: получил 169 000 KZT от 1 плательщиков; исходящих ≥5 000 KZT в наблюдаемой выборке 0.,0.4607,terminal,9
100000002734815100,4,False,1,0,110000.0,0.0,1,0,0.0,True,0,8,0,0.0,0.0,3.090697396070124e-08,0,0,,,1,2026-07-25,2026-07-25,110000.0,0.23672686357039252,34354.19981640208,0.00013574239840531005,0.3236478714171485,truncated,1.0,"Граница обхода, глубина 4: исходящие не выгружены. Получил 110 000 KZT от 1; P(переводит дальше)=32%.",0.4606,peripheral,5
100000008730238100,4,False,1,0,113000.0,0.0,1,0,0.0,True,0,8,0,0.0,0.0,0.0,0,0,,,1,2026-07-18,2026-07-18,113000.0,0.23829320459019568,34149.53303598726,0.00013493370660635793,0.30858411678442416,truncated,1.0,"Граница обхода, глубина 4: исходящие не выгружены. Получил 113 000 KZT от 1; P(переводит дальше)=31%.",0.4606,peripheral,5
100000002705460100,3,False,1,0,95000.0,0.0,1,0,0.0,False,0,7,0,0.0,0.0,1.686779011691112e-05,0,0,,,1,2026-07-02,2026-07-02,95000.0,1.0,95000.0,0.000375369763156184,,peripheral,0.8,"Признаков роли нет: вход 95 000 KZT от 1, выход 0 KZT к 0; передано 0%.",0.4601,peripheral,7
100000004360785100,1,False,1,0,94705.0,0.0,1,0,0.0,False,1,7,0,0.0,0.0,0.0002952416008836587,0,0,,,1,2026-07-13,2026-07-13,94705.0,1.0,94705.0,0.00037420414126006744,,peripheral,0.8,"Признаков роли нет: вход 94 705 KZT от 1, выход 0 KZT к 0; передано 0%.",0.4596,peripheral,7
100000004601193100,4,False,1,0,84000.0,0.0,3,0,0.0,True,0,8,0,0.0,0.0,0.0,0,0,,,1,2026-07-20,2026-07-30,84000.0,0.3937170066183862,35670.91251921146,0.00014094507351465353,0.33324146165759405,truncated,1.0,"Граница обхода, глубина 4: исходящие не выгружены. Получил 84 000 KZT от 1; P(переводит дальше)=33%.",0.4595,peripheral,11
100000000817146100,1,False,1,0,70020.0,0.0,1,0,0.0,False,1,9,0,0.0,0.0,1.863306829995677e-257,0,0,,,1,2026-07-06,2026-07-06,70020.0,1.0,70020.0,0.00027666727174943163,,peripheral,0.8,"Признаков роли нет: вход 70 020 KZT от 1, выход 0 KZT к 0; передано 0%.",0.4593,peripheral,7
100000000917179100,2,False,1,0,94465.0,0.0,2,0,0.0,False,0,7,0,0.0,0.0,5.121878899849357e-10,0,0,,,1,2026-07-29,2026-07-29,94465.0,1.0,94465.0,0.000373255838700515,,peripheral,0.8,"Признаков роли нет: вход 94 465 KZT от 1, выход 0 KZT к 0; передано 0%.",0.4587,peripheral,14
100000002217806100,4,False,1,0,55000.0,0.0,2,0,0.0,True,0,7,0,0.0,0.0,7.983534595344914e-303,0,0,,,1,2026-07-05,2026-07-20,55000.0,0.8983703703703703,49410.370370370365,0.00019523325287769158,0.30902073342859654,truncated,1.0,"Граница обхода, глубина 4: исходящие не выгружены. Получил 55 000 KZT от 1; P(переводит дальше)=31%.",0.4585,peripheral,36
100000003252446100,4,False,1,0,108600.0,0.0,1,0,0.0,True,0,8,0,0.0,0.0,4.916414278360674e-07,0,0,,,1,2026-07-14,2026-07-14,108600.0,0.23672686357039252,33916.9645460115,0.00013401476788007193,0.2998628248400594,truncated,1.0,"Граница обхода, глубина 4: исходящие не выгружены. Получил 108 600 KZT от 1; P(переводит дальше)=30%.",0.4584,peripheral,5
100000004418967100,4,False,1,0,100000.0,0.0,1,0,0.0,True,0,8,0,0.0,0.0,1.23619985386e-313,0,0,,,1,2026-07-21,2026-07-21,100000.0,0.28167320317195926,34310.881273231345,0.000135571235549642,0.31439400494989284,truncated,1.0,"Граница обхода, глубина 4: исходящие не выгружены. Получил 100 000 KZT от 1; P(переводит дальше)=31%.",0.4584,peripheral,5
100000005031696100,2,False,1,2,5000.0,115000.0,1,3,23.0,False,0,10,0,9.59030760713503e-05,0.0,0.0,0,0,0.043478260869565216,4.0,1,2026-07-03,2026-07-03,120000.0,1.0,5000.0,0.0006993731376699428,,peripheral,0.8,"Признаков роли нет: вход 5 000 KZT от 1, выход 115 000 KZT к 2; передано 2300% (возможны поступления вне выборки).",0.4575,peripheral,50
100000005507142100,2,False,3,3,51000.0,100000.0,3,4,1.9607843137254901,False,0,1,0,4.5573775819030105e-06,1.57847465707e-313,3.92137610644084e-281,2,0,0.0,8.5,1,2026-07-01,2026-07-28,151000.0,0.9091444585312394,46366.36738509321,0.0014030481621521115,,peripheral,0.8,"Признаков роли нет: вход 51 000 KZT от 3, выход 100 000 KZT к 3; передано 196% (возможны поступления вне выборки).",0.4574,peripheral,35
100000003060187100,3,False,1,0,93046.0,0.0,1,0,0.0,False,0,7,0,0.0,0.0,8.448073037865009e-05,0,0,,,1,2026-07-24,2026-07-24,93046.0,1.0,93046.0,0.000367648999817161,,peripheral,0.8,"Признаков роли нет: вход 93 046 KZT от 1, выход 0 KZT к 0; передано 0%.",0.4572,peripheral,17
100000004479404100,2,False,2,1,1492000.0,300000.0,8,2,0.20107238605898123,False,0,7,0,9.610122292273739e-05,0.0,9.352123531657017e-05,1,0,0.0,15.5,1,2026-07-02,2026-07-12,1792000.0,0.017792921827666154,26775.871984425314,0.000163015503126088,,peripheral,0.8,"Признаков роли нет: вход 1 492 000 KZT от 2, выход 300 000 KZT к 1; передано 20%.",0.4569,peripheral,43
100000002537811100,3,False,1,1,52000.0,15000.0,1,1,0.28846153846153844,False,0,11,0,2.6353531234482626e-05,0.0,0.0,0,0,0.0,,1,2026-07-09,2026-07-09,67000.0,0.6257159406223454,35977.6616580145,0.0001792426210737004,,peripheral,0.8,"Признаков роли нет: вход 52 000 KZT от 1, выход 15 000 KZT к 1; передано 29%.",0.4561,peripheral,11
100000008571443100,2,False,2,0,65000.0,0.0,2,0,0.0,False,0,7,0,0.0,0.0,0.0003125619274259747,0,0,,,1,2026-07-10,2026-07-22,65000.0,0.7824029264135506,54088.89240179625,0.00021371931294987607,,terminal,0.641,Признаки оседания: получил 65 000 KZT от 2 плательщиков; исходящих ≥5 000 KZT в наблюдаемой выборке 0.,0.4554,terminal,13
100000003001564100,1,False,1,1,23520.0,180000.0,1,1,7.653061224489796,False,1,7,0,1.922024458454748e-05,0.0,0.0002952416008836587,0,0,0.0,5.0,1,2026-07-03,2026-07-03,203520.0,1.0,23520.0,0.0008041605705004902,,peripheral,0.8,"Признаков роли нет: вход 23 520 KZT от 1, выход 180 000 KZT к 1; передано 765% (возможны поступления вне выборки).",0.4554,peripheral,7
100000002445750100,2,False,1,1,70000.0,10000.0,1,1,0.14285714285714285,False,0,7,0,1.9418391435934565e-05,0.0,0.0,0,0,0.0,,1,2026-07-05,2026-07-05,80000.0,0.8821419216544344,62291.41042426143,0.0002809853265224769,,peripheral,0.8,"Признаков роли нет: вход 70 000 KZT от 1, выход 10 000 KZT к 1; передано 14%.",0.4552,peripheral,1
100000003574895100,3,False,1,1,27968.0,20000.0,1,1,0.7151029748283753,False,0,7,0,1.922024458454748e-05,0.0,0.0029057815328092595,0,0,1.0,0.0,1,2026-07-21,2026-07-21,47968.0,0.6659430358381554,21161.771942255567,0.000136241967523063,,transit,0.915,"Признаки транзита: получил 27 968 KZT, передано 72%. 100% ушло в течение 2 дней после поступления.",0.4538,transit,1
100000008636603100,2,False,2,6,35460.0,159375.0,2,7,4.494500846023689,False,0,7,3,0.0034745654916701176,0.0002698626904667712,0.0006554121443288197,2,0,0.36941176470588233,2.0,1,2026-07-01,2026-07-02,194835.0,0.636220274441259,26018.693186116165,0.0001636776787857881,,peripheral,0.8,"Признаков роли нет: вход 35 460 KZT от 2, выход 159 375 KZT к 6; передано 449% (возможны поступления вне выборки).",0.4533,peripheral,10
100000003275398100,2,False,1,1,300000.0,20000.0,1,1,0.06666666666666667,False,0,1,0,0.0,2.3706310593553663e-179,1.797726136022499e-179,0,2,0.0,,1,2026-07-02,2026-07-02,320000.0,0.31658307503755523,104765.8783040988,0.0004280803660475923,,peripheral,0.8,"Признаков роли нет: вход 300 000 KZT от 1, выход 20 000 KZT к 1; передано 7%.",0.4533,peripheral,23
100000008759857100,3,False,1,2,5000.0,994000.0,1,3,198.8,False,0,9,0,7.299981620149681e-06,2.237312910230632e-06,3.5591269374705266e-07,0,0,0.0,4.0,1,2026-07-27,2026-07-27,999000.0,0.5209871392294793,2983.8671525226046,0.002116457840933599,,peripheral,0.8,"Признаков роли нет: вход 5 000 KZT от 1, выход 994 000 KZT к 2; передано 19880% (возможны поступления вне выборки).",0.4532,peripheral,19
100000004715209100,3,False,1,5,5000.0,350450.0,1,17,70.09,False,0,7,0,7.767356574373826e-05,7.552804228472387e-07,4.867829327536486e-08,1,0,0.127835639891568,5.0,1,2026-07-14,2026-07-14,355450.0,0.9753224389956983,4964.076968158295,0.001246863590763973,,peripheral,0.8,"Признаков роли нет: вход 5 000 KZT от 1, выход 350 450 KZT к 5; передано 7009% (возможны поступления вне выборки).",0.4523,peripheral,5
100000000945428100,1,False,1,0,89629.0,0.0,1,0,0.0,False,1,7,0,0.0,0.0,0.0021516815362503513,0,0,,,1,2026-07-15,2026-07-15,89629.0,1.0,89629.0,0.0003541475421255328,,peripheral,0.8,"Признаков роли нет: вход 89 629 KZT от 1, выход 0 KZT к 0; передано 0%.",0.4512,peripheral,1
100000005264990100,0,True,1,2,17070.0,122000.0,1,2,7.147041593438781,False,0,7,1,7.765375105859955e-05,4.642405447761473e-07,2.8874363102964077e-07,0,0,0.0,4.0,1,2026-07-10,2026-07-10,139070.0,1.0,10467.941379028529,0.0008869313472800697,,peripheral,0.8,"Признаков роли нет: вход 17 070 KZT от 1, выход 122 000 KZT к 2; передано 715% (возможны поступления вне выборки).",0.4512,peripheral,18
100000003235780100,1,False,2,0,65000.0,0.0,2,0,0.0,False,1,7,0,0.0,0.0,0.00505746306905961,0,0,,,1,2026-07-10,2026-07-12,65000.0,0.7430331044908888,52832.1151713665,0.0002087534585148136,,terminal,0.641,Признаки оседания: получил 65 000 KZT от 2 плательщиков; исходящих ≥5 000 KZT в наблюдаемой выборке 0.,0.4506,terminal,1
100000004030553100,4,False,1,0,70000.0,0.0,1,0,0.0,True,0,1,0,0.0,0.0,0.0,0,0,,,1,2026-07-17,2026-07-17,70000.0,0.8946973593964335,62628.815157750345,0.00024746277381593456,0.3038968866050204,truncated,1.0,"Граница обхода, глубина 4: исходящие не выгружены. Получил 70 000 KZT от 1; P(переводит дальше)=30%.",0.4505,peripheral,6
100000002516862100,4,False,1,0,81710.0,0.0,5,0,0.0,True,0,7,0,0.0,0.0,1.23619985386e-313,0,0,,,1,2026-07-05,2026-07-28,81710.0,0.4800907499107325,42952.97690628976,0.0001697184080858898,0.3286366267785275,truncated,1.0,"Граница обхода, глубина 4: исходящие не выгружены. Получил 81 710 KZT от 1; P(переводит дальше)=33%.",0.4496,peripheral,58
100000006532229100,3,False,1,0,105000.0,0.0,1,0,0.0,False,0,8,0,0.0,0.0,2.612568276300329e-07,0,0,,,1,2026-07-12,2026-07-12,105000.0,0.31231090742183704,36652.61884279112,0.00014482405109545723,,terminal,0.589,Признаки оседания: получил 105 000 KZT от 1 плательщиков; исходящих ≥5 000 KZT в наблюдаемой выборке 0.,0.4481,terminal,5
100000007472293100,3,False,1,3,5000.0,345900.0,1,3,69.18,False,0,9,0,4.8034099223753116e-05,7.694746733690466e-298,3.5591269374705266e-07,0,0,0.0,4.0,1,2026-07-27,2026-07-27,350900.0,0.5209871392294793,2983.8671525226046,0.0007238445538860431,,peripheral,0.8,"Признаков роли нет: вход 5 000 KZT от 1, выход 345 900 KZT к 3; передано 6918% (возможны поступления вне выборки).",0.4478,peripheral,46
100000005481280100,2,False,1,3,32700.0,50000.0,1,3,1.529051987767584,False,0,7,2,4.3660134496595575e-05,7.694746733690466e-298,3.5676348106616587e-05,0,0,0.34,1.0,1,2026-07-29,2026-07-29,82700.0,0.9795583123763397,32470.389023417672,0.0003218234823475317,,peripheral,0.8,"Признаков роли нет: вход 32 700 KZT от 1, выход 50 000 KZT к 3; передано 153% (возможны поступления вне выборки).",0.4478,peripheral,15
100000008335401100,2,False,1,0,150000.0,0.0,3,0,0.0,False,0,9,0,0.0,0.0,9.023756758629543e-290,0,0,,,1,2026-07-08,2026-07-08,150000.0,0.20926860449196816,32739.9919517154,0.00012936424236470012,,terminal,0.6,Признаки оседания: получил 150 000 KZT от 1 плательщиков; исходящих ≥5 000 KZT в наблюдаемой выборке 0.,0.4477,terminal,9
100000005815602100,3,False,1,1,20000.0,165000.0,1,1,8.25,False,0,7,0,1.9418391435934565e-05,0.0,0.0,0,0,0.0,19.0,1,2026-07-02,2026-07-02,185000.0,0.9961695382890275,19930.435202312132,0.0007282110541463307,,peripheral,0.8,"Признаков роли нет: вход 20 000 KZT от 1, выход 165 000 KZT к 1; передано 825% (возможны поступления вне выборки).",0.4471,peripheral,7
100000002729875100,4,False,1,0,76000.0,0.0,1,0,0.0,True,0,7,0,0.0,0.0,2.758273854900145e-06,0,0,,,1,2026-07-21,2026-07-21,76000.0,0.5245132233584058,41950.13207740884,0.00016575590676066044,0.3129123374024928,truncated,1.0,"Граница обхода, глубина 4: исходящие не выгружены. Получил 76 000 KZT от 1; P(переводит дальше)=31%.",0.4465,peripheral,9
100000003134550100,4,False,1,0,100000.0,0.0,1,0,0.0,True,0,8,0,0.0,0.0,4.916414278360674e-07,0,0,,,1,2026-07-17,2026-07-17,100000.0,0.23672686357039252,31231.090742183704,0.00012340218036839946,0.30579248986168284,truncated,1.0,"Граница обхода, глубина 4: исходящие не выгружены. Получил 100 000 KZT от 1; P(переводит дальше)=31%.",0.4465,peripheral,5
100000002934441100,1,False,2,0,60845.6,0.0,2,0,0.0,False,1,7,0,0.0,0.0,0.0027944971937982335,0,0,,,2,2026-07-02,2026-07-02,60845.6,0.7813568552244607,51100.08995717531,0.0002019097754156365,,terminal,0.64,Признаки оседания: получил 60 846 KZT от 2 плательщиков; исходящих ≥5 000 KZT в наблюдаемой выборке 0.,0.4465,terminal,1
100000002599729100,4,False,1,0,65000.0,0.0,2,0,0.0,True,0,7,0,0.0,0.0,0.0,0,0,,,1,2026-07-28,2026-07-29,65000.0,0.6424778096295601,43286.29732948009,0.0001710354439627991,0.3295891815298212,truncated,1.0,"Граница обхода, глубина 4: исходящие не выгружены. Получил 65 000 KZT от 1; P(переводит дальше)=33%.",0.4464,peripheral,1
100000005664922100,2,False,2,3,22000.0,537000.0,2,4,24.40909090909091,False,0,1,0,3.962937027741748e-06,5.779914828091009e-248,0.0,1,0,0.0,,1,2026-07-21,2026-07-27,559000.0,0.9973319786899802,21941.303531179565,0.0020570929364286707,,peripheral,0.8,"Признаков роли нет: вход 22 000 KZT от 2, выход 537 000 KZT к 3; передано 2441% (возможны поступления вне выборки).",0.4461,peripheral,22
100000002119762100,4,False,1,0,77000.0,0.0,6,0,0.0,True,0,7,0,0.0,0.0,0.0,0,0,,,1,2026-07-18,2026-07-20,77000.0,0.5119191887828877,41607.542209925654,0.00016440224489315606,0.3108254694422003,truncated,1.0,"Граница обхода, глубина 4: исходящие не выгружены. Получил 77 000 KZT от 1; P(переводит дальше)=31%.",0.4457,peripheral,8
100000002609774100,1,False,1,1,7700.0,27500.0,1,1,3.5714285714285716,False,1,7,0,0.0002797007929704895,1.2056204867677946e-05,0.0002952416008836587,0,0,0.0,,1,2026-07-19,2026-07-19,35200.0,1.0,7700.0,0.001606363626818524,,peripheral,0.8,"Признаков роли нет: вход 7 700 KZT от 1, выход 27 500 KZT к 1; передано 357% (возможны поступления вне выборки).",0.4449,peripheral,9
100000005546031100,1,False,3,1,66800.0,8000.0,6,1,0.11976047904191617,False,1,1,0,5.944405541612623e-07,0.0,3.0811822988060116e-283,1,6,1.0,2.0,2,2026-07-03,2026-07-07,74800.0,0.99645476875892,66673.08072156933,0.0011182445521629074,,peripheral,0.8,"Признаков роли нет: вход 66 800 KZT от 3, выход 8 000 KZT к 1; передано 12%.",0.4448,peripheral,47
100000006595426100,2,False,1,0,84800.0,0.0,3,0,0.0,False,0,7,0,0.0,0.0,5.310185056276238e-05,0,0,,,1,2026-07-09,2026-07-15,84800.0,1.0,84800.0,0.00033506690437520425,,peripheral,0.8,"Признаков роли нет: вход 84 800 KZT от 1, выход 0 KZT к 0; передано 0%.",0.4447,peripheral,1
100000008737514100,2,False,1,0,85000.0,0.0,1,0,0.0,False,0,7,0,0.0,0.0,3.5676348106616587e-05,0,0,,,1,2026-07-26,2026-07-26,85000.0,0.9795583123763396,84403.15189573402,0.00033349885407090764,,peripheral,0.8,"Признаков роли нет: вход 85 000 KZT от 1, выход 0 KZT к 0; передано 0%.",0.4444,peripheral,15
100000008193258100,3,False,1,1,75000.0,30000.0,2,1,0.4,False,0,7,0,1.922024458454748e-05,0.0,0.000233344615948652,0,0,0.0,8.0,1,2026-07-11,2026-07-16,105000.0,0.6610369390367882,51670.76464657026,0.00028252253752411187,,peripheral,0.8,"Признаков роли нет: вход 75 000 KZT от 1, выход 30 000 KZT к 1; передано 40%.",0.4439,peripheral,16
100000003125997100,4,False,1,0,87750.0,0.0,1,0,0.0,True,0,8,0,0.0,0.0,0.0,0,0,,,1,2026-07-27,2026-07-27,87750.0,0.28947101840359124,31405.815239630774,0.0001240925624024192,0.3268160068721224,truncated,1.0,"Граница обхода, глубина 4: исходящие не выгружены. Получил 87 750 KZT от 1; P(переводит дальше)=33%.",0.4438,peripheral,5
100000001052945100,3,False,1,3,56520.0,1595700.0,1,6,28.23248407643312,False,0,7,0,5.7660733753642434e-05,1.57847465707e-313,2.4413789354590045e-05,0,0,0.0,22.0,1,2026-07-03,2026-07-03,1652220.0,0.08962681696565522,6677.9366605641535,0.0005914857373289952,,peripheral,0.8,"Признаков роли нет: вход 56 520 KZT от 1, выход 1 595 700 KZT к 3; передано 2823% (возможны поступления вне выборки).",0.4435,peripheral,56
100000002600345100,1,False,2,0,52400.0,0.0,2,0,0.0,False,1,7,0,0.0,0.0,0.00031971674999889816,0,0,,,1,2026-07-06,2026-07-08,52400.0,0.9630001500412902,50892.38034145947,0.00020108906058139073,,terminal,0.638,Признаки оседания: получил 52 400 KZT от 2 плательщиков; исходящих ≥5 000 KZT в наблюдаемой выборке 0.,0.4423,terminal,7
100000001046057100,3,False,1,0,83420.0,0.0,1,0,0.0,False,0,7,0,0.0,0.0,4.867829327536486e-08,0,0,,,1,2026-07-05,2026-07-05,83420.0,0.975322438995698,82820.660136753,0.000327246016631189,,peripheral,0.8,"Признаков роли нет: вход 83 420 KZT от 1, выход 0 KZT к 0; передано 0%.",0.4421,peripheral,5
100000002633108100,3,False,1,0,320000.0,0.0,3,0,0.0,False,0,7,0,0.0,0.0,2.4413789354590045e-05,0,0,,,1,2026-07-04,2026-07-16,320000.0,0.08962681696565522,37808.5585877659,0.0001493914703406745,,terminal,0.642,Признаки оседания: получил 320 000 KZT от 1 плательщиков; исходящих ≥5 000 KZT в наблюдаемой выборке 0.,0.4418,terminal,14
100000007131370100,3,False,1,1,30000.0,30000.0,1,1,1.0,False,0,7,0,0.0,1.5429536631932864e-05,9.023756758629543e-290,1,0,0.0,,1,2026-07-29,2026-07-29,60000.0,0.6981348423440028,24563.867135333174,0.00014528344626867198,,transit,0.7,"Признаки транзита: получил 30 000 KZT, передано 100%. 0% ушло в течение 2 дней после поступления.",0.4418,transit,15
100000003739818100,1,False,1,0,57293.0,0.0,1,0,0.0,False,1,10,0,0.0,0.0,0.0004611679456476809,0,0,,,1,2026-07-21,2026-07-21,57293.0,1.0,57293.0,0.00022637957726849738,,peripheral,0.8,"Признаков роли нет: вход 57 293 KZT от 1, выход 0 KZT к 0; передано 0%.",0.4416,peripheral,3
100000002947299100,2,False,1,0,85000.0,0.0,1,0,0.0,False,0,9,0,0.0,0.0,0.0001427672909306537,0,0,,,1,2026-07-15,2026-07-15,85000.0,0.5957146489028127,56229.88046114824,0.0002221789148525644,,peripheral,0.8,"Признаков роли нет: вход 85 000 KZT от 1, выход 0 KZT к 0; передано 0%.",0.4415,peripheral,3
100000002645993100,3,False,2,5,49650.0,86980.0,4,9,1.7518630412890233,False,0,7,0,9.387624077821862e-05,0.0005629113569170797,0.0035485971903571416,2,0,1.0,0.0,2,2026-07-07,2026-07-07,136630.0,0.6087422876104961,35467.8269254811,-0.0013520076544139795,,transit,0.774,"Признаки транзита: получил 49 650 KZT, передано 175% (возможны поступления вне выборки). 100% ушло в течение 2 дней после поступления.",0.4413,transit,1
100000004549591100,4,False,1,0,49000.0,0.0,1,0,0.0,True,0,7,0,0.0,0.0,7.983534595344914e-303,0,0,,,1,2026-07-20,2026-07-20,49000.0,0.8983703703703704,44020.148148148146,0.00017393507983653596,0.30840249666226127,truncated,1.0,"Граница обхода, глубина 4: исходящие не выгружены. Получил 49 000 KZT от 1; P(переводит дальше)=31%.",0.4411,peripheral,36
100000002877262100,3,False,1,0,100000.0,0.0,1,0,0.0,False,0,8,0,0.0,0.0,2.612568276300329e-07,0,0,,,1,2026-07-13,2026-07-13,100000.0,0.31231090742183704,34907.25604075345,0.0001379276677099929,,terminal,0.588,Признаки оседания: получил 100 000 KZT от 1 плательщиков; исходящих ≥5 000 KZT в наблюдаемой выборке 0.,0.4411,terminal,5
100000005409680100,0,True,2,0,55060.0,0.0,2,0,0.0,False,0,9,0,0.0,0.0,3.582520483453153e-05,0,0,,,1,2026-07-01,2026-07-02,55060.0,1.0,36263.12466210128,0.00014328505806016978,,terminal,0.639,Признаки оседания: получил 55 060 KZT от 2 плательщиков; исходящих ≥5 000 KZT в наблюдаемой выборке 0.,0.4407,terminal,17
100000008174521100,2,False,1,0,82110.0,0.0,1,0,0.0,False,0,7,0,0.0,0.0,1.7907846980216076e-06,0,0,,,1,2026-07-25,2026-07-25,82110.0,0.9973679998407045,81945.71036456377,0.0003237888620127002,,peripheral,0.8,"Признаков роли нет: вход 82 110 KZT от 1, выход 0 KZT к 0; передано 0%.",0.4406,peripheral,7
100000003942602100,1,False,1,1,30000.0,30000.0,1,1,1.0,False,1,1,1,0.0,3.300043693840602e-13,5.95500058530398e-11,1,1,1.0,0.0,1,2026-07-09,2026-07-09,60000.0,1.0,30000.0,0.0002370756398881162,,transit,1.0,"Признаки транзита: получил 30 000 KZT, передано 100%. 100% ушло в течение 2 дней после поступления.",0.4404,transit,2
100000001346560100,2,False,2,1,10000.0,22200.0,2,1,2.22,False,0,11,0,2.5759090680321364e-05,0.0,2.2212782000559444e-253,0,0,1.0,2.0,1,2026-07-19,2026-07-29,32200.0,0.6971188176407319,7309.690168524638,9.003235044986514e-05,,transit,0.7,"Признаки транзита: получил 10 000 KZT, передано 222% (возможны поступления вне выборки). 100% ушло в течение 2 дней после поступления.",0.4404,transit,3
100000008665380100,1,False,2,1,69100.0,18200.0,2,1,0.2633863965267728,False,1,7,0,1.922024458454748e-05,0.0,0.00505746306905961,0,0,1.0,1.0,1,2026-07-06,2026-07-09,87300.0,0.7142870248630243,54717.560132555205,0.00026756982591559096,,peripheral,0.8,"Признаков роли нет: вход 69 100 KZT от 2, выход 18 200 KZT к 1; передано 26%.",0.44,peripheral,1
100000003636627100,3,False,1,1,77000.0,10000.0,8,1,0.12987012987012986,False,0,7,0,0.0,1.2423235033245027e-05,0.0,1,0,0.0,3.0,1,2026-07-03,2026-07-30,87000.0,0.961249343305672,74614.53196902119,0.00033280293238446915,,peripheral,0.8,"Признаков роли нет: вход 77 000 KZT от 1, выход 10 000 KZT к 1; передано 13%.",0.439,peripheral,4
100000002457464100,2,False,1,0,66647.0,0.0,1,0,0.0,False,0,8,0,0.0,0.0,2.8321519604650354e-232,0,0,,,1,2026-07-25,2026-07-25,66647.0,0.8986314514440022,61509.591167995975,0.00024304042809011328,,peripheral,0.8,"Признаков роли нет: вход 66 647 KZT от 1, выход 0 KZT к 0; передано 0%.",0.4382,peripheral,3
100000007042175100,4,False,1,0,60000.0,0.0,1,0,0.0,True,0,7,0,0.0,0.0,0.0,0,0,,,1,2026-07-13,2026-07-13,60000.0,0.6465041848781306,40010.013768148165,0.00015808999360022167,0.2946546825243988,truncated,1.0,"Граница обхода, глубина 4: исходящие не выгружены. Получил 60 000 KZT от 1; P(переводит дальше)=29%.",0.438,peripheral,1
100000001650895100,3,False,1,1,153500.0,10000.0,1,1,0.06514657980456026,False,0,9,0,2.19943005039667e-05,0.0,5.689711552130549e-08,0,0,0.0,,1,2026-07-19,2026-07-19,163500.0,0.16084449531770362,32122.73078951711,0.0001332806678897134,,peripheral,0.8,"Признаков роли нет: вход 153 500 KZT от 1, выход 10 000 KZT к 1; передано 7%.",0.437,peripheral,9
100000003207060100,4,False,1,0,53000.0,0.0,1,0,0.0,True,0,7,0,0.0,0.0,5.04730745361861e-07,0,0,,,1,2026-07-06,2026-07-06,53000.0,0.7465035198821421,40250.51885597097,0.00015904029189342016,0.27961771672730784,truncated,1.0,"Граница обхода, глубина 4: исходящие не выгружены. Получил 53 000 KZT от 1; P(переводит дальше)=28%.",0.4359,peripheral,1
100000002505277100,4,False,1,0,60000.0,0.0,1,0,0.0,True,0,7,0,0.0,0.0,0.0,0,0,,,1,2026-07-08,2026-07-08,60000.0,0.6424778096295601,39956.582150289316,0.00015787887135033043,0.2843178223486593,truncated,1.0,"Граница обхода, глубина 4: исходящие не выгружены. Получил 60 000 KZT от 1; P(переводит дальше)=28%.",0.4358,peripheral,1
100000001733216100,4,False,1,0,60000.0,0.0,2,0,0.0,True,0,7,0,0.0,0.0,0.0,0,0,,,1,2026-07-22,2026-07-22,60000.0,0.6424778096295601,39956.582150289316,0.00015787887135033043,0.31379958047627304,truncated,1.0,"Граница обхода, глубина 4: исходящие не выгружены. Получил 60 000 KZT от 1; P(переводит дальше)=31%.",0.4358,peripheral,1
100000004066370100,4,False,1,0,65000.0,0.0,2,0,0.0,True,0,1,0,0.0,0.0,1.148544469993621e-281,0,0,,,1,2026-07-15,2026-07-17,65000.0,0.8345131208961861,54243.352858252096,0.00021432962647575666,0.30350386124634615,truncated,1.0,"Граница обхода, глубина 4: исходящие не выгружены. Получил 65 000 KZT от 1; P(переводит дальше)=30%.",0.4351,peripheral,35
100000002432143100,2,False,1,0,81310.0,0.0,1,0,0.0,False,0,9,0,0.0,0.0,0.0001427672909306537,0,0,,,1,2026-07-08,2026-07-08,81310.0,0.5957146489028127,53788.84212112898,0.0002125337360784399,,peripheral,0.8,"Признаков роли нет: вход 81 310 KZT от 1, выход 0 KZT к 0; передано 0%.",0.4347,peripheral,3
100000005628518100,3,False,1,0,77000.0,0.0,3,0,0.0,False,0,7,0,0.0,0.0,0.0,0,0,,,1,2026-07-06,2026-07-25,77000.0,1.0,77000.0,0.00030424707118974914,,peripheral,0.8,"Признаков роли нет: вход 77 000 KZT от 1, выход 0 KZT к 0; передано 0%.",0.4338,peripheral,17
100000008757301100,4,False,1,0,58398.0,0.0,3,0,0.0,True,0,7,0,0.0,0.0,0.0,0,0,,,1,2026-07-25,2026-07-27,58398.0,0.6566599498858339,39072.91909614021,0.00015438728828357455,0.3245731627166379,truncated,1.0,"Граница обхода, глубина 4: исходящие не выгружены. Получил 58 398 KZT от 1; P(переводит дальше)=32%.",0.4332,peripheral,1
100000001554432100,1,False,1,0,53920.0,0.0,1,0,0.0,False,1,10,0,0.0,0.0,0.0004611679456476809,0,0,,,1,2026-07-24,2026-07-24,53920.0,1.0,53920.0,0.00021305197504612044,,peripheral,0.8,"Признаков роли нет: вход 53 920 KZT от 1, выход 0 KZT к 0; передано 0%.",0.4331,peripheral,3
100000002513028100,3,False,1,3,9500.0,332709.0,1,24,35.022,False,0,7,0,6.063293652444875e-05,1.57847465707e-313,2.3891283228991376e-05,0,0,0.0,,1,2026-07-31,2026-07-31,342209.0,0.5256758891970353,5929.2658861936025,0.0007144921043888957,,peripheral,0.8,"Признаков роли нет: вход 9 500 KZT от 1, выход 332 709 KZT к 3; передано 3502% (возможны поступления вне выборки).",0.4329,peripheral,58
100000002550141100,3,False,1,0,100586.0,0.0,1,0,0.0,False,0,7,0,0.0,0.0,0.0001302803722324665,0,0,,,1,2026-07-10,2026-07-10,100586.0,0.34642937421986486,41700.677785912456,0.0001647702478310193,,terminal,0.588,Признаки оседания: получил 100 586 KZT от 1 плательщиков; исходящих ≥5 000 KZT в наблюдаемой выборке 0.,0.4328,terminal,6
100000008349740100,4,False,1,0,70000.0,0.0,2,0,0.0,True,0,7,0,0.0,0.0,2.3749511394193016e-243,0,0,,,1,2026-07-07,2026-07-10,70000.0,0.5119191887828877,37825.038372659685,0.00014945658626653764,0.2892203801552813,truncated,1.0,"Граница обхода, глубина 4: исходящие не выгружены. Получил 70 000 KZT от 1; P(переводит дальше)=29%.",0.4328,peripheral,34
100000007867364100,4,False,1,0,41852.0,0.0,1,0,0.0,True,0,7,0,0.0,0.0,1.23619985386e-313,0,0,,,1,2026-07-06,2026-07-06,41852.0,1.0,41852.0,0.00016536816134329066,0.2784263002730444,truncated,1.0,"Граница обхода, глубина 4: исходящие не выгружены. Получил 41 852 KZT от 1; P(переводит дальше)=28%.",0.4323,peripheral,17
100000003321423100,2,False,1,0,100000.0,0.0,2,0,0.0,False,0,8,0,0.0,0.0,1.6242871664535988e-281,0,0,,,1,2026-07-15,2026-07-30,100000.0,0.3235764769337134,32357.64769337134,0.00012785350053631545,,terminal,0.588,Признаки оседания: получил 100 000 KZT от 1 плательщиков; исходящих ≥5 000 KZT в наблюдаемой выборке 0.,0.4315,terminal,11
100000003246024100,2,False,1,1,25000.0,5000.0,1,1,0.2,False,0,7,0,0.0016116905777033756,0.0,0.0,0,0,1.0,0.0,1,2026-07-03,2026-07-03,30000.0,0.5395597702228881,14125.49470766871,0.0004957831468999093,,peripheral,0.8,"Признаков роли нет: вход 25 000 KZT от 1, выход 5 000 KZT к 1; передано 20%.",0.4315,peripheral,1
100000005308954100,3,False,1,1,69020.0,30000.0,1,1,0.43465662126919735,False,0,7,0,1.981468513870874e-05,0.0,1.0123575345997096e-05,0,0,0.0,5.0,1,2026-07-06,2026-07-06,99020.0,0.5099073570070952,42678.39583004029,0.00022907677315314287,,peripheral,0.8,"Признаков роли нет: вход 69 020 KZT от 1, выход 30 000 KZT к 1; передано 43%.",0.4312,peripheral,7
100000005620225100,1,False,2,0,49845.66,0.0,2,0,0.0,False,1,7,0,0.0,0.0,0.0027944971937982335,0,0,,,1,2026-07-02,2026-07-03,49845.66,0.9362037344850997,47516.163095124786,0.00018774874618004774,,terminal,0.637,Признаки оседания: получил 49 846 KZT от 2 плательщиков; исходящих ≥5 000 KZT в наблюдаемой выборке 0.,0.4306,terminal,1
100000003037660100,1,False,1,0,53000.0,0.0,1,0,0.0,False,1,10,0,0.0,0.0,0.0004611679456476809,0,0,,,1,2026-07-23,2026-07-23,53000.0,1.0,53000.0,0.00020941681523450266,,peripheral,0.8,"Признаков роли нет: вход 53 000 KZT от 1, выход 0 KZT к 0; передано 0%.",0.4301,peripheral,3
100000002733905100,2,False,3,2,100000.0,717839.0,5,3,7.17839,False,0,1,0,1.7833216624837866e-06,3.300043693840602e-13,7.753396952778706e-13,2,1,0.3273714579453053,0.0,2,2026-07-01,2026-07-24,817839.0,0.26417739976173726,26936.110858485896,0.0008557361836346558,,peripheral,0.8,"Признаков роли нет: вход 100 000 KZT от 3, выход 717 839 KZT к 2; передано 718% (возможны поступления вне выборки).",0.4291,peripheral,2
100000003247600100,4,False,1,0,58000.0,0.0,1,0,0.0,True,0,7,0,0.0,0.0,0.0,0,0,,,1,2026-07-13,2026-07-13,58000.0,0.5894108421294608,37803.18753980503,0.00014937024793008753,0.2944780087260897,truncated,1.0,"Граница обхода, глубина 4: исходящие не выгружены. Получил 58 000 KZT от 1; P(переводит дальше)=29%.",0.429,peripheral,3
100000003221510100,3,False,1,2,24000.0,120000.0,1,3,5.0,False,0,7,0,3.844048916909496e-05,0.0,0.0029057815328092595,0,0,0.0,,1,2026-07-23,2026-07-23,144000.0,0.6659430358381553,18159.415282255923,0.00038751032600133404,,peripheral,0.8,"Признаков роли нет: вход 24 000 KZT от 1, выход 120 000 KZT к 2; передано 500% (возможны поступления вне выборки).",0.4289,peripheral,1
100000002193259100,2,False,2,3,48000.0,58000.0,2,3,1.2083333333333333,False,0,8,0,6.43977267008034e-05,5.5013827568402305e-05,8.085030393836755e-298,2,0,0.6896551724137931,6.0,1,2026-07-08,2026-07-09,106000.0,0.08835795596987636,6105.036211576172,4.2537321644407366e-05,,transit,0.844,"Признаки транзита: получил 48 000 KZT, передано 121%. 69% ушло в течение 2 дней после поступления.",0.4281,transit,10
100000002214301100,1,False,1,1,21438.0,8000.0,1,1,0.373169138912212,False,1,7,0,9.610122292273739e-05,0.0,0.0021516815362503513,0,0,0.0,19.0,1,2026-07-01,2026-07-01,29438.0,1.0,21438.0,0.0004358923923035122,,peripheral,0.8,"Признаков роли нет: вход 21 438 KZT от 1, выход 8 000 KZT к 1; передано 37%.",0.4281,peripheral,1
100000002748180100,1,False,1,8,9900.0,679743.0,1,9,68.66090909090909,False,1,1,0,8.52031460964476e-06,2.1937427466282953e-06,1.0100033243240566e-05,0,0,0.26480596343029644,17.0,1,2026-07-14,2026-07-14,689643.0,1.0,9900.0,0.007166774348416883,,peripheral,0.8,"Признаков роли нет: вход 9 900 KZT от 1, выход 679 743 KZT к 8; передано 6866% (возможны поступления вне выборки).",0.428,peripheral,12
100000003664994100,4,False,1,0,338271.0,0.0,2,0,0.0,True,0,7,0,0.0,0.0,1.207235573201223e-06,0,0,,,1,2026-07-19,2026-07-21,338271.0,0.07778562808639837,28470.341697539356,0.00011249374126297546,0.3210191036757798,truncated,1.0,"Граница обхода, глубина 4: исходящие не выгружены. Получил 338 271 KZT от 1; P(переводит дальше)=32%.",0.428,peripheral,40
100000008070101100,3,False,1,0,100000.0,0.0,1,0,0.0,False,0,8,0,0.0,0.0,1.966214550791006e-06,0,0,,,1,2026-07-29,2026-07-29,100000.0,0.252348005014537,31551.137146463938,0.00012466676713651195,,terminal,0.588,Признаки оседания: получил 100 000 KZT от 1 плательщиков; исходящих ≥5 000 KZT в наблюдаемой выборке 0.,0.428,terminal,5
100000003677936100,3,False,1,1,71000.0,13000.0,1,2,0.18309859154929578,False,0,7,0,1.922024458454748e-05,0.0,0.00010831189501834011,0,0,0.46153846153846156,8.5,1,2026-07-05,2026-07-05,84000.0,0.6306110844025657,50863.53970385838,0.00023336731774811008,,peripheral,0.8,"Признаков роли нет: вход 71 000 KZT от 1, выход 13 000 KZT к 1; передано 18%.",0.428,peripheral,4
100000008571243100,3,False,1,0,134000.0,0.0,1,0,0.0,False,0,9,0,0.0,0.0,5.689711552130549e-08,0,0,,,1,2026-07-19,2026-07-19,134000.0,0.16084449531770362,28041.993001923733,0.00011080122391120827,,terminal,0.596,Признаки оседания: получил 134 000 KZT от 1 плательщиков; исходящих ≥5 000 KZT в наблюдаемой выборке 0.,0.4272,terminal,9
100000001737722100,2,False,1,0,60460.0,0.0,1,0,0.0,False,0,8,0,0.0,0.0,2.8321519604650354e-232,0,0,,,1,2026-07-24,2026-07-24,60460.0,0.8986314514440022,55799.50908543575,0.00022047840536458342,,peripheral,0.8,"Признаков роли нет: вход 60 460 KZT от 1, выход 0 KZT к 0; передано 0%.",0.4271,peripheral,3
100000005189258100,4,False,1,0,50000.0,0.0,1,0,0.0,True,0,7,0,0.0,0.0,4.837478286409815e-05,0,0,,,1,2026-07-16,2026-07-16,50000.0,0.7578758054241378,38391.257894484486,0.00015169386719075012,0.2999995907399953,truncated,1.0,"Граница обхода, глубина 4: исходящие не выгружены. Получил 50 000 KZT от 1; P(переводит дальше)=30%.",0.4269,peripheral,1
100000003917461100,3,False,1,2,10000.0,140000.0,1,5,14.0,False,0,9,0,2.0210978841482916e-05,1.5362965042255266e-289,1.23619985386e-313,1,0,0.07142857142857142,0.0,1,2026-07-30,2026-07-30,150000.0,0.8063323490623926,8191.92886264042,0.0004673663193580032,,peripheral,0.8,"Признаков роли нет: вход 10 000 KZT от 1, выход 140 000 KZT к 2; передано 1400% (возможны поступления вне выборки).",0.4259,peripheral,10
100000005904580100,2,False,2,0,72000.0,0.0,2,0,0.0,False,0,7,0,0.0,0.0,6.845419609867219e-06,0,0,,,2,2026-07-01,2026-07-01,72000.0,0.5511607256395812,42292.46569352648,0.00016710855611222621,,terminal,0.643,Признаки оседания: получил 72 000 KZT от 2 плательщиков; исходящих ≥5 000 KZT в наблюдаемой выборке 0.,0.4257,terminal,10
100000008379273100,3,False,2,4,36000.0,38000.0,2,4,1.0555555555555556,False,0,7,0,0.0017005148871402581,0.00011632381631665593,3.3989760686401816e-06,0,0,0.0,3.0,1,2026-07-03,2026-07-14,74000.0,0.6176339429024288,23001.75322060794,-2.9470187936081432e-05,,transit,0.683,"Признаки транзита: получил 36 000 KZT, передано 106%. 0% ушло в течение 2 дней после поступления.",0.4249,transit,9
100000006952718100,1,False,1,0,71489.0,0.0,1,0,0.0,False,1,7,0,0.0,0.0,0.0002952416008836587,0,0,,,1,2026-07-16,2026-07-16,71489.0,1.0,71489.0,0.00028247167366602565,,peripheral,0.8,"Признаков роли нет: вход 71 489 KZT от 1, выход 0 KZT к 0; передано 0%.",0.4244,peripheral,7
100000001052789100,3,False,1,0,70975.0,0.0,1,0,0.0,False,0,7,0,0.0,0.0,8.448073037865009e-05,0,0,,,1,2026-07-23,2026-07-23,70975.0,1.0,70975.0,0.00028044072568431745,,peripheral,0.8,"Признаков роли нет: вход 70 975 KZT от 1, выход 0 KZT к 0; передано 0%.",0.4234,peripheral,17
100000008352542100,2,False,1,0,50220.0,0.0,1,0,0.0,False,0,10,0,0.0,0.0,9.977809130351899e-07,0,0,,,1,2026-07-18,2026-07-18,50220.0,1.0,50220.0,0.00019843231058635328,,peripheral,0.8,"Признаков роли нет: вход 50 220 KZT от 1, выход 0 KZT к 0; передано 0%.",0.423,peripheral,3
100000002692044100,1,False,1,0,97000.0,0.0,1,0,0.0,False,1,1,0,0.0,0.0,1.0100033243240566e-05,0,0,,,1,2026-07-12,2026-07-12,97000.0,1.0,97000.0,0.0003832722844857879,,peripheral,0.8,"Признаков роли нет: вход 97 000 KZT от 1, выход 0 KZT к 0; передано 0%.",0.4218,peripheral,10
100000006704530100,3,False,1,3,450500.0,428000.0,1,5,0.9500554938956715,False,0,7,0,5.8849614861964964e-05,1.57847465707e-313,2.8321519604650354e-232,0,0,0.0,3.0,1,2026-07-16,2026-07-16,878500.0,0.007983762130823174,5791.745815965965,3.638635343644154e-05,,transit,0.685,"Признаки транзита: получил 450 500 KZT, передано 95%. 0% ушло в течение 2 дней после поступления.",0.4218,transit,25
100000006901046100,2,False,1,1,75800.0,5500.0,3,1,0.07255936675461741,False,0,7,0,0.0,0.0001371676154569457,0.0,1,0,1.0,1.0,1,2026-07-27,2026-07-30,81300.0,0.8740013445548086,66303.84452293403,0.00028097751202407805,,peripheral,0.8,"Признаков роли нет: вход 75 800 KZT от 1, выход 5 500 KZT к 1; передано 7%.",0.4211,peripheral,7
100000008760098100,3,False,1,1,7000.0,390000.0,1,1,55.714285714285715,False,0,9,0,7.299981620149681e-06,5.714558292762825e-07,3.5591269374705266e-07,0,0,0.0,4.0,1,2026-07-27,2026-07-27,397000.0,0.5209871392294793,4177.414013531647,0.0008414551313246135,,peripheral,0.8,"Признаков роли нет: вход 7 000 KZT от 1, выход 390 000 KZT к 1; передано 5571% (возможны поступления вне выборки).",0.4208,peripheral,19
100000003476560100,1,False,1,0,50000.0,0.0,1,0,0.0,False,1,10,0,0.0,0.0,0.0004611679456476809,0,0,,,1,2026-07-15,2026-07-15,50000.0,1.0,50000.0,0.00019756303324009684,,peripheral,0.8,"Признаков роли нет: вход 50 000 KZT от 1, выход 0 KZT к 0; передано 0%.",0.4205,peripheral,3
100000003823811100,2,False,1,3,30000.0,66130.0,1,3,2.2043333333333335,False,0,7,3,0.00012452339757262028,1.5493915147620894e-05,1.8751204579046785e-06,0,0,0.0,,1,2026-07-19,2026-07-19,96130.0,0.6132361674884903,18486.04405362747,0.0002332798684808757,,peripheral,0.8,"Признаков роли нет: вход 30 000 KZT от 1, выход 66 130 KZT к 3; передано 220% (возможны поступления вне выборки).",0.4205,peripheral,18
100000001194266100,1,False,1,0,50000.0,0.0,1,0,0.0,False,1,10,0,0.0,0.0,0.0004611679456476809,0,0,,,1,2026-07-24,2026-07-24,50000.0,1.0,50000.0,0.00019756303324009684,,peripheral,0.8,"Признаков роли нет: вход 50 000 KZT от 1, выход 0 KZT к 0; передано 0%.",0.4205,peripheral,3
100000005053653100,2,False,2,1,63073.0,25000.0,2,1,0.3963661154535221,False,0,7,0,1.922024458454748e-05,0.0,0.0004189407537542191,0,0,0.0,,1,2026-07-11,2026-07-13,88073.0,0.6414027380513405,44002.32299485513,0.00023722338323846264,,peripheral,0.8,"Признаков роли нет: вход 63 073 KZT от 2, выход 25 000 KZT к 1; передано 40%.",0.4199,peripheral,13
100000002983426100,3,False,1,0,88945.0,0.0,1,0,0.0,False,0,7,0,0.0,0.0,6.407022137400362e-07,0,0,,,1,2026-07-06,2026-07-06,88945.0,0.7340348423324576,66498.8663677857,0.0002627543549329577,,peripheral,0.8,"Признаков роли нет: вход 88 945 KZT от 1, выход 0 KZT к 0; передано 0%.",0.4198,peripheral,9
100000001848426100,2,False,1,0,95530.0,0.0,1,0,0.0,False,0,1,0,0.0,0.0,2.8721411760945644e-05,0,0,,,1,2026-07-28,2026-07-28,95530.0,1.0,95530.0,0.000377463931308529,,peripheral,0.8,"Признаков роли нет: вход 95 530 KZT от 1, выход 0 KZT к 0; передано 0%.",0.4196,peripheral,4
100000004261340100,4,False,1,0,48500.0,0.0,4,0,0.0,True,0,7,0,0.0,0.0,2.07017589941017e-05,0,0,,,1,2026-07-01,2026-07-09,48500.0,0.7318847847327838,36456.22746444534,0.0001440480575673039,0.28527834550381,truncated,1.0,"Граница обхода, глубина 4: исходящие не выгружены. Получил 48 500 KZT от 1; P(переводит дальше)=29%.",0.4189,peripheral,1
100000005911352100,2,False,2,3,15000.0,24000.0,2,3,1.6,False,0,7,0,9.7488250882447e-05,1.57847465707e-313,1.1290422900411576e-302,1,0,0.0,5.0,1,2026-07-22,2026-07-25,39000.0,0.9525728395061728,14288.592592592591,0.0005159590127671035,,peripheral,0.8,"Признаков роли нет: вход 15 000 KZT от 2, выход 24 000 KZT к 3; передано 160% (возможны поступления вне выборки).",0.4186,peripheral,36
100000008422226100,3,False,1,0,87450.0,0.0,1,0,0.0,False,0,7,0,0.0,0.0,0.0029057815328092595,0,0,,,1,2026-07-03,2026-07-03,87450.0,0.6659430358381553,66168.36943472002,0.00026144847540146945,,peripheral,0.8,"Признаков роли нет: вход 87 450 KZT от 1, выход 0 KZT к 0; передано 0%.",0.4186,peripheral,1
100000000583220100,3,False,1,1,5000.0,761255.0,1,4,152.251,False,0,7,0,1.9616538287321655e-05,0.0,4.259945964858586e-08,0,0,0.052544810871521366,2.0,1,2026-07-26,2026-07-26,766255.0,0.47627768087749817,2581.020269497577,0.001442801987075294,,peripheral,0.8,"Признаков роли нет: вход 5 000 KZT от 1, выход 761 255 KZT к 1; передано 15225% (возможны поступления вне выборки).",0.4174,peripheral,66
100000003073398100,2,False,1,0,92960.0,0.0,1,0,0.0,False,0,1,0,0.0,0.0,2.8721411760945644e-05,0,0,,,1,2026-07-30,2026-07-30,92960.0,1.0,92960.0,0.00036730919139998805,,peripheral,0.8,"Признаков роли нет: вход 92 960 KZT от 1, выход 0 KZT к 0; передано 0%.",0.4158,peripheral,4
100000003292979100,2,False,1,0,48950.0,0.0,1,0,0.0,False,0,10,0,0.0,0.0,9.977809130351899e-07,0,0,,,1,2026-07-18,2026-07-18,48950.0,1.0,48950.0,0.0001934142095420548,,peripheral,0.8,"Признаков роли нет: вход 48 950 KZT от 1, выход 0 KZT к 0; передано 0%.",0.4156,peripheral,3
100000003975102100,0,True,1,2,25650.0,88500.0,1,2,3.4502923976608186,False,0,7,2,5.914683513904559e-06,4.6427046275323924e-07,7.33291794314557e-257,0,0,0.3615819209039548,1.0,1,2026-07-20,2026-07-20,114150.0,1.0,25648.678112847476,0.0004510311817663815,,peripheral,0.8,"Признаков роли нет: вход 25 650 KZT от 1, выход 88 500 KZT к 2; передано 345% (возможны поступления вне выборки).",0.4152,peripheral,7
100000003843844100,3,False,1,1,16680.0,238000.0,1,1,14.268585131894485,False,0,7,0,1.922024458454748e-05,0.0,0.00025946007686321234,0,0,0.0,9.0,1,2026-07-02,2026-07-02,254680.0,0.6464047554220197,12130.068131549036,0.000655808117775839,,peripheral,0.8,"Признаков роли нет: вход 16 680 KZT от 1, выход 238 000 KZT к 1; передано 1427% (возможны поступления вне выборки).",0.4152,peripheral,13
100000002257794100,3,False,1,0,154000.0,0.0,1,0,0.0,False,0,1,0,0.0,0.0,0.0,0,2,,,1,2026-07-13,2026-07-13,154000.0,0.271376746213596,48003.093583761765,0.0001896727354663276,,terminal,0.601,Признаки оседания: получил 154 000 KZT от 1 плательщиков; исходящих ≥5 000 KZT в наблюдаемой выборке 0.,0.4151,terminal,23
100000002926970100,3,False,1,0,85000.0,0.0,1,0,0.0,False,0,7,0,0.0,0.0,6.407022137400362e-07,0,0,,,1,2026-07-09,2026-07-09,85000.0,0.7340348423324576,63549.425389418,0.00025110034481193755,,peripheral,0.8,"Признаков роли нет: вход 85 000 KZT от 1, выход 0 KZT к 0; передано 0%.",0.415,peripheral,9
100000001648936100,2,False,1,0,92740.0,0.0,1,0,0.0,False,0,1,0,0.0,0.0,2.8721411760945644e-05,0,0,,,1,2026-07-29,2026-07-29,92740.0,1.0,92740.0,0.0003664399140537316,,peripheral,0.8,"Признаков роли нет: вход 92 740 KZT от 1, выход 0 KZT к 0; передано 0%.",0.4148,peripheral,4
100000003239379100,1,False,1,0,92500.0,0.0,1,0,0.0,False,1,1,0,0.0,0.0,1.0100033243240566e-05,0,0,,,1,2026-07-12,2026-07-12,92500.0,1.0,92500.0,0.00036549161149417915,,peripheral,0.8,"Признаков роли нет: вход 92 500 KZT от 1, выход 0 KZT к 0; передано 0%.",0.4145,peripheral,10
100000002778085100,1,False,1,0,66208.0,0.0,1,0,0.0,False,1,7,0,0.0,0.0,0.0002952416008836587,0,0,,,1,2026-07-04,2026-07-04,66208.0,1.0,66208.0,0.00026160506609520666,,peripheral,0.8,"Признаков роли нет: вход 66 208 KZT от 1, выход 0 KZT к 0; передано 0%.",0.4135,peripheral,7
100000008583971100,4,False,2,0,51000.0,0.0,2,0,0.0,True,0,7,0,0.0,0.0,3.832291789534168e-05,0,0,,,1,2026-07-23,2026-07-28,51000.0,0.6536010568893825,34088.56329533976,0.0001346927992684666,0.4944359358166338,truncated,1.0,"Граница обхода, глубина 4: исходящие не выгружены. Получил 51 000 KZT от 2; P(переводит дальше)=49%.",0.4124,peripheral,1
100000004160650100,2,False,2,10,75100.0,1489827.0,4,40,19.83790945406125,False,0,1,1,5.34996498745136e-06,2.1922624762908352e-178,2.3673077947799534e-179,12,2,0.8165223210480143,1.0,1,2026-07-23,2026-07-30,1564927.0,0.38892062466362826,31676.072873909598,-0.00026602507952953983,,distributor,0.5,"Признаки раздачи: 10 получателей против 2 плательщиков, отправил 1 489 827 KZT в 40 переводах.",0.4122,distributor,23
100000005386383100,0,True,2,1,37500.0,29000.0,2,1,0.7733333333333333,False,0,7,1,2.852323925717123e-05,4.605582209465205e-07,8.085030393836755e-298,0,0,0.0,,2,2026-07-24,2026-07-24,66500.0,1.0,29903.788796549175,0.00023274422367958563,,peripheral,0.8,"Признаков роли нет: вход 37 500 KZT от 2, выход 29 000 KZT к 1; передано 77%.",0.4122,peripheral,18
100000008629581100,2,False,1,0,54184.0,0.0,1,0,0.0,False,0,8,0,0.0,0.0,2.8321519604650354e-232,0,0,,,1,2026-07-27,2026-07-27,54184.0,0.8986314514440022,50007.28746750332,0.0001975918279238132,,peripheral,0.8,"Признаков роли нет: вход 54 184 KZT от 1, выход 0 KZT к 0; передано 0%.",0.4118,peripheral,3
100000002970466100,3,False,1,2,23317.0,93000.0,1,3,3.9885062400823434,False,0,7,0,3.844048916909496e-05,0.0,0.0029057815328092595,0,0,0.43010752688172044,3.0,1,2026-07-22,2026-07-22,116317.0,0.6659430358381553,17642.628589015054,0.00031442287496060795,,peripheral,0.8,"Признаков роли нет: вход 23 317 KZT от 1, выход 93 000 KZT к 2; передано 399% (возможны поступления вне выборки).",0.4117,peripheral,1
100000005142492100,3,False,1,1,10000.0,57000.0,1,1,5.7,False,0,7,0,0.0,1.3505684050881796e-05,0.0,1,0,1.0,0.0,1,2026-07-28,2026-07-28,67000.0,0.7928253825221381,8253.7931090539,0.00021117449368409104,,transit,0.7,"Признаки транзита: получил 10 000 KZT, передано 570% (возможны поступления вне выборки). 100% ушло в течение 2 дней после поступления.",0.4117,transit,4
100000003044431100,2,False,2,0,60000.0,0.0,2,0,0.0,False,0,7,0,0.0,0.0,0.003099654633205106,0,0,,,1,2026-07-07,2026-07-10,60000.0,0.5879789588186917,38475.124513917515,0.00015202524606522513,,terminal,0.64,Признаки оседания: получил 60 000 KZT от 2 плательщиков; исходящих ≥5 000 KZT в наблюдаемой выборке 0.,0.4116,terminal,3
100000002511825100,1,False,1,0,65000.0,0.0,1,0,0.0,False,1,7,0,0.0,0.0,0.0021516815362503513,0,0,,,1,2026-07-01,2026-07-01,65000.0,1.0,65000.0,0.0002568319432121259,,peripheral,0.8,"Признаков роли нет: вход 65 000 KZT от 1, выход 0 KZT к 0; передано 0%.",0.4116,peripheral,1
100000004225615100,2,False,1,0,90000.0,0.0,2,0,0.0,False,0,1,0,0.0,0.0,5.01279615617639e-07,0,0,,,1,2026-07-02,2026-07-02,90000.0,1.0,90000.0,0.0003556134598321743,,peripheral,0.8,"Признаков роли нет: вход 90 000 KZT от 1, выход 0 KZT к 0; передано 0%.",0.4112,peripheral,4
100000004326224100,4,False,1,0,60000.0,0.0,1,0,0.0,True,0,7,0,0.0,0.0,0.0,0,0,,,1,2026-07-04,2026-07-04,60000.0,0.5119191887828877,32421.461462279727,0.0001281056453713348,0.27620766169069766,truncated,1.0,"Граница обхода, глубина 4: исходящие не выгружены. Получил 60 000 KZT от 1; P(переводит дальше)=28%.",0.4112,peripheral,8
100000001816678100,4,False,1,0,60000.0,0.0,1,0,0.0,True,0,7,0,0.0,0.0,2.3085824487559636e-05,0,0,,,1,2026-07-25,2026-07-25,60000.0,0.5119191887828877,32421.461462279727,0.0001281056453713348,0.32032923463241764,truncated,1.0,"Граница обхода, глубина 4: исходящие не выгружены. Получил 60 000 KZT от 1; P(переводит дальше)=32%.",0.4112,peripheral,3
100000003132484100,3,False,1,0,90000.0,0.0,1,0,0.0,False,0,1,0,0.0,0.0,0.0,0,0,,,1,2026-07-22,2026-07-22,90000.0,1.0,90000.0,0.0003556134598321743,,peripheral,0.8,"Признаков роли нет: вход 90 000 KZT от 1, выход 0 KZT к 0; передано 0%.",0.4112,peripheral,4
100000005203590100,2,False,1,0,90000.0,0.0,1,0,0.0,False,0,1,0,0.0,0.0,2.8721411760945644e-05,0,0,,,1,2026-07-26,2026-07-26,90000.0,1.0,90000.0,0.0003556134598321743,,peripheral,0.8,"Признаков роли нет: вход 90 000 KZT от 1, выход 0 KZT к 0; передано 0%.",0.4112,peripheral,4
100000007754369100,3,False,1,0,82424.0,0.0,1,0,0.0,False,0,7,0,0.0,0.0,0.0011319383959652314,0,0,,,1,2026-07-15,2026-07-15,82424.0,0.6690797475280011,61502.63890042732,0.0002430129578687826,,peripheral,0.8,"Признаков роли нет: вход 82 424 KZT от 1, выход 0 KZT к 0; передано 0%.",0.4109,peripheral,1
100000002774456100,1,False,1,0,50363.0,0.0,1,0,0.0,False,1,8,0,0.0,0.0,0.00012279960108290615,0,0,,,1,2026-07-02,2026-07-02,50363.0,1.0,50363.0,0.00019899734086141995,,peripheral,0.8,"Признаков роли нет: вход 50 363 KZT от 1, выход 0 KZT к 0; передано 0%.",0.4105,peripheral,11
100000002015633100,3,False,1,0,94970.0,0.0,1,0,0.0,False,0,7,0,0.0,0.0,0.0029401739563140994,0,0,,,1,2026-07-09,2026-07-09,94970.0,0.5403576910379955,58803.34086180887,0.00023234732770616024,,peripheral,0.8,"Признаков роли нет: вход 94 970 KZT от 1, выход 0 KZT к 0; передано 0%.",0.4104,peripheral,8
100000000971908100,2,False,1,0,89000.0,0.0,1,0,0.0,False,0,1,0,0.0,0.0,2.8721411760945644e-05,0,0,,,1,2026-07-27,2026-07-27,89000.0,1.0,89000.0,0.0003516621991673724,,peripheral,0.8,"Признаков роли нет: вход 89 000 KZT от 1, выход 0 KZT к 0; передано 0%.",0.4095,peripheral,4
100000001987030100,1,False,2,1,30864.0,19000.0,2,1,0.6156039398652151,False,1,7,0,5.706629319948117e-05,1.8969132524858429e-06,0.0003309179489902753,0,0,0.0,13.0,1,2026-07-13,2026-07-27,49864.0,0.9843243305249874,30697.809400802736,0.00019457476772106593,,peripheral,0.8,"Признаков роли нет: вход 30 864 KZT от 2, выход 19 000 KZT к 1; передано 62%.",0.4091,peripheral,15
100000003061115100,4,False,1,0,45000.0,0.0,1,0,0.0,True,0,7,0,0.0,0.0,0.0,0,0,,,1,2026-07-10,2026-07-10,45000.0,0.7465035198821421,34174.96883997534,0.00013503421009821803,0.2869478114926108,truncated,1.0,"Граница обхода, глубина 4: исходящие не выгружены. Получил 45 000 KZT от 1; P(переводит дальше)=29%.",0.4086,peripheral,1
100000008308418100,4,False,1,0,50000.0,0.0,1,0,0.0,True,0,7,0,0.0,0.0,0.0,0,0,,,1,2026-07-03,2026-07-03,50000.0,0.6424778096295601,33297.15179190777,0.00013156572612527538,0.27329356789442816,truncated,1.0,"Граница обхода, глубина 4: исходящие не выгружены. Получил 50 000 KZT от 1; P(переводит дальше)=27%.",0.4084,peripheral,1
100000007731977100,4,False,1,0,50000.0,0.0,1,0,0.0,True,0,7,0,0.0,0.0,3.148497900522947e-05,0,0,,,1,2026-07-02,2026-07-02,50000.0,0.6424778096295601,33297.15179190777,0.00013156572612527538,0.2713017509893713,truncated,1.0,"Граница обхода, глубина 4: исходящие не выгружены. Получил 50 000 KZT от 1; P(переводит дальше)=27%.",0.4084,peripheral,1
100000003087877100,3,False,1,0,91486.0,0.0,1,0,0.0,False,0,1,0,0.0,0.0,7.936044019065454e-05,0,0,,,1,2026-07-11,2026-07-11,91486.0,0.8946973593964336,86936.7445713782,0.0003435097391508578,,peripheral,0.8,"Признаков роли нет: вход 91 486 KZT от 1, выход 0 KZT к 0; передано 0%.",0.4082,peripheral,6
100000005048668100,3,False,2,8,16668.0,159400.0,2,11,9.563234941204703,False,0,7,0,0.0006542869684636799,0.0016072690208662867,0.003165241609672472,2,0,0.30050188205771644,3.0,1,2026-07-13,2026-07-23,176068.0,0.6583237160214477,12420.483956540982,0.0001737180776771735,,peripheral,0.8,"Признаков роли нет: вход 16 668 KZT от 2, выход 159 400 KZT к 8; передано 956% (возможны поступления вне выборки).",0.4076,peripheral,6
100000004591973100,3,False,1,1,10000.0,100000.0,1,1,10.0,False,0,9,0,2.0409125692870002e-05,0.0,1.23619985386e-313,0,0,0.0,,1,2026-07-25,2026-07-25,110000.0,0.8063323490623926,8191.92886264042,0.00035097137564447765,,peripheral,0.8,"Признаков роли нет: вход 10 000 KZT от 1, выход 100 000 KZT к 1; передано 1000% (возможны поступления вне выборки).",0.4071,peripheral,10
100000008703533100,4,False,1,0,75000.0,0.0,1,0,0.0,True,0,8,0,0.0,0.0,4.916414278360674e-07,0,0,,,1,2026-07-16,2026-07-16,75000.0,0.2367268635703925,23423.318056637778,9.255163527624071e-05,0.3021393570207262,truncated,1.0,"Граница обхода, глубина 4: исходящие не выгружены. Получил 75 000 KZT от 1; P(переводит дальше)=30%.",0.407,peripheral,5
100000002847207100,1,False,1,0,46243.0,0.0,1,0,0.0,False,1,10,0,0.0,0.0,0.0004611679456476809,0,0,,,1,2026-07-17,2026-07-17,46243.0,1.0,46243.0,0.00018271814692243598,,peripheral,0.8,"Признаков роли нет: вход 46 243 KZT от 1, выход 0 KZT к 0; передано 0%.",0.4069,peripheral,3
100000006111439100,3,False,3,4,20570.0,24000.0,3,4,1.166747690811862,False,0,7,0,1.755563613021834e-05,0.00039378212600319184,0.0036417524169981416,1,0,0.0,12.0,1,2026-07-02,2026-07-26,44570.0,0.573092895890338,14209.670507366762,0.00010632153433417153,,transit,0.65,"Признаки транзита: получил 20 570 KZT, передано 117%. 0% ушло в течение 2 дней после поступления.",0.4064,transit,1
100000000791285100,3,False,1,3,1120000.0,650000.0,2,3,0.5803571428571429,False,0,7,0,3.883678287186913e-05,2.1645154003328663e-06,2.8321519604650354e-232,1,0,0.9538461538461539,0.0,1,2026-07-30,2026-07-30,1770000.0,0.007983762130823174,14399.012905398184,-0.003789354304841985,,transit,0.86,"Признаки транзита: получил 1 120 000 KZT, передано 58%. 95% ушло в течение 2 дней после поступления.",0.4056,transit,25
100000003123296100,1,False,1,0,86200.0,0.0,2,0,0.0,False,1,1,0,0.0,0.0,1.0100033243240566e-05,0,0,,,1,2026-07-14,2026-07-14,86200.0,1.0,86200.0,0.000340598669305927,,peripheral,0.8,"Признаков роли нет: вход 86 200 KZT от 1, выход 0 KZT к 0; передано 0%.",0.4055,peripheral,10
100000004019056100,4,False,1,0,50000.0,0.0,1,0,0.0,True,0,7,0,0.0,0.0,0.0,0,0,,,1,2026-07-28,2026-07-28,50000.0,0.6315835235709054,32320.237771100983,0.00012770568418196893,0.3259246666291498,truncated,1.0,"Граница обхода, глубина 4: исходящие не выгружены. Получил 50 000 KZT от 1; P(переводит дальше)=33%.",0.4051,peripheral,13
100000000831684100,2,False,1,1,15000.0,50000.0,2,3,3.3333333333333335,False,0,1,0,0.0,4.3332026739792795e-06,0.0,1,0,0.9,0.5,1,2026-07-23,2026-07-23,65000.0,0.9981257445236338,14971.886167854507,0.0002563505745360081,,transit,0.67,"Признаки транзита: получил 15 000 KZT, передано 333% (возможны поступления вне выборки). 90% ушло в течение 2 дней после поступления.",0.4048,transit,10
100000003970394100,1,False,1,0,85000.0,0.0,1,0,0.0,False,1,1,0,0.0,0.0,1.0100033243240566e-05,0,0,,,1,2026-07-13,2026-07-13,85000.0,1.0,85000.0,0.0003358571565081646,,peripheral,0.8,"Признаков роли нет: вход 85 000 KZT от 1, выход 0 KZT к 0; передано 0%.",0.4046,peripheral,10
100000005061890100,3,False,1,0,90000.0,0.0,1,0,0.0,False,0,7,0,0.0,0.0,0.0,0,0,,,1,2026-07-25,2026-07-25,90000.0,0.558556317989969,56107.16047419255,0.00022169401619536206,,peripheral,0.8,"Признаков роли нет: вход 90 000 KZT от 1, выход 0 KZT к 0; передано 0%.",0.4045,peripheral,3
100000002752565100,4,False,1,0,57000.0,0.0,1,0,0.0,True,0,7,0,0.0,0.0,0.0,0,0,,,1,2026-07-26,2026-07-26,57000.0,0.5134470123711755,31366.76403304419,0.00012393826090591203,0.32224067046097893,truncated,1.0,"Граница обхода, глубина 4: исходящие не выгружены. Получил 57 000 KZT от 1; P(переводит дальше)=32%.",0.4045,peripheral,6
100000008730021100,1,False,1,0,75555.0,0.0,3,0,0.0,False,1,2,0,0.0,0.0,2.394324219398595e-06,0,0,,,1,2026-07-20,2026-07-23,75555.0,1.0,75555.0,0.00029853749952911033,,peripheral,0.8,"Признаков роли нет: вход 75 555 KZT от 1, выход 0 KZT к 0; передано 0%.",0.4044,peripheral,59
100000003163256100,1,False,1,1,13485.0,15000.0,1,1,1.1123470522803114,False,1,7,0,1.922024458454748e-05,0.0,0.0002952416008836587,0,0,0.0,,1,2026-07-07,2026-07-07,28485.0,1.0,13485.0,0.00011255166003688317,,transit,0.666,"Признаки транзита: получил 13 485 KZT, передано 111%. 0% ушло в течение 2 дней после поступления.",0.4043,transit,7
100000004921657100,3,False,1,1,8300.0,22190.0,1,1,2.6734939759036145,False,0,10,0,0.0,0.0,0.0,0,0,1.0,0.0,1,2026-07-18,2026-07-18,30490.0,0.9966569688108663,8295.851109269823,0.00012016443244734995,,transit,0.7,"Признаки транзита: получил 8 300 KZT, передано 267% (возможны поступления вне выборки). 100% ушло в течение 2 дней после поступления.",0.4042,transit,3
100000008721637100,3,False,1,2,24041.0,127000.0,1,2,5.282642152988644,False,0,7,1,7.331450401719378e-05,2.1725552992725714e-05,0.0016044117305492448,0,0,0.09448818897637795,0.0,1,2026-07-22,2026-07-22,151041.0,0.442010955705081,12730.8142084887,0.0002519730732757028,,peripheral,0.8,"Признаков роли нет: вход 24 041 KZT от 1, выход 127 000 KZT к 2; передано 528% (возможны поступления вне выборки).",0.4039,peripheral,4
100000002284426100,3,False,1,0,90000.0,0.0,2,0,0.0,False,0,7,0,0.0,0.0,0.0029401739563140994,0,0,,,1,2026-07-08,2026-07-21,90000.0,0.5403576910379955,55726.02587725385,0.00022018805405458043,,peripheral,0.8,"Признаков роли нет: вход 90 000 KZT от 1, выход 0 KZT к 0; передано 0%.",0.4037,peripheral,8
100000002904919100,3,False,1,1,60325.0,5500.0,1,1,0.09117281392457521,False,0,7,0,1.922024458454748e-05,0.0,0.0011319383959652314,0,0,0.0,,1,2026-07-26,2026-07-26,65825.0,0.6690797475280011,45012.94151786225,0.0001923982619106131,,peripheral,0.8,"Признаков роли нет: вход 60 325 KZT от 1, выход 5 500 KZT к 1; передано 9%.",0.4033,peripheral,1
100000002662768100,1,False,1,0,84300.0,0.0,1,0,0.0,False,1,1,0,0.0,0.0,6.780075768513709e-05,0,0,,,1,2026-07-27,2026-07-27,84300.0,1.0,84300.0,0.0003330912740428033,,peripheral,0.8,"Признаков роли нет: вход 84 300 KZT от 1, выход 0 KZT к 0; передано 0%.",0.4027,peripheral,3
100000002870937100,1,False,1,0,83700.0,0.0,1,0,0.0,False,1,1,0,0.0,0.0,4.341414826156218e-06,0,0,,,1,2026-07-04,2026-07-04,83700.0,1.0,83700.0,0.00033072051764392214,,peripheral,0.8,"Признаков роли нет: вход 83 700 KZT от 1, выход 0 KZT к 0; передано 0%.",0.402,peripheral,4
100000003568904100,4,False,1,0,49000.0,0.0,1,0,0.0,True,0,7,0,0.0,0.0,0.0,0,0,,,1,2026-07-17,2026-07-17,49000.0,0.6315835235709054,31673.833015678963,0.00012515157049836252,0.30200793180215,truncated,1.0,"Граница обхода, глубина 4: исходящие не выгружены. Получил 49 000 KZT от 1; P(переводит дальше)=30%.",0.402,peripheral,13
100000001805543100,1,False,1,0,59000.0,0.0,1,0,0.0,False,1,7,0,0.0,0.0,0.0002952416008836587,0,0,,,1,2026-07-06,2026-07-06,59000.0,1.0,59000.0,0.0002331243792233143,,peripheral,0.8,"Признаков роли нет: вход 59 000 KZT от 1, выход 0 KZT к 0; передано 0%.",0.4015,peripheral,7
100000005958064100,1,False,1,2,5746.0,163986.84,1,3,28.539303863557258,False,1,7,0,2.5128210534091514e-05,2.7483881389061478e-08,0.0002952416008836587,0,0,0.0,26.0,1,2026-07-03,2026-07-03,169732.84,1.0,5746.0,0.0006706586942171349,,peripheral,0.8,"Признаков роли нет: вход 5 746 KZT от 1, выход 163 987 KZT к 2; передано 2854% (возможны поступления вне выборки).",0.4011,peripheral,14
100000001138283100,3,False,1,2,81805.0,50000.0,1,2,0.6112095837662734,False,0,7,0,1.9022097733160393e-05,0.0010542924578234984,0.0016044117305492448,1,0,0.8,0.0,1,2026-07-18,2026-07-18,131805.0,0.44201095570508103,43319.506523248536,-0.00029249070439117664,,transit,0.823,"Признаки транзита: получил 81 805 KZT, передано 61%. 80% ушло в течение 2 дней после поступления.",0.4008,transit,6
100000001083990100,2,False,1,0,49900.0,0.0,2,0,0.0,False,0,8,0,0.0,0.0,0.0,0,0,,,1,2026-07-14,2026-07-14,49900.0,0.953270269552817,47636.42974181055,0.00018822395105037477,,peripheral,0.8,"Признаков роли нет: вход 49 900 KZT от 1, выход 0 KZT к 0; передано 0%.",0.4008,peripheral,10
100000002845605100,1,False,1,0,57567.0,0.0,1,0,0.0,False,1,7,0,0.0,0.0,0.0021516815362503513,0,0,,,1,2026-07-02,2026-07-02,57567.0,1.0,57567.0,0.0002274622226906531,,peripheral,0.8,"Признаков роли нет: вход 57 567 KZT от 1, выход 0 KZT к 0; передано 0%.",0.3991,peripheral,1
100000003865939100,1,False,1,0,81465.0,0.0,1,0,0.0,False,1,1,0,0.0,0.0,0.0,0,15,,,1,2026-07-29,2026-07-29,81465.0,1.0,81465.0,0.0003218894500580898,,peripheral,0.8,"Признаков роли нет: вход 81 465 KZT от 1, выход 0 KZT к 0; передано 0%.",0.399,peripheral,68
100000008680061100,4,False,1,0,41300.0,0.0,2,0,0.0,True,0,7,0,0.0,0.0,4.837478286409815e-05,0,0,,,1,2026-07-07,2026-07-09,41300.0,0.7578758054241378,31711.179020844185,0.0001252991342995843,0.28445731403335905,truncated,1.0,"Граница обхода, глубина 4: исходящие не выгружены. Получил 41 300 KZT от 1; P(переводит дальше)=28%.",0.3984,peripheral,1
100000002185328100,3,False,1,4,15000.0,55000.0,1,4,3.6666666666666665,False,0,7,0,6.162367078138419e-05,1.3269215113888051e-254,0.0,0,0,0.0,21.0,1,2026-07-07,2026-07-07,70000.0,0.9804778377953937,14869.125528043764,0.0002763329413447919,,peripheral,0.8,"Признаков роли нет: вход 15 000 KZT от 1, выход 55 000 KZT к 4; передано 367% (возможны поступления вне выборки).",0.3976,peripheral,20
100000008638859100,4,False,1,0,34000.0,0.0,1,0,0.0,True,0,9,0,0.0,0.0,3.5536461203501896e-05,0,0,,,1,2026-07-02,2026-07-02,34000.0,0.5877005647608995,23424.078286314438,9.255463914197727e-05,0.2693938545877416,truncated,1.0,"Граница обхода, глубина 4: исходящие не выгружены. Получил 34 000 KZT от 1; P(переводит дальше)=27%.",0.3968,peripheral,17
100000003345947100,4,False,1,0,79500.0,0.0,6,0,0.0,True,0,7,0,0.0,0.0,0.0,0,0,,,1,2026-07-13,2026-07-13,79500.0,0.2535875723968892,27541.135250479256,0.00010882220437920765,0.2961236116391757,truncated,1.0,"Граница обхода, глубина 4: исходящие не выгружены. Получил 79 500 KZT от 1; P(переводит дальше)=30%.",0.3965,peripheral,6
100000008673001100,0,True,1,0,80000.0,0.0,1,0,0.0,False,1,1,0,0.0,0.0,0.0,0,0,,,1,2026-07-20,2026-07-20,80000.0,1.0,80000.0,0.00031610085318415493,,peripheral,0.8,"Признаков роли нет: вход 80 000 KZT от 1, выход 0 KZT к 0; передано 0%.",0.3964,peripheral,18
100000004193835100,0,True,1,1,47000.0,5000.0,1,1,0.10638297872340426,False,0,7,1,6.6775488917448465e-06,4.605582209465205e-07,6.973423260672585e-11,0,0,1.0,0.0,1,2026-07-09,2026-07-09,52000.0,1.0,46912.70107826253,0.00020512061377417316,,peripheral,0.8,"Признаков роли нет: вход 47 000 KZT от 1, выход 5 000 KZT к 1; передано 11%.",0.3962,peripheral,7
100000002968096100,4,False,1,0,70000.0,0.0,1,0,0.0,True,0,7,0,0.0,0.0,1.23619985386e-313,0,0,,,1,2026-07-28,2026-07-28,70000.0,0.3529631462304036,28000.93969164299,0.0001106390115810407,0.3277812907952665,truncated,1.0,"Граница обхода, глубина 4: исходящие не выгружены. Получил 70 000 KZT от 1; P(переводит дальше)=33%.",0.396,peripheral,6
100000006641671100,3,False,2,1,22000.0,25000.0,2,3,1.1363636363636365,False,0,7,0,5.449038413144904e-06,1.0250042735448046e-05,0.0016549922267761258,0,0,0.8,0.0,1,2026-07-11,2026-07-27,47000.0,0.4896886039125352,12494.813410688383,9.77424477096584e-05,,transit,0.899,"Признаки транзита: получил 22 000 KZT, передано 114%. 80% ушло в течение 2 дней после поступления.",0.3953,transit,6
100000004722630100,4,False,1,0,340000.0,0.0,2,0,0.0,True,0,7,0,0.0,0.0,0.0,0,0,,,1,2026-07-08,2026-07-24,340000.0,0.06058906092324414,20600.28071390301,8.139707886865581e-05,0.3276554255353138,truncated,1.0,"Граница обхода, глубина 4: исходящие не выгружены. Получил 340 000 KZT от 1; P(переводит дальше)=33%.",0.395,peripheral,49
100000002653948100,3,False,1,0,85200.0,0.0,1,0,0.0,False,0,7,0,0.0,0.0,0.0029401739563140994,0,0,,,1,2026-07-03,2026-07-03,85200.0,0.5403576910379955,52753.971163800314,0.00020844469117165535,,peripheral,0.8,"Признаков роли нет: вход 85 200 KZT от 1, выход 0 KZT к 0; передано 0%.",0.3947,peripheral,8
100000003724440100,2,False,2,0,50000.0,0.0,2,0,0.0,False,0,7,0,0.0,0.0,0.0004189407537542191,0,0,,,1,2026-07-11,2026-07-13,50000.0,0.6410024910107038,34763.70988015007,0.00013736047941199708,,terminal,0.638,Признаки оседания: получил 50 000 KZT от 2 плательщиков; исходящих ≥5 000 KZT в наблюдаемой выборке 0.,0.3944,terminal,3
100000001952325100,1,False,1,0,77888.0,0.0,2,0,0.0,False,1,1,0,0.0,0.0,5.95500058530398e-11,0,1,,,1,2026-07-14,2026-07-27,77888.0,1.0,77888.0,0.0003077557906600933,,peripheral,0.8,"Признаков роли нет: вход 77 888 KZT от 1, выход 0 KZT к 0; передано 0%.",0.3941,peripheral,2
100000002566204100,2,False,1,0,80805.0,0.0,1,0,0.0,False,0,1,0,0.0,0.0,2.322813314613868e-05,0,0,,,1,2026-07-21,2026-07-21,80805.0,0.9613749847709884,77683.90564441972,0.0003069493606609693,,peripheral,0.8,"Признаков роли нет: вход 80 805 KZT от 1, выход 0 KZT к 0; передано 0%.",0.3941,peripheral,9
100000002835874100,4,False,1,0,58700.0,0.0,1,0,0.0,True,0,8,0,0.0,0.0,1.276147972494963e-06,0,0,,,1,2026-07-16,2026-07-16,58700.0,0.30249927077752825,20946.357830361314,8.276451976591073e-05,0.30084512304565153,truncated,1.0,"Граница обхода, глубина 4: исходящие не выгружены. Получил 58 700 KZT от 1; P(переводит дальше)=30%.",0.3937,peripheral,5
100000002852402100,2,False,1,0,55000.0,0.0,1,0,0.0,False,0,7,0,0.0,0.0,9.023756758629543e-290,0,0,,,1,2026-07-30,2026-07-30,55000.0,0.9928190861405171,54943.69352410451,0.00021709685500067934,,peripheral,0.8,"Признаков роли нет: вход 55 000 KZT от 1, выход 0 KZT к 0; передано 0%.",0.3934,peripheral,15
100000007510567100,4,False,1,0,52000.0,0.0,1,0,0.0,True,0,7,0,0.0,0.0,2.758273854900145e-06,0,0,,,1,2026-07-13,2026-07-13,52000.0,0.5245132233584058,28702.721947700782,0.0001134119362046934,0.2939093504953112,truncated,1.0,"Граница обхода, глубина 4: исходящие не выгружены. Получил 52 000 KZT от 1; P(переводит дальше)=29%.",0.3929,peripheral,9
100000001379511100,3,False,1,0,55000.0,0.0,1,0,0.0,False,0,7,0,0.0,0.0,4.867829327536486e-08,0,0,,,1,2026-07-04,2026-07-04,55000.0,0.9753224389956981,54604.846649741245,0.00021575798267464434,,peripheral,0.8,"Признаков роли нет: вход 55 000 KZT от 1, выход 0 KZT к 0; передано 0%.",0.3927,peripheral,5
100000008737422100,1,False,1,0,76903.0,0.0,1,0,0.0,False,1,1,0,0.0,0.0,5.95500058530398e-11,0,1,,,1,2026-07-20,2026-07-20,76903.0,1.0,76903.0,0.00030386379890526337,,peripheral,0.8,"Признаков роли нет: вход 76 903 KZT от 1, выход 0 KZT к 0; передано 0%.",0.3921,peripheral,2
100000001427082100,3,False,1,5,5000.0,124900.0,1,6,24.98,False,0,7,0,7.846615314928662e-05,1.9629899182804822e-254,3.1081580590858487e-255,0,0,0.0,4.0,1,2026-07-15,2026-07-15,129900.0,0.8856552577545832,4534.038550242858,0.0004533167453694815,,peripheral,0.8,"Признаков роли нет: вход 5 000 KZT от 1, выход 124 900 KZT к 5; передано 2498% (возможны поступления вне выборки).",0.3918,peripheral,20
100000004673335100,4,False,1,0,80000.0,0.0,1,0,0.0,True,0,7,0,0.0,0.0,4.5006020958930306e-05,0,0,,,1,2026-07-05,2026-07-05,80000.0,0.27903398155037606,26497.017353448548,0.0001046966224032427,0.279672905516562,truncated,1.0,"Граница обхода, глубина 4: исходящие не выгружены. Получил 80 000 KZT от 1; P(переводит дальше)=28%.",0.3917,peripheral,29
100000005931985100,2,False,1,0,76000.0,0.0,1,0,0.0,False,0,1,0,0.0,0.0,4.0882452251176484e-08,0,0,,,1,2026-07-31,2026-07-31,76000.0,1.0,76000.0,0.0003002958105249472,,peripheral,0.8,"Признаков роли нет: вход 76 000 KZT от 1, выход 0 KZT к 0; передано 0%.",0.3915,peripheral,12
100000003888197100,3,False,1,0,83167.0,0.0,1,0,0.0,False,0,7,0,0.0,0.0,0.0029401739563140994,0,0,,,1,2026-07-09,2026-07-09,83167.0,0.5403576910379955,51495.18215703968,0.0002034708876839213,,peripheral,0.8,"Признаков роли нет: вход 83 167 KZT от 1, выход 0 KZT к 0; передано 0%.",0.3915,peripheral,8
100000007153161100,4,False,1,0,44997.0,0.0,1,0,0.0,True,0,7,0,0.0,0.0,0.0,0,0,,,1,2026-07-06,2026-07-06,44997.0,0.6424778096295601,29965.438783609472,0.00011840125956923162,0.2787915182300221,truncated,1.0,"Граница обхода, глубина 4: исходящие не выгружены. Получил 44 997 KZT от 1; P(переводит дальше)=28%.",0.3914,peripheral,1
100000008728457100,1,False,1,0,45000.0,0.0,1,0,0.0,False,1,8,0,0.0,0.0,0.00012279960108290615,0,0,,,1,2026-07-20,2026-07-20,45000.0,1.0,45000.0,0.00017780672991608715,,peripheral,0.8,"Признаков роли нет: вход 45 000 KZT от 1, выход 0 KZT к 0; передано 0%.",0.391,peripheral,11
100000005342513100,3,False,1,1,235000.0,30000.0,2,1,0.1276595744680851,False,0,1,0,0.0,3.300043693840602e-13,6.672317100962129e-15,1,1,1.0,0.0,1,2026-07-08,2026-07-10,265000.0,0.23593314616389224,62081.68894400826,0.00022622886411826292,,peripheral,0.8,"Признаков роли нет: вход 235 000 KZT от 1, выход 30 000 KZT к 1; передано 13%.",0.391,peripheral,2
100000002621434100,3,False,1,0,81000.0,0.0,1,0,0.0,False,0,9,0,0.0,0.0,3.220733583683774e-06,0,0,,,1,2026-07-25,2026-07-25,81000.0,0.4075142737756416,37719.72334418348,0.00014904045913705799,,peripheral,0.8,"Признаков роли нет: вход 81 000 KZT от 1, выход 0 KZT к 0; передано 0%.",0.3909,peripheral,5
100000005799271100,2,False,1,0,45000.0,0.0,2,0,0.0,False,0,8,0,0.0,0.0,0.0,0,0,,,1,2026-07-07,2026-07-26,45000.0,0.9997895424729795,44990.52941128408,0.00017776930915142948,,peripheral,0.8,"Признаков роли нет: вход 45 000 KZT от 1, выход 0 KZT к 0; передано 0%.",0.3907,peripheral,11
100000004991593100,4,False,1,0,45000.0,0.0,2,0,0.0,True,0,7,0,0.0,0.0,2.995296467708153e-05,0,0,,,1,2026-07-02,2026-07-03,45000.0,0.6382293779412199,29624.567220965146,0.00011705438717194462,0.2727691017611639,truncated,1.0,"Граница обхода, глубина 4: исходящие не выгружены. Получил 45 000 KZT от 1; P(переводит дальше)=27%.",0.3906,peripheral,6
100000002706810100,4,False,1,0,45000.0,0.0,1,0,0.0,True,0,1,0,0.0,0.0,3.6873817911951947e-06,0,0,,,1,2026-07-29,2026-07-29,45000.0,0.9128732533190334,41079.2963993565,0.000162315008000511,0.327554650286056,truncated,1.0,"Граница обхода, глубина 4: исходящие не выгружены. Получил 45 000 KZT от 1; P(переводит дальше)=33%.",0.3906,peripheral,9
100000002391278100,3,False,1,1,30000.0,52700.0,5,2,1.7566666666666666,False,0,1,0,0.0,1.2626060455070011e-05,4.996823583467063e-298,1,0,1.0,1.0,1,2026-07-15,2026-07-27,82700.0,0.7202332607749896,22325.81023464594,0.00012160085935740532,,transit,0.773,"Признаки транзита: получил 30 000 KZT, передано 176% (возможны поступления вне выборки). 100% ушло в течение 2 дней после поступления.",0.3904,transit,26
100000002691858100,2,False,1,0,51500.0,0.0,1,0,0.0,False,0,8,0,0.0,0.0,4.870880269675223e-241,0,0,,,1,2026-07-15,2026-07-15,51500.0,0.7656303616192779,42913.748195190135,0.00016956340522291345,,peripheral,0.8,"Признаков роли нет: вход 51 500 KZT от 1, выход 0 KZT к 0; передано 0%.",0.3901,peripheral,31
100000008027922100,4,False,1,0,70000.0,0.0,1,0,0.0,True,0,7,0,0.0,0.0,0.0,0,0,,,1,2026-07-17,2026-07-17,70000.0,0.3209595163722106,26509.836075456195,0.0001047472725152925,0.3038968866050204,truncated,1.0,"Граница обхода, глубина 4: исходящие не выгружены. Получил 70 000 KZT от 1; P(переводит дальше)=30%.",0.39,peripheral,21
100000008237827100,1,False,1,0,40001.0,0.0,1,0,0.0,False,1,10,0,0.0,0.0,0.0004611679456476809,0,0,,,1,2026-07-16,2026-07-16,40001.0,1.0,40001.0,0.0001580543778527423,,peripheral,0.8,"Признаков роли нет: вход 40 001 KZT от 1, выход 0 KZT к 0; передано 0%.",0.3897,peripheral,3
100000004509286100,1,False,1,0,40000.0,0.0,1,0,0.0,False,1,10,0,0.0,0.0,0.0004611679456476809,0,0,,,1,2026-07-20,2026-07-20,40000.0,1.0,40000.0,0.00015805042659207746,,peripheral,0.8,"Признаков роли нет: вход 40 000 KZT от 1, выход 0 KZT к 0; передано 0%.",0.3886,peripheral,3
100000003003821100,2,False,1,0,40000.0,0.0,1,0,0.0,False,0,10,0,0.0,0.0,1.23619985386e-313,0,0,,,1,2026-07-05,2026-07-05,40000.0,1.0,40000.0,0.00015805042659207746,,peripheral,0.8,"Признаков роли нет: вход 40 000 KZT от 1, выход 0 KZT к 0; передано 0%.",0.3886,peripheral,3
100000003877908100,1,False,1,0,40000.0,0.0,1,0,0.0,False,1,10,0,0.0,0.0,0.0004611679456476809,0,0,,,1,2026-07-26,2026-07-26,40000.0,1.0,40000.0,0.00015805042659207746,,peripheral,0.8,"Признаков роли нет: вход 40 000 KZT от 1, выход 0 KZT к 0; передано 0%.",0.3886,peripheral,3
100000005979037100,4,False,1,0,60300.0,0.0,1,0,0.0,True,0,7,0,0.0,0.0,9.023756758629543e-290,0,0,,,1,2026-07-25,2026-07-25,60300.0,0.3927865510357105,26653.260629016386,0.00010531398031219279,0.32035646822079905,truncated,1.0,"Граница обхода, глубина 4: исходящие не выгружены. Получил 60 300 KZT от 1; P(переводит дальше)=32%.",0.3885,peripheral,6
100000002896506100,4,False,1,0,45000.0,0.0,1,0,0.0,True,0,7,0,0.0,0.0,0.0,0,0,,,1,2026-07-19,2026-07-19,45000.0,0.6212843803867579,28871.89183274686,0.00011408037051711836,0.3058090663577971,truncated,1.0,"Граница обхода, глубина 4: исходящие не выгружены. Получил 45 000 KZT от 1; P(переводит дальше)=31%.",0.3884,peripheral,8
100000000533217100,2,False,1,0,53587.0,0.0,1,0,0.0,False,0,7,0,0.0,0.0,0.0,0,0,,,1,2026-07-15,2026-07-15,53587.0,0.9926122245695229,53191.111278007025,0.00021017194570985417,,peripheral,0.8,"Признаков роли нет: вход 53 587 KZT от 1, выход 0 KZT к 0; передано 0%.",0.3883,peripheral,1
100000002478829100,4,False,1,0,34000.0,0.0,1,0,0.0,True,0,7,0,0.0,0.0,7.577905051749476e-255,0,0,,,1,2026-07-07,2026-07-07,34000.0,0.8747905098459389,30112.278763655828,0.00011898146260636824,0.2793999523309881,truncated,1.0,"Граница обхода, глубина 4: исходящие не выгружены. Получил 34 000 KZT от 1; P(переводит дальше)=28%.",0.3883,peripheral,20
100000004904960100,2,False,2,0,32000.0,0.0,2,0,0.0,False,0,10,0,0.0,0.0,0.0,0,0,,,1,2026-07-04,2026-07-06,32000.0,0.7437102319988113,25042.110194295383,9.894790497435596e-05,,terminal,0.633,Признаки оседания: получил 32 000 KZT от 2 плательщиков; исходящих ≥5 000 KZT в наблюдаемой выборке 0.,0.3882,terminal,1
100000001825934100,3,False,1,1,40000.0,97000.0,1,1,2.425,False,0,1,0,9.90734256935437e-07,0.0,1.23619985386e-313,0,0,0.0,,1,2026-07-24,2026-07-24,137000.0,0.834513120896186,36365.77834124958,0.0004635364197839596,,peripheral,0.8,"Признаков роли нет: вход 40 000 KZT от 1, выход 97 000 KZT к 1; передано 242% (возможны поступления вне выборки).",0.3881,peripheral,35
100000008738526100,3,False,1,1,15000.0,140000.0,1,1,9.333333333333334,False,0,8,0,2.139985994980544e-05,0.0,1.2902817864242934e-06,0,0,0.0,5.0,1,2026-07-21,2026-07-21,155000.0,0.4081229887960061,7239.375862884717,0.00025436870476913616,,peripheral,0.8,"Признаков роли нет: вход 15 000 KZT от 1, выход 140 000 KZT к 1; передано 933% (возможны поступления вне выборки).",0.3881,peripheral,19
100000002963189100,3,False,1,7,490000.0,5219000.0,3,15,10.651020408163266,False,0,7,0,8.540784150822377e-05,3.1769063887438765e-06,2.4413789354590045e-05,1,0,0.0,4.0,1,2026-07-18,2026-07-20,5709000.0,0.08962681696565522,57894.35533751654,-0.011609457792086112,,peripheral,0.8,"Признаков роли нет: вход 490 000 KZT от 1, выход 5 219 000 KZT к 7; передано 1065% (возможны поступления вне выборки).",0.3876,peripheral,14
100000006994985100,2,False,1,1,48500.0,10200.0,2,2,0.21030927835051547,False,0,7,0,1.9616538287321655e-05,0.0,2.3525061209285672e-07,0,0,1.0,1.0,1,2026-07-18,2026-07-21,58700.0,0.690788519017818,34602.7023496284,0.0001645650488194288,,peripheral,0.8,"Признаков роли нет: вход 48 500 KZT от 1, выход 10 200 KZT к 1; передано 21%.",0.3869,peripheral,4
100000001241318100,2,False,1,0,53000.0,0.0,1,0,0.0,False,0,7,0,0.0,0.0,0.0,0,0,,,1,2026-07-08,2026-07-08,53000.0,1.0,53000.0,0.00020941681523450266,,peripheral,0.8,"Признаков роли нет: вход 53 000 KZT от 1, выход 0 KZT к 0; передано 0%.",0.3868,peripheral,1
100000004792397100,1,False,1,0,73520.0,0.0,1,0,0.0,False,1,1,0,0.0,0.0,5.95500058530398e-11,0,1,,,1,2026-07-31,2026-07-31,73520.0,1.0,73520.0,0.0002904966840762384,,peripheral,0.8,"Признаков роли нет: вход 73 520 KZT от 1, выход 0 KZT к 0; передано 0%.",0.3863,peripheral,2
100000003232675100,4,False,1,0,44000.0,0.0,2,0,0.0,True,0,7,0,0.0,0.0,1.23619985386e-313,0,0,,,1,2026-07-06,2026-07-06,44000.0,0.6315835235709054,28441.809238568865,0.00011238100208021275,0.27867854768459754,truncated,1.0,"Граница обхода, глубина 4: исходящие не выгружены. Получил 44 000 KZT от 1; P(переводит дальше)=28%.",0.3859,peripheral,13
100000006030946100,1,False,1,0,73289.0,0.0,1,0,0.0,False,1,1,0,0.0,0.0,5.95500058530398e-11,0,1,,,1,2026-07-08,2026-07-08,73289.0,1.0,73289.0,0.0002895839428626692,,peripheral,0.8,"Признаков роли нет: вход 73 289 KZT от 1, выход 0 KZT к 0; передано 0%.",0.3858,peripheral,2
100000005636951100,4,False,1,0,40000.0,0.0,1,0,0.0,True,0,1,0,0.0,0.0,0.0,0,0,,,1,2026-07-07,2026-07-07,40000.0,1.0,40000.0,0.00015805042659207746,0.2802212932793905,truncated,1.0,"Граница обхода, глубина 4: исходящие не выгружены. Получил 40 000 KZT от 1; P(переводит дальше)=28%.",0.3853,peripheral,26
100000002488629100,2,False,1,0,73050.0,0.0,1,0,0.0,False,0,1,0,0.0,0.0,2.8721411760945644e-05,0,0,,,1,2026-07-29,2026-07-29,73050.0,1.0,73050.0,0.0002886395915637815,,peripheral,0.8,"Признаков роли нет: вход 73 050 KZT от 1, выход 0 KZT к 0; передано 0%.",0.3851,peripheral,4
100000002575080100,3,False,1,1,13000.0,12500.0,1,1,0.9615384615384616,False,0,7,0,1.981468513870874e-05,0.0,9.023756758629543e-290,0,0,1.0,0.0,1,2026-07-08,2026-07-08,25500.0,0.6981348423440028,10644.342425311042,7.653998079382211e-05,,transit,0.988,"Признаки транзита: получил 13 000 KZT, передано 96%. 100% ушло в течение 2 дней после поступления.",0.3851,transit,15
100000002757791100,3,False,1,0,73050.0,0.0,1,0,0.0,False,0,1,0,0.0,0.0,4.7270720423518116e-07,0,0,,,1,2026-07-03,2026-07-03,73050.0,1.0,73050.0,0.0002886395915637815,,peripheral,0.8,"Признаков роли нет: вход 73 050 KZT от 1, выход 0 KZT к 0; передано 0%.",0.3851,peripheral,26
100000008579978100,3,False,1,1,34000.0,77000.0,1,6,2.264705882352941,False,0,7,0,1.922024458454748e-05,0.0,0.0029401739563140994,0,0,0.35064935064935066,0.0,1,2026-07-19,2026-07-19,111000.0,0.5403576910379955,21052.0542202959,0.00024758439864706156,,peripheral,0.8,"Признаков роли нет: вход 34 000 KZT от 1, выход 77 000 KZT к 1; передано 226% (возможны поступления вне выборки).",0.3846,peripheral,8
100000008486520100,1,False,1,1,35720.0,14000.0,2,1,0.3919372900335946,False,1,7,0,1.922024458454748e-05,0.0,0.0002952416008836587,0,0,0.0,,1,2026-07-18,2026-07-18,49720.0,1.0,35720.0,0.0001964566802539523,,peripheral,0.8,"Признаков роли нет: вход 35 720 KZT от 1, выход 14 000 KZT к 1; передано 39%.",0.384,peripheral,7
100000005363908100,1,False,1,1,19500.0,19500.0,1,1,1.0,False,1,1,0,0.0,1.3114298515444887e-283,1.3380297447651783e-283,0,6,1.0,0.0,1,2026-07-06,2026-07-06,39000.0,1.0,19500.0,0.00016008079147241652,,transit,1.0,"Признаки транзита: получил 19 500 KZT, передано 100%. 100% ушло в течение 2 дней после поступления.",0.383,transit,47
100000003091142100,4,False,1,0,40000.0,0.0,1,0,0.0,True,0,7,0,0.0,0.0,9.023756758629543e-290,0,0,,,1,2026-07-27,2026-07-27,40000.0,0.6723757538580283,27712.640005223402,0.00010949986437036766,0.32249619141619107,truncated,1.0,"Граница обхода, глубина 4: исходящие не выгружены. Получил 40 000 KZT от 1; P(переводит дальше)=32%.",0.3815,peripheral,1
100000007274584100,1,False,1,0,38000.0,0.0,1,0,0.0,False,1,10,0,0.0,0.0,0.0004611679456476809,0,0,,,1,2026-07-26,2026-07-26,38000.0,1.0,38000.0,0.0001501479052624736,,peripheral,0.8,"Признаков роли нет: вход 38 000 KZT от 1, выход 0 KZT к 0; передано 0%.",0.3815,peripheral,3
100000002723674100,4,False,1,0,30000.0,0.0,1,0,0.0,True,0,7,0,0.0,0.0,2.3749511394193016e-243,0,0,,,1,2026-07-08,2026-07-08,30000.0,0.9714212669487975,29414.33513386181,0.00011622370539568539,0.2807939205667458,truncated,1.0,"Граница обхода, глубина 4: исходящие не выгружены. Получил 30 000 KZT от 1; P(переводит дальше)=28%.",0.3815,peripheral,20
100000001063678100,3,False,1,2,35000.0,90000.0,1,2,2.5714285714285716,False,0,7,0,3.962937027741748e-05,0.0,3.17209937185162e-06,0,0,0.2222222222222222,7.0,1,2026-07-05,2026-07-05,125000.0,0.3787119439350885,14728.86546872145,0.00019287265142617807,,peripheral,0.8,"Признаков роли нет: вход 35 000 KZT от 1, выход 90 000 KZT к 2; передано 257% (возможны поступления вне выборки).",0.3814,peripheral,21
100000002971593100,4,False,1,0,49050.0,0.0,1,0,0.0,True,0,7,0,0.0,0.0,0.0,0,0,,,1,2026-07-02,2026-07-02,49050.0,0.5119191887828877,26504.544745413677,0.00010472636509104293,0.27120665179387987,truncated,1.0,"Граница обхода, глубина 4: исходящие не выгружены. Получил 49 050 KZT от 1; P(переводит дальше)=27%.",0.3814,peripheral,8
100000004066647100,3,False,1,0,51000.0,0.0,1,0,0.0,False,0,7,0,0.0,0.0,8.448073037865009e-05,0,0,,,1,2026-07-19,2026-07-19,51000.0,1.0,51000.0,0.00020151429390489879,,peripheral,0.8,"Признаков роли нет: вход 51 000 KZT от 1, выход 0 KZT к 0; передано 0%.",0.3812,peripheral,17
100000002779485100,2,False,1,0,91000.0,0.0,2,0,0.0,False,0,7,0,0.0,0.0,0.0,0,0,,,1,2026-07-01,2026-07-12,91000.0,0.47297385565499106,46962.217125091694,0.000185559961258248,,peripheral,0.8,"Признаков роли нет: вход 91 000 KZT от 1, выход 0 KZT к 0; передано 0%.",0.3811,peripheral,6
100000001380986100,2,False,1,0,70170.0,0.0,1,0,0.0,False,0,1,0,0.0,0.0,5.01279615617639e-07,0,0,,,1,2026-07-07,2026-07-07,70170.0,1.0,70170.0,0.0002772599608491519,,peripheral,0.8,"Признаков роли нет: вход 70 170 KZT от 1, выход 0 KZT к 0; передано 0%.",0.3809,peripheral,4
100000000806727100,2,False,1,1,45000.0,5000.0,1,1,0.1111111111111111,False,0,11,0,0.0,9.454327130423968e-254,1.862578378996418e-253,0,0,0.0,21.0,1,2026-07-08,2026-07-08,50000.0,0.715347532061092,33596.5725739726,0.0001452824523791419,,peripheral,0.8,"Признаков роли нет: вход 45 000 KZT от 1, выход 5 000 KZT к 1; передано 11%.",0.3805,peripheral,3
100000006008169100,1,False,1,0,70000.0,0.0,1,0,0.0,False,1,1,0,0.0,0.0,1.0100033243240566e-05,0,0,,,1,2026-07-12,2026-07-12,70000.0,1.0,70000.0,0.0002765882465361356,,peripheral,0.8,"Признаков роли нет: вход 70 000 KZT от 1, выход 0 KZT к 0; передано 0%.",0.3797,peripheral,10
100000006852430100,2,False,1,0,37000.0,0.0,1,0,0.0,False,0,11,0,0.0,0.0,0.0,0,0,,,1,2026-07-20,2026-07-20,37000.0,1.0,37000.0,0.00014619664459767167,,peripheral,0.8,"Признаков роли нет: вход 37 000 KZT от 1, выход 0 KZT к 0; передано 0%.",0.3797,peripheral,11
100000005877725100,1,False,1,0,70000.0,0.0,1,0,0.0,False,1,1,0,0.0,0.0,5.95500058530398e-11,0,1,,,1,2026-07-01,2026-07-01,70000.0,1.0,70000.0,0.0002765882465361356,,peripheral,0.8,"Признаков роли нет: вход 70 000 KZT от 1, выход 0 KZT к 0; передано 0%.",0.3797,peripheral,2
100000002689717100,4,False,1,0,47500.0,0.0,1,0,0.0,True,0,7,0,0.0,0.0,2.758273854900145e-06,0,0,,,1,2026-07-27,2026-07-27,47500.0,0.5245132233584058,26218.832548380524,0.00010359744172544221,0.3234385775262627,truncated,1.0,"Граница обхода, глубина 4: исходящие не выгружены. Получил 47 500 KZT от 1; P(переводит дальше)=32%.",0.3791,peripheral,9
100000001633685100,2,False,3,0,45000.0,0.0,3,0,0.0,False,0,7,0,0.0,0.0,0.00013688514567287784,0,0,,,1,2026-07-12,2026-07-17,45000.0,0.6884155823568979,31625.188622629674,0.0001249593638215147,,terminal,0.699,Признаки оседания: получил 45 000 KZT от 3 плательщиков; исходящих ≥5 000 KZT в наблюдаемой выборке 0.,0.379,terminal,1
100000006490615100,4,False,1,0,41600.0,0.0,6,0,0.0,True,0,7,0,0.0,0.0,1.23619985386e-313,0,0,,,1,2026-07-01,2026-07-26,41600.0,0.6315835235709054,26890.43782555602,0.00010625112923932185,0.3205180124544497,truncated,1.0,"Граница обхода, глубина 4: исходящие не выгружены. Получил 41 600 KZT от 1; P(переводит дальше)=32%.",0.3788,peripheral,13
100000000961900100,1,False,2,0,36000.0,0.0,3,0,0.0,False,1,7,0,0.0,0.0,0.0027944971937982335,0,0,,,1,2026-07-06,2026-07-14,36000.0,0.8657711670041232,32460.125662476505,0.00012825841770466864,,terminal,0.634,Признаки оседания: получил 36 000 KZT от 2 плательщиков; исходящих ≥5 000 KZT в наблюдаемой выборке 0.,0.3786,terminal,1
100000002539625100,2,False,1,0,94700.0,0.0,1,0,0.0,False,0,9,0,0.0,0.0,2.2952505568848687e-06,0,0,,,1,2026-07-16,2026-07-16,94700.0,0.3287238796394917,33096.05168759901,0.00013077112719345863,,peripheral,0.8,"Признаков роли нет: вход 94 700 KZT от 1, выход 0 KZT к 0; передано 0%.",0.3786,peripheral,5
100000004674412100,4,False,1,0,46000.0,0.0,1,0,0.0,True,0,8,0,0.0,0.0,1.23619985386e-313,0,0,,,1,2026-07-31,2026-07-31,46000.0,0.3937170066183862,19534.07114147294,7.718420692466037e-05,0.33212032828143373,truncated,1.0,"Граница обхода, глубина 4: исходящие не выгружены. Получил 46 000 KZT от 1; P(переводит дальше)=33%.",0.3782,peripheral,11
100000000785800100,2,False,1,1,19000.0,19000.0,1,1,1.0,False,0,1,1,0.0,4.80549224039712e-303,7.983534595344914e-303,1,11,1.0,0.0,1,2026-07-31,2026-07-31,38000.0,1.0,19000.0,0.0001501479052624736,,transit,1.0,"Признаки транзита: получил 19 000 KZT, передано 100%. 100% ушло в течение 2 дней после поступления.",0.3779,transit,55
100000002373144100,3,False,1,1,46468.0,10764.0,1,1,0.2316432813979513,False,0,7,0,1.922024458454748e-05,0.0,0.0011319383959652314,0,0,0.0,5.0,1,2026-07-13,2026-07-13,57232.0,0.6690797475280011,34673.209555773275,0.0001654597672051555,,peripheral,0.8,"Признаков роли нет: вход 46 468 KZT от 1, выход 10 764 KZT к 1; передано 23%.",0.3774,peripheral,1
100000003781406100,3,False,1,0,45000.0,0.0,2,0,0.0,False,0,9,0,0.0,0.0,0.0,0,0,,,1,2026-07-12,2026-07-12,45000.0,0.8335116469179609,37516.33411735003,0.00014823681528546365,,peripheral,0.8,"Признаков роли нет: вход 45 000 KZT от 1, выход 0 KZT к 0; передано 0%.",0.3774,peripheral,10
100000006351075100,4,False,1,0,40000.0,0.0,2,0,0.0,True,0,7,0,0.0,0.0,3.8798761239758137e-256,0,0,,,1,2026-07-31,2026-07-31,40000.0,0.6424778096295601,26637.72143352621,0.00010525258090022029,0.3313432993383151,truncated,1.0,"Граница обхода, глубина 4: исходящие не выгружены. Получил 40 000 KZT от 1; P(переводит дальше)=33%.",0.3772,peripheral,39
100000001550388100,1,False,1,0,50000.0,0.0,1,0,0.0,False,1,7,0,0.0,0.0,0.0021516815362503513,0,0,,,1,2026-07-18,2026-07-18,50000.0,1.0,50000.0,0.00019756303324009684,,peripheral,0.8,"Признаков роли нет: вход 50 000 KZT от 1, выход 0 KZT к 0; передано 0%.",0.3771,peripheral,1
100000006687202100,1,False,1,0,50000.0,0.0,1,0,0.0,False,1,7,0,0.0,0.0,0.0021516815362503513,0,0,,,1,2026-07-15,2026-07-15,50000.0,1.0,50000.0,0.00019756303324009684,,peripheral,0.8,"Признаков роли нет: вход 50 000 KZT от 1, выход 0 KZT к 0; передано 0%.",0.3771,peripheral,1
100000003988112100,2,False,1,1,92000.0,64000.0,2,5,0.6956521739130435,False,0,7,0,0.0,0.0009433664921267842,1.8751204579046785e-06,1,0,0.6875,0.5,1,2026-07-19,2026-07-19,156000.0,0.6132361674884903,56690.535097790904,0.00011129118559381296,,peripheral,0.8,"Признаков роли нет: вход 92 000 KZT от 1, выход 64 000 KZT к 1; передано 70%.",0.3765,peripheral,18
100000002236528100,3,False,1,0,66000.0,0.0,1,0,0.0,False,0,7,0,0.0,0.0,0.00010831189501834011,0,0,,,1,2026-07-10,2026-07-10,66000.0,0.6306110844025657,47281.60028809371,0.00018682192738723015,,peripheral,0.8,"Признаков роли нет: вход 66 000 KZT от 1, выход 0 KZT к 0; передано 0%.",0.376,peripheral,4
100000001835625100,3,False,1,0,75130.0,0.0,1,0,0.0,False,0,7,0,0.0,0.0,0.0029401739563140994,0,0,,,1,2026-07-16,2026-07-16,75130.0,0.5403576910379955,46518.84804620091,0.0001838080944569014,,peripheral,0.8,"Признаков роли нет: вход 75 130 KZT от 1, выход 0 KZT к 0; передано 0%.",0.3753,peripheral,8
100000000942301100,3,False,1,0,57580.0,0.0,2,0,0.0,False,0,7,0,0.0,0.0,0.001137907385155322,0,0,,,1,2026-07-07,2026-07-08,57580.0,0.7594437519994522,47836.367825047644,0.00018901395853416085,,peripheral,0.8,"Признаков роли нет: вход 57 580 KZT от 1, выход 0 KZT к 0; передано 0%.",0.3751,peripheral,1
100000004356593100,2,False,1,1,50000.0,10000.0,1,1,0.2,False,0,7,0,1.922024458454748e-05,0.0,0.0001421681899391104,0,0,0.0,7.0,1,2026-07-07,2026-07-07,60000.0,0.623412894157695,34093.25962111525,0.0001593440241418982,,peripheral,0.8,"Признаков роли нет: вход 50 000 KZT от 1, выход 10 000 KZT к 1; передано 20%.",0.375,peripheral,3
100000002580377100,1,False,1,1,37750.0,5000.0,2,1,0.13245033112582782,False,1,7,0,1.922024458454748e-05,0.0,0.0002952416008836587,0,0,0.0,3.0,1,2026-07-14,2026-07-20,42750.0,1.0,37750.0,0.0001689163934202828,,peripheral,0.8,"Признаков роли нет: вход 37 750 KZT от 1, выход 5 000 KZT к 1; передано 13%.",0.375,peripheral,7
100000008628818100,4,False,1,0,46310.0,0.0,1,0,0.0,True,0,7,0,0.0,0.0,2.758273854900145e-06,0,0,,,1,2026-07-28,2026-07-28,46310.0,0.5245132233584058,25561.981796115833,0.00010100205318537488,0.325502397401213,truncated,1.0,"Граница обхода, глубина 4: исходящие не выгружены. Получил 46 310 KZT от 1; P(переводит дальше)=33%.",0.3746,peripheral,9
100000007197866100,3,False,1,1,20000.0,15000.0,1,1,0.75,False,0,7,0,1.922024458454748e-05,0.0,0.0016044117305492448,0,0,1.0,0.0,1,2026-07-12,2026-07-12,35000.0,0.44201095570508103,10590.919020414043,6.80449892698106e-05,,transit,0.925,"Признаки транзита: получил 20 000 KZT, передано 75%. 100% ушло в течение 2 дней после поступления.",0.3743,transit,6
100000004209339100,2,False,1,2,138500.0,238500.0,6,11,1.7220216606498195,False,0,8,0,2.1003566247031264e-05,5.3540688490185076e-05,1.6242871664535988e-281,1,0,0.2830188679245283,1.0,1,2026-07-12,2026-07-19,377000.0,0.3235764769337134,44815.34205531931,1.3788245548780972e-05,,peripheral,0.8,"Признаков роли нет: вход 138 500 KZT от 1, выход 238 500 KZT к 2; передано 172% (возможны поступления вне выборки).",0.3742,peripheral,11
100000004192865100,2,False,1,0,66666.0,0.0,1,0,0.0,False,0,1,0,0.0,0.0,0.0,0,3,,,1,2026-07-01,2026-07-01,66666.0,1.0,66666.0,0.0002634147434796859,,peripheral,0.8,"Признаков роли нет: вход 66 666 KZT от 1, выход 0 KZT к 0; передано 0%.",0.3737,peripheral,28
100000003216073100,3,False,1,1,37001.0,70000.0,1,1,1.891840761060512,False,0,1,0,7.925874055483496e-07,0.0,7.936044019065454e-05,0,0,0.0,3.0,1,2026-07-14,2026-07-14,107001.0,0.8946973593964335,35161.07913654073,0.00038639336274005654,,peripheral,0.8,"Признаков роли нет: вход 37 001 KZT от 1, выход 70 000 KZT к 1; передано 189% (возможны поступления вне выборки).",0.3733,peripheral,6
100000001330595100,2,False,3,1,87000.0,154000.0,6,1,1.7701149425287357,False,0,1,0,1.1888811083225246e-06,0.0,5.569757656868242e-179,0,2,0.0,4.0,2,2026-07-01,2026-07-22,241000.0,0.3117083998945569,31515.92068624829,0.000314200353188905,,peripheral,0.8,"Признаков роли нет: вход 87 000 KZT от 3, выход 154 000 KZT к 1; передано 177% (возможны поступления вне выборки).",0.3727,peripheral,23
100000006527156100,4,False,1,0,48500.0,0.0,1,0,0.0,True,0,7,0,0.0,0.0,1.23619985386e-313,0,0,,,1,2026-07-08,2026-07-08,48500.0,0.48063411622399477,24840.69449608801,9.81520590486651e-05,0.2832332247748081,truncated,1.0,"Граница обхода, глубина 4: исходящие не выгружены. Получил 48 500 KZT от 1; P(переводит дальше)=28%.",0.3727,peripheral,45
100000008729597100,3,False,1,0,83090.0,0.0,1,0,0.0,False,0,7,0,0.0,0.0,0.0016044117305492448,0,0,,,1,2026-07-18,2026-07-18,83090.0,0.44201095570508103,43999.97307031014,0.00017385536284511362,,peripheral,0.8,"Признаков роли нет: вход 83 090 KZT от 1, выход 0 KZT к 0; передано 0%.",0.3712,peripheral,6
100000002952631100,1,False,1,0,48050.0,0.0,1,0,0.0,False,1,7,0,0.0,0.0,0.0002952416008836587,0,0,,,1,2026-07-04,2026-07-04,48050.0,1.0,48050.0,0.00018985807494373307,,peripheral,0.8,"Признаков роли нет: вход 48 050 KZT от 1, выход 0 KZT к 0; передано 0%.",0.3704,peripheral,7
100000003782913100,4,False,1,0,200000.0,0.0,1,0,0.0,True,0,7,0,0.0,0.0,5.9204628229038967e-08,0,0,,,1,2026-07-16,2026-07-16,200000.0,0.08079673372007973,17925.363393131043,7.082778327754693e-05,0.3073511034175507,truncated,1.0,"Граница обхода, глубина 4: исходящие не выгружены. Получил 200 000 KZT от 1; P(переводит дальше)=31%.",0.3697,peripheral,14
100000003832231100,1,False,1,0,35000.0,0.0,1,0,0.0,False,1,10,0,0.0,0.0,0.0004611679456476809,0,0,,,1,2026-07-16,2026-07-16,35000.0,1.0,35000.0,0.0001382941232680678,,peripheral,0.8,"Признаков роли нет: вход 35 000 KZT от 1, выход 0 KZT к 0; передано 0%.",0.3697,peripheral,3
100000003097947100,4,False,1,0,52980.0,0.0,1,0,0.0,True,0,7,0,0.0,0.0,9.023756758629543e-290,0,0,,,1,2026-07-24,2026-07-24,52980.0,0.3927865510357105,23417.740433255192,9.252959663242639e-05,0.31746812584945056,truncated,1.0,"Граница обхода, глубина 4: исходящие не выгружены. Получил 52 980 KZT от 1; P(переводит дальше)=32%.",0.3696,peripheral,6
100000003486846100,4,False,1,0,27000.0,0.0,2,0,0.0,True,0,7,0,0.0,0.0,0.0,0,0,,,1,2026-07-12,2026-07-14,27000.0,0.9731320095369207,26896.577533803742,0.0001062753888271442,0.2925860636641816,truncated,1.0,"Граница обхода, глубина 4: исходящие не выгружены. Получил 27 000 KZT от 1; P(переводит дальше)=29%.",0.3695,peripheral,7
100000006989106100,2,False,1,0,64000.0,0.0,2,0,0.0,False,0,1,0,0.0,0.0,0.0,0,0,,,1,2026-07-23,2026-07-25,64000.0,1.0,64000.0,0.000252880682547324,,peripheral,0.8,"Признаков роли нет: вход 64 000 KZT от 1, выход 0 KZT к 0; передано 0%.",0.3693,peripheral,4
100000008251939100,4,False,1,0,44360.0,0.0,1,0,0.0,True,0,7,0,0.0,0.0,2.758273854900145e-06,0,0,,,1,2026-07-12,2026-07-12,44360.0,0.5245132233584058,24485.62972307705,9.674910557767974e-05,0.2910047035649896,truncated,1.0,"Граница обхода, глубина 4: исходящие не выгружены. Получил 44 360 KZT от 1; P(переводит дальше)=29%.",0.3691,peripheral,9
100000006122699100,2,False,2,0,45865.0,0.0,2,0,0.0,False,0,7,0,0.0,0.0,7.403304069327434e-06,0,0,,,2,2026-07-01,2026-07-01,45865.0,0.6244377258854935,28896.965226860826,0.00011417944203303677,,terminal,0.636,Признаки оседания: получил 45 865 KZT от 2 плательщиков; исходящих ≥5 000 KZT в наблюдаемой выборке 0.,0.3688,terminal,10
100000008669310100,3,False,1,0,59567.0,0.0,2,0,0.0,False,0,7,0,0.0,0.0,0.0029057815328092595,0,0,,,1,2026-07-03,2026-07-27,59567.0,0.6659430358381554,45070.91208825577,0.0001780869220610292,,peripheral,0.8,"Признаков роли нет: вход 59 567 KZT от 1, выход 0 KZT к 0; передано 0%.",0.3687,peripheral,1
100000002750956100,1,False,1,0,47416.0,0.0,1,0,0.0,False,1,7,0,0.0,0.0,0.0021516815362503513,0,0,,,1,2026-07-04,2026-07-04,47416.0,1.0,47416.0,0.00018735297568224865,,peripheral,0.8,"Признаков роли нет: вход 47 416 KZT от 1, выход 0 KZT к 0; передано 0%.",0.3686,peripheral,1
100000004750321100,3,False,2,0,50185.0,0.0,2,0,0.0,False,0,7,0,0.0,0.0,0.00010970066037760073,0,0,,,1,2026-07-23,2026-07-30,50185.0,0.5171946947016595,27918.969233498276,0.00011031512493407717,,terminal,0.638,Признаки оседания: получил 50 185 KZT от 2 плательщиков; исходящих ≥5 000 KZT в наблюдаемой выборке 0.,0.3686,terminal,9
100000003886323100,1,False,2,1,78168.0,7650.0,6,1,0.09786613447958244,False,1,7,0,1.922024458454748e-05,0.0,0.0002976021605979045,1,0,0.0,3.0,1,2026-07-03,2026-07-22,85818.0,0.34301170778759604,31932.44893555207,0.00013654169372419775,,peripheral,0.8,"Признаков роли нет: вход 78 168 KZT от 2, выход 7 650 KZT к 1; передано 10%.",0.3685,peripheral,7
100000002757240100,2,False,1,0,51183.0,0.0,1,0,0.0,False,0,9,0,0.0,0.0,0.0001427672909306537,0,0,,,1,2026-07-19,2026-07-19,51183.0,0.5957146489028127,33858.98790168177,0.00013378568704582521,,peripheral,0.8,"Признаков роли нет: вход 51 183 KZT от 1, выход 0 KZT к 0; передано 0%.",0.3683,peripheral,3
100000000955529100,3,False,1,1,27000.0,63500.0,1,1,2.3518518518518516,False,0,7,0,3.368496473580486e-06,0.00019785421761571372,6.407022137400362e-07,0,0,0.0,7.0,1,2026-07-07,2026-07-07,90500.0,0.7340348423324576,20186.288064873952,0.0002639343364420838,,peripheral,0.8,"Признаков роли нет: вход 27 000 KZT от 1, выход 63 500 KZT к 1; передано 235% (возможны поступления вне выборки).",0.3682,peripheral,3
100000000291908100,3,False,1,1,295500.0,13300.0,5,1,0.045008460236886635,False,0,7,0,1.981468513870874e-05,0.0,0.0,0,0,0.0,4.0,1,2026-07-01,2026-07-31,308800.0,0.06058906092324415,23627.69497698733,9.654324396537575e-05,,peripheral,0.8,"Признаков роли нет: вход 295 500 KZT от 1, выход 13 300 KZT к 1; передано 5%.",0.3681,peripheral,49
100000003971049100,2,False,1,0,55900.0,0.0,7,0,0.0,False,0,7,0,0.0,0.0,5.172134115335331e-05,0,0,,,1,2026-07-14,2026-07-30,55900.0,0.7930851940305708,45061.37785682857,0.00017804924982743313,,peripheral,0.8,"Признаков роли нет: вход 55 900 KZT от 1, выход 0 KZT к 0; передано 0%.",0.3676,peripheral,1
100000002612809100,3,False,1,3,30000.0,114000.0,2,4,3.8,False,0,1,0,1.5851748110966993e-06,3.051713961844856e-281,1.23619985386e-313,1,0,0.13157894736842105,4.0,1,2026-07-25,2026-07-27,144000.0,0.8345131208961861,27274.333755937183,0.000381374435130083,,peripheral,0.8,"Признаков роли нет: вход 30 000 KZT от 1, выход 114 000 KZT к 3; передано 380% (возможны поступления вне выборки).",0.3672,peripheral,35
100000008737958100,1,False,2,0,53373.0,0.0,2,0,0.0,False,1,1,0,0.0,0.0,6.031200091411576e-11,0,1,,,1,2026-07-20,2026-07-28,53373.0,0.7109279859011162,37944.35939150027,0.0001499280547146656,,terminal,0.638,Признаки оседания: получил 53 373 KZT от 2 плательщиков; исходящих ≥5 000 KZT в наблюдаемой выборке 0.,0.367,terminal,2
100000003610172100,3,False,1,0,70000.0,0.0,1,0,0.0,False,0,7,0,0.0,0.0,0.0029401739563140994,0,0,,,1,2026-07-06,2026-07-06,70000.0,0.5403576910379955,43342.464571197444,0.00017125737537578478,,peripheral,0.8,"Признаков роли нет: вход 70 000 KZT от 1, выход 0 KZT к 0; передано 0%.",0.3669,peripheral,8
100000003567087100,1,False,1,0,62115.0,0.0,1,0,0.0,False,1,1,0,0.0,0.0,5.95500058530398e-11,0,1,,,1,2026-07-06,2026-07-06,62115.0,1.0,62115.0,0.00024543255619417233,,peripheral,0.8,"Признаков роли нет: вход 62 115 KZT от 1, выход 0 KZT к 0; передано 0%.",0.3666,peripheral,2
100000004717647100,3,False,1,5,300000.0,2240000.0,2,10,7.466666666666667,False,0,7,0,7.767356574373826e-05,4.110933088125036e-05,0.0,1,0,0.020982142857142855,0.0,1,2026-07-27,2026-07-28,2540000.0,0.012030041873140771,5337.876548299846,0.0001275671236372466,,peripheral,0.8,"Признаков роли нет: вход 300 000 KZT от 1, выход 2 240 000 KZT к 5; передано 747% (возможны поступления вне выборки).",0.3665,peripheral,43
100000004569484100,3,False,2,4,98312.0,156000.0,3,4,1.586784929611848,False,0,7,0,0.002793401699161766,9.190404790363823e-05,2.7172063209490193e-05,4,0,0.0,10.0,1,2026-07-03,2026-07-28,254312.0,0.3802750728452597,40120.11907553391,-0.0046109861665433,,peripheral,0.8,"Признаков роли нет: вход 98 312 KZT от 2, выход 156 000 KZT к 4; передано 159% (возможны поступления вне выборки).",0.3661,peripheral,9
100000006789108100,1,False,1,0,37500.0,0.0,1,0,0.0,False,1,8,0,0.0,0.0,0.00012279960108290615,0,0,,,1,2026-07-02,2026-07-02,37500.0,1.0,37500.0,0.00014817227493007262,,peripheral,0.8,"Признаков роли нет: вход 37 500 KZT от 1, выход 0 KZT к 0; передано 0%.",0.3659,peripheral,11
100000008071620100,1,False,1,0,46968.0,0.0,1,0,0.0,False,1,7,0,0.0,0.0,0.0021516815362503513,0,0,,,1,2026-07-14,2026-07-14,46968.0,1.0,46968.0,0.00018558281090441737,,peripheral,0.8,"Признаков роли нет: вход 46 968 KZT от 1, выход 0 KZT к 0; передано 0%.",0.3658,peripheral,1
100000002860934100,4,False,1,0,279500.0,0.0,4,0,0.0,True,0,7,0,0.0,0.0,3.0386804526261044e-11,0,0,,,1,2026-07-06,2026-07-29,279500.0,0.05830610406029438,16414.03193956982,6.485611875361032e-05,0.3377219578898074,truncated,1.0,"Граница обхода, глубина 4: исходящие не выгружены. Получил 279 500 KZT от 1; P(переводит дальше)=34%.",0.3656,peripheral,27
100000006248077100,2,False,1,0,50000.0,0.0,1,0,0.0,False,0,7,0,0.0,0.0,4.0407558618990766e-06,0,0,,,1,2026-07-22,2026-07-22,50000.0,0.9068077100485716,45740.419808116305,0.00018073232157935008,,peripheral,0.8,"Признаков роли нет: вход 50 000 KZT от 1, выход 0 KZT к 0; передано 0%.",0.3656,peripheral,7
100000008459449100,3,False,1,0,53700.0,0.0,1,0,0.0,False,0,7,0,0.0,0.0,0.001137907385155322,0,0,,,1,2026-07-03,2026-07-03,53700.0,0.7594437519994522,44612.93769025805,0.0001762773458367763,,peripheral,0.8,"Признаков роли нет: вход 53 700 KZT от 1, выход 0 KZT к 0; передано 0%.",0.3652,peripheral,1
100000002713974100,4,False,1,0,50000.0,0.0,1,0,0.0,True,0,7,0,0.0,0.0,0.0,0,0,,,1,2026-07-11,2026-07-11,50000.0,0.3556318870514805,22708.11402208415,8.972567770726671e-05,0.28955219779333286,truncated,1.0,"Граница обхода, глубина 4: исходящие не выгружены. Получил 50 000 KZT от 1; P(переводит дальше)=29%.",0.3651,peripheral,6
100000002844652100,1,False,1,0,61360.0,0.0,1,0,0.0,False,1,1,0,0.0,0.0,4.341414826156218e-06,0,0,,,1,2026-07-07,2026-07-07,61360.0,1.0,61360.0,0.00024244935439224685,,peripheral,0.8,"Признаков роли нет: вход 61 360 KZT от 1, выход 0 KZT к 0; передано 0%.",0.3648,peripheral,4
100000005454368100,0,True,2,0,48600.0,0.0,2,0,0.0,False,0,7,0,0.0,0.0,5.071743635436099e-06,0,0,,,1,2026-07-19,2026-07-20,48600.0,1.0,27367.825209809576,0.00010813741123264345,,terminal,0.637,Признаки оседания: получил 48 600 KZT от 2 плательщиков; исходящих ≥5 000 KZT в наблюдаемой выборке 0.,0.3647,terminal,13
100000005142589100,2,False,1,0,50000.0,0.0,2,0,0.0,False,0,7,0,0.0,0.0,5.346851613561035e-05,0,0,,,1,2026-07-26,2026-07-26,50000.0,0.8958468379705558,45134.135719049686,0.00017833673510643966,,peripheral,0.8,"Признаков роли нет: вход 50 000 KZT от 1, выход 0 KZT к 0; передано 0%.",0.3646,peripheral,1
100000008634520100,3,False,1,0,90000.0,0.0,1,0,0.0,False,0,8,0,0.0,0.0,2.612568276300329e-07,0,0,,,1,2026-07-16,2026-07-16,90000.0,0.31231090742183704,31416.530436678102,0.00012413490093894652,,peripheral,0.8,"Признаков роли нет: вход 90 000 KZT от 1, выход 0 KZT к 0; передано 0%.",0.3637,peripheral,5
100000006706519100,4,False,1,0,36000.0,0.0,3,0,0.0,True,0,7,0,0.0,0.0,0.0,0,0,,,1,2026-07-04,2026-07-27,36000.0,0.6424778096295601,23973.94929017359,9.472732281015116e-05,0.32191913335861666,truncated,1.0,"Граница обхода, глубина 4: исходящие не выгружены. Получил 36 000 KZT от 1; P(переводит дальше)=32%.",0.3633,peripheral,1
100000000629812100,2,False,2,0,22000.0,0.0,2,0,0.0,False,0,10,0,0.0,0.0,4.0735881271318924e-06,0,0,,,1,2026-07-03,2026-07-28,22000.0,0.9576398682038962,21148.083961623262,8.356159229342261e-05,,terminal,0.63,Признаки оседания: получил 22 000 KZT от 2 плательщиков; исходящих ≥5 000 KZT в наблюдаемой выборке 0.,0.3633,terminal,54
100000000790311100,2,False,1,0,46300.0,0.0,1,0,0.0,False,0,7,0,0.0,0.0,3.5676348106616587e-05,0,0,,,1,2026-07-27,2026-07-27,46300.0,0.9795583123763397,45974.89332673512,0.00018165878757037148,,peripheral,0.8,"Признаков роли нет: вход 46 300 KZT от 1, выход 0 KZT к 0; передано 0%.",0.3631,peripheral,15
100000004931931100,3,False,1,1,23938.0,45000.0,1,1,1.8798562954298605,False,0,7,0,1.922024458454748e-05,0.0,0.001137907385155322,0,0,0.0,3.0,1,2026-07-07,2026-07-07,68938.0,0.7594437519994521,19887.234682111677,0.00021361385822933572,,peripheral,0.8,"Признаков роли нет: вход 23 938 KZT от 1, выход 45 000 KZT к 1; передано 188% (возможны поступления вне выборки).",0.3628,peripheral,1
100000008765627100,2,False,1,0,60000.0,0.0,1,0,0.0,False,0,1,0,0.0,0.0,2.8721411760945644e-05,0,0,,,1,2026-07-28,2026-07-28,60000.0,1.0,60000.0,0.0002370756398881162,,peripheral,0.8,"Признаков роли нет: вход 60 000 KZT от 1, выход 0 KZT к 0; передано 0%.",0.3623,peripheral,4
100000002984403100,3,False,1,1,20000.0,25000.0,1,1,1.25,False,0,7,0,2.0012831990095827e-05,0.0,2.5006816366679155e-06,0,0,0.0,,1,2026-07-26,2026-07-26,45000.0,0.2622063603196312,6666.529482513848,5.224233765469885e-05,,transit,0.625,"Признаки транзита: получил 20 000 KZT, передано 125%. 0% ушло в течение 2 дней после поступления.",0.362,transit,24
100000005849100100,2,False,1,0,33300.0,0.0,1,0,0.0,False,0,10,0,0.0,0.0,0.0,0,0,,,1,2026-07-15,2026-07-15,33300.0,1.0,33300.0,0.0001315769801379045,,peripheral,0.8,"Признаков роли нет: вход 33 300 KZT от 1, выход 0 KZT к 0; передано 0%.",0.3614,peripheral,3
100000008461217100,4,False,1,0,18000.0,0.0,1,0,0.0,True,0,10,0,0.0,0.0,0.0,0,0,,,1,2026-07-24,2026-07-24,18000.0,1.0,18000.0,7.112269196643486e-05,0.3116309674028471,truncated,1.0,"Граница обхода, глубина 4: исходящие не выгружены. Получил 18 000 KZT от 1; P(переводит дальше)=31%.",0.3609,peripheral,50
100000008738325100,0,True,1,1,36550.0,54000.0,1,1,1.4774281805745555,False,1,1,1,1.981468513870874e-07,1.246538259851521e-06,0.0,0,0,0.0,,1,2026-07-23,2026-07-23,90550.0,1.0,36550.0,0.0003577866531978154,,peripheral,0.8,"Признаков роли нет: вход 36 550 KZT от 1, выход 54 000 KZT к 1; передано 148% (возможны поступления вне выборки).",0.3607,peripheral,18
100000005974542100,3,False,1,0,94500.0,0.0,3,0,0.0,False,0,7,0,0.0,0.0,3.197873561503488e-06,0,0,,,1,2026-07-01,2026-07-14,94500.0,0.3625361275118355,38869.597118197205,0.00015358391014972018,,peripheral,0.8,"Признаков роли нет: вход 94 500 KZT от 1, выход 0 KZT к 0; передано 0%.",0.3606,peripheral,21
100000003237045100,2,False,1,1,340200.0,150000.0,2,1,0.4409171075837742,False,0,7,0,0.0,0.0001266670775836496,1.8799730754466785e-07,1,0,0.0,,1,2026-07-24,2026-07-24,490200.0,0.6346021572554058,215891.65389828905,-0.004595678004819448,,peripheral,0.8,"Признаков роли нет: вход 340 200 KZT от 1, выход 150 000 KZT к 1; передано 44%.",0.3605,peripheral,7
100000002611334100,3,False,1,1,48288.0,15500.0,1,1,0.3209907223326706,False,0,7,0,1.922024458454748e-05,0.0,0.0006428156575478821,0,0,0.0,27.0,1,2026-07-02,2026-07-02,63788.0,0.4630846680164925,29295.39422107394,0.00014411514646019513,,peripheral,0.8,"Признаков роли нет: вход 48 288 KZT от 1, выход 15 500 KZT к 1; передано 32%.",0.3602,peripheral,1
100000002371892100,4,False,1,0,43830.0,0.0,1,0,0.0,True,0,7,0,0.0,0.0,0.0,0,0,,,1,2026-07-21,2026-07-21,43830.0,0.5099073570070952,22349.239457620984,8.830767075708298e-05,0.30995220619262337,truncated,1.0,"Граница обхода, глубина 4: исходящие не выгружены. Получил 43 830 KZT от 1; P(переводит дальше)=31%.",0.36,peripheral,61
100000004890713100,4,False,1,0,40485.0,0.0,1,0,0.0,True,0,7,0,0.0,0.0,2.758273854900145e-06,0,0,,,1,2026-07-14,2026-07-14,40485.0,0.5245132233584058,22346.724962551274,8.829773533172005e-05,0.2946932529504655,truncated,1.0,"Граница обхода, глубина 4: исходящие не выгружены. Получил 40 485 KZT от 1; P(переводит дальше)=29%.",0.3586,peripheral,9
100000008701256100,2,False,1,0,58250.0,0.0,1,0,0.0,False,0,7,0,0.0,0.0,4.8405838633681733e-05,0,0,,,1,2026-07-24,2026-07-24,58250.0,0.6908497347878287,41347.11944525392,0.00016337324666682252,,peripheral,0.8,"Признаков роли нет: вход 58 250 KZT от 1, выход 0 KZT к 0; передано 0%.",0.3583,peripheral,1
100000005608515100,2,False,1,0,64000.0,0.0,4,0,0.0,False,0,1,0,0.0,0.0,1.23619985386e-313,0,0,,,1,2026-07-03,2026-07-14,64000.0,0.8872389953130658,56783.295700036215,0.0002243656027173986,,peripheral,0.8,"Признаков роли нет: вход 64 000 KZT от 1, выход 0 KZT к 0; передано 0%.",0.3577,peripheral,48
100000005175148100,2,False,2,1,79000.0,15000.0,4,1,0.189873417721519,False,0,7,0,0.0,0.00014314447970799777,5.127732812735449e-06,2,0,1.0,1.0,1,2026-07-20,2026-07-23,94000.0,0.4955724225046312,43835.344256852375,0.00012829328639382473,,peripheral,0.8,"Признаков роли нет: вход 79 000 KZT от 2, выход 15 000 KZT к 1; передано 19%.",0.3574,peripheral,15
100000007539296100,4,False,1,0,46000.0,0.0,2,0,0.0,True,0,7,0,0.0,0.0,0.0,0,0,,,1,2026-07-19,2026-07-27,46000.0,0.45143450760591924,21050.213631611357,8.317488110821917e-05,0.32326250338561974,truncated,1.0,"Граница обхода, глубина 4: исходящие не выгружены. Получил 46 000 KZT от 1; P(переводит дальше)=32%.",0.3569,peripheral,8
100000008028628100,1,False,1,0,57224.0,0.0,1,0,0.0,False,1,1,0,0.0,0.0,5.95500058530398e-11,0,1,,,1,2026-07-08,2026-07-08,57224.0,1.0,57224.0,0.00022610694028262605,,peripheral,0.8,"Признаков роли нет: вход 57 224 KZT от 1, выход 0 KZT к 0; передано 0%.",0.3566,peripheral,2
100000008701944100,1,False,1,0,52124.0,0.0,1,0,0.0,False,1,2,0,0.0,0.0,2.394324219398595e-06,0,0,,,1,2026-07-12,2026-07-12,52124.0,1.0,52124.0,0.00020595551089213615,,peripheral,0.8,"Признаков роли нет: вход 52 124 KZT от 1, выход 0 KZT к 0; передано 0%.",0.3564,peripheral,59
100000001530709100,3,False,1,0,53961.0,0.0,1,0,0.0,False,0,7,0,0.0,0.0,0.0029057815328092595,0,0,,,1,2026-07-16,2026-07-16,53961.0,0.6659430358381553,40829.17533524216,0.00016132671447850733,,peripheral,0.8,"Признаков роли нет: вход 53 961 KZT от 1, выход 0 KZT к 0; передано 0%.",0.3563,peripheral,1
100000001445848100,3,False,1,1,546000.0,351850.0,13,14,0.6444139194139195,False,0,7,0,0.0,2.2189932289331476e-05,2.3749511394193016e-243,1,0,0.6863720335370186,1.0,1,2026-07-06,2026-07-28,897850.0,0.22416528827701415,162064.50470767074,-5.1221510709091556e-05,,peripheral,0.8,"Признаков роли нет: вход 546 000 KZT от 1, выход 351 850 KZT к 1; передано 64%.",0.3562,peripheral,33
100000000507799100,1,False,1,1,5132.0,8000.0,1,1,1.558846453624318,False,1,7,0,0.00011532146750728487,4.80549224039712e-303,0.0002952416008836587,0,0,0.0,3.0,1,2026-07-22,2026-07-22,13132.0,1.0,5132.0,0.0005362368824988671,,peripheral,0.8,"Признаков роли нет: вход 5 132 KZT от 1, выход 8 000 KZT к 1; передано 156% (возможны поступления вне выборки).",0.3561,peripheral,36
100000008417359100,3,False,1,2,40810.0,110760.0,2,3,2.714040676304827,False,0,7,0,0.0,0.0002451269783946278,0.000233344615948652,1,0,0.8125677139761647,1.0,1,2026-07-12,2026-07-31,151570.0,0.6610369390367882,28115.78540302043,-0.0005768012646014646,,transit,0.644,"Признаки транзита: получил 40 810 KZT, передано 271% (возможны поступления вне выборки). 81% ушло в течение 2 дней после поступления.",0.3556,transit,16
100000004005964100,1,False,3,3,97900.0,72000.0,9,5,0.7354443309499489,False,1,1,1,4.953671284677185e-07,8.18933144166518e-179,5.681750443300856e-179,12,2,0.625,1.0,1,2026-07-06,2026-07-30,169900.0,0.45912025344291385,48808.54475902855,-0.0009778994876959558,,transit,0.808,"Признаки транзита: получил 97 900 KZT, передано 74%. 62% ушло в течение 2 дней после поступления.",0.3551,transit,23
100000001439416100,3,False,1,2,10000.0,165000.0,1,3,16.5,False,0,7,0,1.981468513870874e-05,0.00010279294288180193,2.350941696846872e-06,1,0,0.0,18.0,1,2026-07-09,2026-07-09,175000.0,0.47830888609990535,5071.689086759361,0.0003235520460735357,,peripheral,0.8,"Признаков роли нет: вход 10 000 KZT от 1, выход 165 000 KZT к 2; передано 1650% (возможны поступления вне выборки).",0.3544,peripheral,1
100000004784224100,1,False,1,1,23500.0,100000.0,2,1,4.25531914893617,False,1,1,0,1.981468513870874e-07,0.0,1.23619985386e-313,0,0,0.0,5.0,1,2026-07-11,2026-07-12,123500.0,1.0,23500.0,0.0004879806921030392,,peripheral,0.8,"Признаков роли нет: вход 23 500 KZT от 1, выход 100 000 KZT к 1; передано 426% (возможны поступления вне выборки).",0.3542,peripheral,22
100000002864680100,1,False,1,0,55932.0,0.0,1,0,0.0,False,1,1,0,0.0,0.0,1.0100033243240566e-05,0,0,,,1,2026-07-13,2026-07-13,55932.0,1.0,55932.0,0.00022100191150370194,,peripheral,0.8,"Признаков роли нет: вход 55 932 KZT от 1, выход 0 KZT к 0; передано 0%.",0.3541,peripheral,10
100000002188586100,4,False,1,0,38310.0,0.0,1,0,0.0,True,0,7,0,0.0,0.0,2.758273854900145e-06,0,0,,,1,2026-07-28,2026-07-28,38310.0,0.5245132233584058,21146.17841954648,8.355406300009179e-05,0.3244590481723888,truncated,1.0,"Граница обхода, глубина 4: исходящие не выгружены. Получил 38 310 KZT от 1; P(переводит дальше)=32%.",0.3536,peripheral,9
100000008745489100,1,False,1,0,55539.0,0.0,1,0,0.0,False,1,1,0,0.0,0.0,5.95500058530398e-11,0,1,,,1,2026-07-22,2026-07-22,55539.0,1.0,55539.0,0.00021944906606243477,,peripheral,0.8,"Признаков роли нет: вход 55 539 KZT от 1, выход 0 KZT к 0; передано 0%.",0.353,peripheral,2
100000002606567100,1,False,1,1,14095.0,53000.0,1,1,3.7601986520042567,False,1,7,0,1.922024458454748e-05,0.0,0.0021516815362503513,0,0,0.0,,1,2026-07-09,2026-07-09,67095.0,1.0,14095.0,0.00026510983430488595,,peripheral,0.8,"Признаков роли нет: вход 14 095 KZT от 1, выход 53 000 KZT к 1; передано 376% (возможны поступления вне выборки).",0.3527,peripheral,1
100000002182176100,1,False,1,0,42465.0,0.0,1,0,0.0,False,1,7,0,0.0,0.0,0.0021516815362503513,0,0,,,1,2026-07-05,2026-07-05,42465.0,1.0,42465.0,0.00016779028413081425,,peripheral,0.8,"Признаков роли нет: вход 42 465 KZT от 1, выход 0 KZT к 0; передано 0%.",0.3526,peripheral,1
100000008736760100,1,False,1,0,54757.0,0.0,1,0,0.0,False,1,1,0,0.0,0.0,5.95500058530398e-11,0,1,,,1,2026-07-20,2026-07-20,54757.0,1.0,54757.0,0.00021635918022255965,,peripheral,0.8,"Признаков роли нет: вход 54 757 KZT от 1, выход 0 KZT к 0; передано 0%.",0.3518,peripheral,2
100000000737152100,4,False,1,0,35000.0,0.0,1,0,0.0,True,0,7,0,0.0,0.0,0.0,0,0,,,1,2026-07-06,2026-07-06,35000.0,0.5759716809994979,21076.351645488874,8.327815921439563e-05,0.27752635693728805,truncated,1.0,"Граница обхода, глубина 4: исходящие не выгружены. Получил 35 000 KZT от 1; P(переводит дальше)=28%.",0.3515,peripheral,1
100000005367284100,3,False,1,2,13700.0,48300.0,1,5,3.5255474452554743,False,0,7,0,3.844048916909496e-05,0.0,0.001137907385155322,0,0,0.2836438923395445,4.0,1,2026-07-07,2026-07-07,62000.0,0.7594437519994524,11381.699187272538,0.0001899087791359209,,peripheral,0.8,"Признаков роли нет: вход 13 700 KZT от 1, выход 48 300 KZT к 2; передано 353% (возможны поступления вне выборки).",0.3513,peripheral,1
100000008406609100,2,False,1,0,34000.0,0.0,1,0,0.0,False,0,8,0,0.0,0.0,7.9835345953449e-303,0,0,,,1,2026-07-09,2026-07-09,34000.0,1.0,34000.0,0.00013434286260326586,,peripheral,0.8,"Признаков роли нет: вход 34 000 KZT от 1, выход 0 KZT к 0; передано 0%.",0.3511,peripheral,18
100000006894637100,3,False,1,0,52831.0,0.0,1,0,0.0,False,0,7,0,0.0,0.0,0.0011319383959652314,0,0,,,1,2026-07-23,2026-07-23,52831.0,0.6690797475280011,39421.11418699015,0.0001557630978497673,,peripheral,0.8,"Признаков роли нет: вход 52 831 KZT от 1, выход 0 KZT к 0; передано 0%.",0.3511,peripheral,1
100000001386612100,2,False,1,0,62264.0,0.0,1,0,0.0,False,0,7,0,0.0,0.0,1.8751204579046785e-06,0,0,,,1,2026-07-04,2026-07-04,62264.0,0.6132361674884903,38367.168231835356,0.0001515986826542095,,peripheral,0.8,"Признаков роли нет: вход 62 264 KZT от 1, выход 0 KZT к 0; передано 0%.",0.3509,peripheral,18
100000008008463100,2,False,1,0,54180.0,0.0,1,0,0.0,False,0,1,0,0.0,0.0,2.8721411760945644e-05,0,0,,,1,2026-07-28,2026-07-28,54180.0,1.0,54180.0,0.00021407930281896895,,peripheral,0.8,"Признаков роли нет: вход 54 180 KZT от 1, выход 0 KZT к 0; передано 0%.",0.3506,peripheral,4
100000008436257100,3,False,2,0,35000.0,0.0,2,0,0.0,False,0,7,0,0.0,0.0,0.00025203680321420047,0,0,,,2,2026-07-18,2026-07-18,35000.0,0.6836057057953848,26097.119003373427,0.00010311651978273148,,terminal,0.634,Признаки оседания: получил 35 000 KZT от 2 плательщиков; исходящих ≥5 000 KZT в наблюдаемой выборке 0.,0.3502,terminal,16
100000000933075100,3,False,1,2,40000.0,55000.0,1,2,1.375,False,0,8,0,2.139985994980544e-05,4.755615016242943e-298,1.0252342405126814e-06,1,0,0.7272727272727273,11.5,1,2026-07-08,2026-07-08,95000.0,0.0735777071085092,3534.3182387950546,1.182057529567532e-05,,transit,0.806,"Признаки транзита: получил 40 000 KZT, передано 138% (возможны поступления вне выборки). 73% ушло в течение 2 дней после поступления.",0.3502,transit,10
100000002229615100,4,False,1,0,25000.0,0.0,1,0,0.0,True,0,7,0,0.0,0.0,0.0,0,0,,,1,2026-07-08,2026-07-08,25000.0,0.8904176739116392,23145.55188436323,9.1454108725777e-05,0.2798714595916698,truncated,1.0,"Граница обхода, глубина 4: исходящие не выгружены. Получил 25 000 KZT от 1; P(переводит дальше)=28%.",0.3502,peripheral,20
100000005873152100,3,False,1,1,10000.0,10000.0,1,1,1.0,False,0,11,0,3.962937027741748e-07,1.3851693386386753e-07,0.0,2,0,0.0,,1,2026-07-05,2026-07-05,20000.0,0.6257159406223454,6918.7810880797115,5.121733454223041e-05,,transit,0.7,"Признаки транзита: получил 10 000 KZT, передано 100%. 0% ушло в течение 2 дней после поступления.",0.3498,transit,11
100000006169033100,3,False,1,3,49000.0,1140271.0,1,10,23.270836734693876,False,0,7,0,3.923307657464331e-05,6.477997615971343e-05,2.4284365594566553e-05,1,0,0.0,6.5,1,2026-07-11,2026-07-11,1189271.0,0.08416429932669178,5419.421092876221,0.0001260670820645138,,peripheral,0.8,"Признаков роли нет: вход 49 000 KZT от 1, выход 1 140 271 KZT к 3; передано 2327% (возможны поступления вне выборки).",0.3494,peripheral,40
100000007982728100,0,True,0,8,0.0,1804384.0,0,12,,False,0,0,1,0.0,0.00219446420588083,0.0,0,0,0.0,,0,,,1804384.0,1.0,0.0,0.03607870870267229,,peripheral,0.8,"Признаков роли нет: вход 0 KZT от 0, выход 1 804 384 KZT к 8; передано н/д.",0.3492,peripheral,4
100000004500444100,3,False,2,1,180000.0,74000.0,7,5,0.4111111111111111,False,0,7,0,1.9418391435934565e-05,0.0,2.4610559372179517e-05,0,0,1.0,1.0,1,2026-07-01,2026-07-21,254000.0,0.08570233552317721,18985.319915929264,0.00010007473556780583,,peripheral,0.8,"Признаков роли нет: вход 180 000 KZT от 2, выход 74 000 KZT к 1; передано 41%.",0.349,peripheral,14
100000001853812100,3,False,1,0,70000.0,0.0,1,0,0.0,False,0,7,0,0.0,0.0,0.0016044117305492448,0,0,,,1,2026-07-10,2026-07-10,70000.0,0.44201095570508103,37068.21657144915,0.00014646618605313063,,peripheral,0.8,"Признаков роли нет: вход 70 000 KZT от 1, выход 0 KZT к 0; передано 0%.",0.3485,peripheral,6
100000000640800100,3,False,1,4,80000.0,518135.0,1,6,6.4766875,False,0,7,0,0.000145174954828096,1.7055499079683865e-07,0.0001302803722324665,0,0,0.031096142897121405,13.0,1,2026-07-10,2026-07-10,598135.0,0.34642937421986486,33166.188364911584,-0.0011301749246816247,,peripheral,0.8,"Признаков роли нет: вход 80 000 KZT от 1, выход 518 135 KZT к 4; передано 648% (возможны поступления вне выборки).",0.3484,peripheral,6
100000001696818100,1,False,1,0,53550.0,0.0,1,0,0.0,False,1,1,0,0.0,0.0,6.780075768513709e-05,0,0,,,1,2026-07-27,2026-07-27,53550.0,1.0,53550.0,0.00021159000860014373,,peripheral,0.8,"Признаков роли нет: вход 53 550 KZT от 1, выход 0 KZT к 0; передано 0%.",0.348,peripheral,3
100000007749747100,4,False,1,0,50000.0,0.0,1,0,0.0,True,0,8,0,0.0,0.0,0.0,0,0,,,1,2026-07-14,2026-07-14,50000.0,0.2388244476166948,14309.145072948493,5.653916207364046e-05,0.29579479519260043,truncated,1.0,"Граница обхода, глубина 4: исходящие не выгружены. Получил 50 000 KZT от 1; P(переводит дальше)=30%.",0.3476,peripheral,5
100000001270470100,4,False,1,0,28300.0,0.0,2,0,0.0,True,0,7,0,0.0,0.0,0.0,0,0,,,1,2026-07-06,2026-07-07,28300.0,0.7465035198821421,21492.2581815845,8.492151435061289e-05,0.27847436193056585,truncated,1.0,"Граница обхода, глубина 4: исходящие не выгружены. Получил 28 300 KZT от 1; P(переводит дальше)=28%.",0.3476,peripheral,1
100000008219168100,1,False,1,0,53200.0,0.0,2,0,0.0,False,1,1,0,0.0,0.0,4.341414826156218e-06,0,0,,,1,2026-07-15,2026-07-25,53200.0,1.0,53200.0,0.00021020706736746305,,peripheral,0.8,"Признаков роли нет: вход 53 200 KZT от 1, выход 0 KZT к 0; передано 0%.",0.3475,peripheral,4
100000005168487100,2,False,1,1,15000.0,103510.0,1,14,6.900666666666667,False,0,8,0,0.0,5.268453548231194e-05,0.0,1,0,0.17399285093227707,6.0,1,2026-07-20,2026-07-20,118510.0,0.5790974663797533,8686.4619956963,0.0002711704388894905,,peripheral,0.8,"Признаков роли нет: вход 15 000 KZT от 1, выход 103 510 KZT к 1; передано 690% (возможны поступления вне выборки).",0.3474,peripheral,11
100000001597505100,2,False,1,1,26460.0,12920.0,1,1,0.48828420256991684,False,0,8,0,9.788454458522118e-06,2.15234233729641e-05,4.870880269675223e-241,0,0,0.0,,1,2026-07-30,2026-07-30,39380.0,0.7656303616192778,22048.500529023902,0.00012565036002501869,,peripheral,0.8,"Признаков роли нет: вход 26 460 KZT от 1, выход 12 920 KZT к 1; передано 49%.",0.3471,peripheral,31
100000008746673100,1,False,1,0,53048.0,0.0,1,0,0.0,False,1,1,0,0.0,0.0,5.95500058530398e-11,0,1,,,1,2026-07-22,2026-07-22,53048.0,1.0,53048.0,0.00020960647574641314,,peripheral,0.8,"Признаков роли нет: вход 53 048 KZT от 1, выход 0 KZT к 0; передано 0%.",0.3463,peripheral,2
100000006385877100,2,False,1,1,53706.619999999995,36602.93,5,5,0.6815347903107662,False,0,1,0,0.0,9.838750906675793e-06,0.0,1,0,0.3033344598369584,0.0,1,2026-07-15,2026-07-30,90309.54999999999,0.7460148247636877,40065.934707949964,0.00023859083845752832,,peripheral,0.8,"Признаков роли нет: вход 53 707 KZT от 1, выход 36 603 KZT к 1; передано 68%.",0.3463,peripheral,4
100000001110358100,3,False,2,0,32000.0,0.0,2,0,0.0,False,0,7,0,0.0,0.0,0.0013712520011039738,0,0,,,2,2026-07-16,2026-07-16,32000.0,0.7317668358537031,25308.4538968051,0.00010000029836946031,,terminal,0.633,Признаки оседания: получил 32 000 KZT от 2 плательщиков; исходящих ≥5 000 KZT в наблюдаемой выборке 0.,0.3453,terminal,1
100000002812641100,2,False,1,1,10000.0,7023.95,1,1,0.702395,False,0,8,0,0.0,1.3080306434239696e-05,0.0,1,0,1.0,1.0,1,2026-07-20,2026-07-20,17023.95,0.8920582333310686,9013.040387759738,6.037057208376685e-05,,transit,0.911,"Признаки транзита: получил 10 000 KZT, передано 70%. 100% ушло в течение 2 дней после поступления.",0.3451,transit,4
100000005222360100,3,False,1,1,5000.0,27000.0,1,1,5.4,False,0,7,0,0.0019087127079326193,1.4913309370284943e-06,0.0,0,0,0.0,4.0,1,2026-07-03,2026-07-03,32000.0,0.4115087458231944,2697.798851114441,0.00025361235370580055,,peripheral,0.8,"Признаков роли нет: вход 5 000 KZT от 1, выход 27 000 KZT к 1; передано 540% (возможны поступления вне выборки).",0.345,peripheral,14
100000008405209100,3,False,1,0,54400.0,0.0,1,0,0.0,False,0,7,0,0.0,0.0,0.000233344615948652,0,0,,,1,2026-07-11,2026-07-11,54400.0,0.6610369390367882,37478.52795697896,0.00014808743329114372,,peripheral,0.8,"Признаков роли нет: вход 54 400 KZT от 1, выход 0 KZT к 0; передано 0%.",0.3448,peripheral,16
100000004475818100,3,False,1,3,13000.0,53989.0,1,3,4.153,False,0,7,0,6.940183893991107e-05,0.00025950234022215725,0.00010694238652270059,1,0,1.0,1.0,1,2026-07-30,2026-07-30,66989.0,0.45761333981763813,7692.08755416319,-0.00018993512088365632,,transit,0.7,"Признаки транзита: получил 13 000 KZT, передано 415% (возможны поступления вне выборки). 100% ушло в течение 2 дней после поступления.",0.3439,transit,8
100000005182219100,3,False,2,0,55000.0,0.0,2,0,0.0,False,0,7,0,0.0,0.0,0.002964458321908666,0,0,,,1,2026-07-03,2026-07-14,55000.0,0.3329970584419483,21340.352720756156,8.432129627856667e-05,,terminal,0.639,Признаки оседания: получил 55 000 KZT от 2 плательщиков; исходящих ≥5 000 KZT в наблюдаемой выборке 0.,0.3439,terminal,8
100000008715513100,4,False,1,0,32500.0,0.0,1,0,0.0,True,0,1,0,0.0,0.0,3.6873817911951947e-06,0,0,,,1,2026-07-31,2026-07-31,32500.0,0.9128732533190332,29668.38073286858,0.00011722750577813374,0.3301905963397401,truncated,1.0,"Граница обхода, глубина 4: исходящие не выгружены. Получил 32 500 KZT от 1; P(переводит дальше)=33%.",0.3437,peripheral,9
100000008686234100,1,False,1,0,39778.0,0.0,1,0,0.0,False,1,7,0,0.0,0.0,0.0021516815362503513,0,0,,,1,2026-07-08,2026-07-08,39778.0,1.0,39778.0,0.00015717324672449146,,peripheral,0.8,"Признаков роли нет: вход 39 778 KZT от 1, выход 0 KZT к 0; передано 0%.",0.3434,peripheral,1
100000004841728100,1,False,1,0,52208.0,0.0,1,0,0.0,False,1,1,0,0.0,0.0,5.95500058530398e-11,0,1,,,1,2026-07-17,2026-07-17,52208.0,1.0,52208.0,0.00020628741678797952,,peripheral,0.8,"Признаков роли нет: вход 52 208 KZT от 1, выход 0 KZT к 0; передано 0%.",0.3428,peripheral,2
100000005547096100,2,False,1,2,8000.0,226300.0,1,3,28.2875,False,0,1,0,3.962937027741748e-07,1.8809294719400374e-283,0.0,1,6,0.0,,1,2026-07-05,2026-07-05,234300.0,0.9922135412005729,7971.6381500713605,0.0009187058885904096,,peripheral,0.8,"Признаков роли нет: вход 8 000 KZT от 1, выход 226 300 KZT к 2; передано 2829% (возможны поступления вне выборки).",0.3424,peripheral,47
100000001220124100,4,False,1,0,40000.0,0.0,1,0,0.0,True,0,7,0,0.0,0.0,0.0,0,0,,,1,2026-07-15,2026-07-15,40000.0,0.4311408610633434,18993.584383925787,7.504860285983766e-05,0.2967237812454805,truncated,1.0,"Граница обхода, глубина 4: исходящие не выгружены. Получил 40 000 KZT от 1; P(переводит дальше)=30%.",0.3419,peripheral,6
100000001745217100,3,False,1,0,50000.0,0.0,1,0,0.0,False,0,7,0,0.0,0.0,0.0011319383959652314,0,0,,,1,2026-07-13,2026-07-13,50000.0,0.6690797475280011,37308.69582914401,0.00014741638228467482,,peripheral,0.8,"Признаков роли нет: вход 50 000 KZT от 1, выход 0 KZT к 0; передано 0%.",0.3415,peripheral,1
100000007629121100,2,False,1,0,29000.0,0.0,1,0,0.0,False,0,10,0,0.0,0.0,1.23619985386e-313,0,0,,,1,2026-07-23,2026-07-23,29000.0,1.0,29000.0,0.00011458655927925617,,peripheral,0.8,"Признаков роли нет: вход 29 000 KZT от 1, выход 0 KZT к 0; передано 0%.",0.3414,peripheral,3
100000004779204100,3,False,1,1,30450.0,20000.0,1,2,0.6568144499178982,False,0,7,0,1.922024458454748e-05,0.0,0.0029057815328092595,0,0,0.5,0.0,1,2026-07-23,2026-07-23,50450.0,0.6659430358381553,23039.758139362202,0.00014366238051276048,,peripheral,0.8,"Признаков роли нет: вход 30 450 KZT от 1, выход 20 000 KZT к 1; передано 66%.",0.341,peripheral,1
100000004410489100,2,False,1,0,54000.0,0.0,1,0,0.0,False,0,7,0,0.0,0.0,0.00015948067689100677,0,0,,,1,2026-07-12,2026-07-12,54000.0,0.6356002265993879,35819.60859869921,0.00014153261048456276,,peripheral,0.8,"Признаков роли нет: вход 54 000 KZT от 1, выход 0 KZT к 0; передано 0%.",0.3405,peripheral,3
100000003289281100,4,False,1,0,40000.0,0.0,1,0,0.0,True,0,7,0,0.0,0.0,0.0,0,0,,,1,2026-07-25,2026-07-25,40000.0,0.45775608049913674,18720.711898517715,7.397041254165512e-05,0.3181193790497202,truncated,1.0,"Граница обхода, глубина 4: исходящие не выгружены. Получил 40 000 KZT от 1; P(переводит дальше)=32%.",0.3403,peripheral,1
100000008304115100,1,False,1,0,51000.0,0.0,1,0,0.0,False,1,1,0,0.0,0.0,1.0100033243240566e-05,0,0,,,1,2026-07-12,2026-07-12,51000.0,1.0,51000.0,0.00020151429390489879,,peripheral,0.8,"Признаков роли нет: вход 51 000 KZT от 1, выход 0 KZT к 0; передано 0%.",0.3402,peripheral,10
100000002670463100,4,False,1,0,31500.0,0.0,1,0,0.0,True,0,1,0,0.0,0.0,3.6873817911951947e-06,0,0,,,1,2026-07-25,2026-07-25,31500.0,0.9128732533190332,28755.507479549546,0.0001136205056003577,0.31682120174941225,truncated,1.0,"Граница обхода, глубина 4: исходящие не выгружены. Получил 31 500 KZT от 1; P(переводит дальше)=32%.",0.3399,peripheral,9
100000008121806100,3,False,1,4,67000.0,248509.0,1,6,3.709089552238806,False,0,7,0,0.0007808641134044801,9.235979763622405e-05,0.0001302803722324665,1,0,0.34203992611937595,7.5,1,2026-07-10,2026-07-10,315509.0,0.34642937421986486,27776.68275561345,-0.0039030311311753912,,peripheral,0.8,"Признаков роли нет: вход 67 000 KZT от 1, выход 248 509 KZT к 4; передано 371% (возможны поступления вне выборки).",0.3398,peripheral,6
100000000608031100,4,False,1,0,30000.0,0.0,1,0,0.0,True,0,7,0,0.0,0.0,0.0,0,0,,,1,2026-07-24,2026-07-24,30000.0,0.561332874656937,19831.108171103646,7.835787765592098e-05,0.3143857014931753,truncated,1.0,"Граница обхода, глубина 4: исходящие не выгружены. Получил 30 000 KZT от 1; P(переводит дальше)=31%.",0.3397,peripheral,16
100000002736033100,3,False,1,1,34530.0,11000.0,1,1,0.3185635679119606,False,0,7,0,1.922024458454748e-05,0.0,1.8692187265548473e-05,0,0,0.0,20.0,1,2026-07-09,2026-07-09,45530.0,0.6883183798239292,26155.415307204803,0.00013326384240455586,,peripheral,0.8,"Признаков роли нет: вход 34 530 KZT от 1, выход 11 000 KZT к 1; передано 32%.",0.3397,peripheral,16
100000002703376100,2,False,1,0,46501.0,0.0,1,0,0.0,False,0,7,0,0.0,0.0,5.172134115335331e-05,0,0,,,1,2026-07-05,2026-07-05,46501.0,0.7930851940305709,37484.77874276182,0.00014811213177507305,,peripheral,0.8,"Признаков роли нет: вход 46 501 KZT от 1, выход 0 KZT к 0; передано 0%.",0.3396,peripheral,1
100000002933386100,3,False,1,1,15000.0,58000.0,1,1,3.8666666666666667,False,0,7,0,2.0012831990095827e-05,0.0,0.0,0,0,0.0,,1,2026-07-27,2026-07-27,73000.0,0.6517790955138799,10662.5018840479,0.00019150057221288403,,peripheral,0.8,"Признаков роли нет: вход 15 000 KZT от 1, выход 58 000 KZT к 1; передано 387% (возможны поступления вне выборки).",0.3383,peripheral,3
100000002380341100,3,False,1,0,57566.4,0.0,1,0,0.0,False,0,7,0,0.0,0.0,0.0006428156575478821,0,0,,,1,2026-07-01,2026-07-01,57566.4,0.46308466801649245,34924.41977070972,0.00013799548608094985,,peripheral,0.8,"Признаков роли нет: вход 57 566 KZT от 1, выход 0 KZT к 0; передано 0%.",0.3383,peripheral,1
100000008205937100,2,False,1,0,35000.0,0.0,3,0,0.0,False,0,10,0,0.0,0.0,4.876477610101951e-08,0,0,,,1,2026-07-06,2026-07-26,35000.0,0.7604369926548177,26970.662973720435,0.00010656811971161856,,peripheral,0.8,"Признаков роли нет: вход 35 000 KZT от 1, выход 0 KZT к 0; передано 0%.",0.3382,peripheral,13
100000004911971100,4,False,1,0,35000.0,0.0,3,0,0.0,True,0,7,0,0.0,0.0,2.3749511394193016e-243,0,0,,,1,2026-07-11,2026-07-12,35000.0,0.5119191887828877,18912.519186329842,7.472829313320993e-05,0.2897799667932432,truncated,1.0,"Граница обхода, глубина 4: исходящие не выгружены. Получил 35 000 KZT от 1; P(переводит дальше)=29%.",0.338,peripheral,34
100000004269433100,0,True,0,1,0.0,1372000.0,0,67,,False,0,0,1,0.0,0.0,0.0,0,0,0.0,,0,,,1372000.0,1.0,0.0,0.0054211296321082575,,peripheral,0.8,"Признаков роли нет: вход 0 KZT от 0, выход 1 372 000 KZT к 1; передано н/д.",0.3376,peripheral,59
100000005186131100,3,False,1,1,10000.0,10000.0,1,1,1.0,False,0,7,0,1.922024458454748e-05,0.0,0.0029057815328092595,0,0,1.0,0.0,1,2026-07-07,2026-07-07,20000.0,0.6659430358381553,7566.423034273301,5.621005493365908e-05,,transit,1.0,"Признаки транзита: получил 10 000 KZT, передано 100%. 100% ушло в течение 2 дней после поступления.",0.3369,transit,1
100000003230328100,4,False,3,0,26572.0,0.0,3,0,0.0,True,0,7,0,0.0,0.0,6.358533155793618e-05,0,0,,,1,2026-07-23,2026-07-26,26572.0,0.7293042253389959,19814.66751859603,7.829291635231715e-05,0.6559302257820899,truncated,1.0,"Граница обхода, глубина 4: исходящие не выгружены. Получил 26 572 KZT от 3; P(переводит дальше)=66%.",0.3367,peripheral,1
100000007591246100,3,False,1,1,12190.0,120000.0,1,1,9.844134536505333,False,0,7,0,1.0237587321666184e-06,7.31125499776838e-07,2.447514911523943e-05,0,0,0.0,,1,2026-07-28,2026-07-28,132190.0,0.6122415724327214,8514.42327247819,0.0003239378308611337,,peripheral,0.8,"Признаков роли нет: вход 12 190 KZT от 1, выход 120 000 KZT к 1; передано 984% (возможны поступления вне выборки).",0.3363,peripheral,13
100000003922499100,2,False,1,0,50000.0,0.0,1,0,0.0,False,0,1,0,0.0,0.0,0.0,0,0,,,1,2026-07-04,2026-07-04,50000.0,1.0,50000.0,0.00019756303324009684,,peripheral,0.8,"Признаков роли нет: вход 50 000 KZT от 1, выход 0 KZT к 0; передано 0%.",0.3361,peripheral,10
100000004491749100,3,False,1,0,50000.0,0.0,1,0,0.0,False,0,1,0,0.0,0.0,1.23619985386e-313,0,0,,,1,2026-07-31,2026-07-31,50000.0,1.0,50000.0,0.00019756303324009684,,peripheral,0.8,"Признаков роли нет: вход 50 000 KZT от 1, выход 0 KZT к 0; передано 0%.",0.3361,peripheral,4
100000001250022100,2,False,1,0,50000.0,0.0,1,0,0.0,False,0,1,0,0.0,0.0,2.8721411760945644e-05,0,0,,,1,2026-07-31,2026-07-31,50000.0,1.0,50000.0,0.00019756303324009684,,peripheral,0.8,"Признаков роли нет: вход 50 000 KZT от 1, выход 0 KZT к 0; передано 0%.",0.3361,peripheral,4
100000005264874100,3,False,1,2,30000.0,78000.0,1,3,2.6,False,0,1,0,7.925874055483496e-07,2.1578876366621626e-281,1.23619985386e-313,1,0,0.0,,1,2026-07-20,2026-07-20,108000.0,0.8345131208961861,27274.333755937183,0.00025985938996514544,,peripheral,0.8,"Признаков роли нет: вход 30 000 KZT от 1, выход 78 000 KZT к 2; передано 260% (возможны поступления вне выборки).",0.3361,peripheral,35
100000004664515100,1,False,1,0,37691.0,0.0,1,0,0.0,False,1,7,0,0.0,0.0,0.0021516815362503513,0,0,,,1,2026-07-09,2026-07-09,37691.0,1.0,37691.0,0.0001489269657170498,,peripheral,0.8,"Признаков роли нет: вход 37 691 KZT от 1, выход 0 KZT к 0; передано 0%.",0.336,peripheral,1
100000004797167100,4,False,1,0,31000.0,0.0,1,0,0.0,True,0,1,0,0.0,0.0,0.0,0,0,,,1,2026-07-08,2026-07-08,31000.0,0.8946973593964336,27735.61814128944,0.00010959065697554237,0.2809600187136915,truncated,1.0,"Граница обхода, глубина 4: исходящие не выгружены. Получил 31 000 KZT от 1; P(переводит дальше)=28%.",0.3355,peripheral,6
100000004291560100,3,False,1,0,47190.0,0.0,1,0,0.0,False,0,7,0,0.0,0.0,0.0029057815328092595,0,0,,,1,2026-07-24,2026-07-24,47190.0,0.6659430358381553,35705.950298735705,0.00014108351691473122,,peripheral,0.8,"Признаков роли нет: вход 47 190 KZT от 1, выход 0 KZT к 0; передано 0%.",0.3354,peripheral,1
100000008043184100,3,False,1,0,50564.0,0.0,1,0,0.0,False,0,7,0,0.0,0.0,0.000233344615948652,0,0,,,1,2026-07-19,2026-07-19,50564.0,0.6610369390367882,34835.74058118905,0.00013764509148767937,,peripheral,0.8,"Признаков роли нет: вход 50 564 KZT от 1, выход 0 KZT к 0; передано 0%.",0.3349,peripheral,16
100000008748795100,3,False,1,0,47057.0,0.0,1,0,0.0,False,0,7,0,0.0,0.0,0.0029057815328092595,0,0,,,1,2026-07-23,2026-07-23,47057.0,0.6659430358381553,35605.31687237987,0.00014068588801567593,,peripheral,0.8,"Признаков роли нет: вход 47 057 KZT от 1, выход 0 KZT к 0; передано 0%.",0.3346,peripheral,1
100000004552204100,3,False,1,2,22500.0,10000.0,2,2,0.4444444444444444,False,0,8,0,2.0210978841482916e-05,2.8716835089801863e-241,0.0,1,0,0.0,8.0,1,2026-07-18,2026-07-31,32500.0,0.7406915082819896,16714.521710132478,9.531008437844962e-05,,peripheral,0.8,"Признаков роли нет: вход 22 500 KZT от 1, выход 10 000 KZT к 2; передано 44%.",0.3339,peripheral,31
100000006126743100,3,False,1,0,55000.0,0.0,1,0,0.0,False,0,7,0,0.0,0.0,0.0029401739563140994,0,0,,,1,2026-07-14,2026-07-14,55000.0,0.5403576910379955,34054.793591655136,0.00013455936636662917,,peripheral,0.8,"Признаков роли нет: вход 55 000 KZT от 1, выход 0 KZT к 0; передано 0%.",0.3332,peripheral,8
100000002842337100,2,False,1,0,50000.0,0.0,1,0,0.0,False,0,1,0,0.0,0.0,2.141511818252024e-241,0,0,,,1,2026-07-27,2026-07-27,50000.0,0.9876543209876544,49382.71604938272,0.00019512398344697144,,peripheral,0.8,"Признаков роли нет: вход 50 000 KZT от 1, выход 0 KZT к 0; передано 0%.",0.333,peripheral,4
100000002831727100,2,False,1,1,6000.0,77000.0,1,3,12.833333333333334,False,0,7,0,1.922024458454748e-05,0.0,9.023756758629543e-290,0,0,0.12987012987012986,6.0,1,2026-07-04,2026-07-04,83000.0,1.0,6000.0,0.0003279546351785608,,peripheral,0.8,"Признаков роли нет: вход 6 000 KZT от 1, выход 77 000 KZT к 1; передано 1283% (возможны поступления вне выборки).",0.3328,peripheral,17
100000008782421100,1,False,1,0,49680.0,0.0,1,0,0.0,False,1,1,0,0.0,0.0,5.95500058530398e-11,0,1,,,1,2026-07-31,2026-07-31,49680.0,1.0,49680.0,0.00019629862982736024,,peripheral,0.8,"Признаков роли нет: вход 49 680 KZT от 1, выход 0 KZT к 0; передано 0%.",0.3328,peripheral,2
100000000297649100,2,False,1,1,40000.0,70600.0,1,2,1.765,False,0,8,0,0.0,5.4141095832694945e-05,4.9968235834670635e-298,1,0,0.0,8.0,1,2026-07-23,2026-07-23,110600.0,0.2897293130776341,15809.639636179021,0.00013156724762236686,,peripheral,0.8,"Признаков роли нет: вход 40 000 KZT от 1, выход 70 600 KZT к 1; передано 176% (возможны поступления вне выборки).",0.3327,peripheral,10
100000002807334100,3,False,1,0,54715.0,0.0,1,0,0.0,False,0,7,0,0.0,0.0,0.0029401739563140994,0,0,,,1,2026-07-05,2026-07-05,54715.0,0.5403576910379955,33878.32784304383,0.0001338621041954691,,peripheral,0.8,"Признаков роли нет: вход 54 715 KZT от 1, выход 0 KZT к 0; передано 0%.",0.3323,peripheral,8
100000001279875100,2,False,1,0,49235.0,0.0,1,0,0.0,False,0,1,0,0.0,0.0,4.0882452251176484e-08,0,0,,,1,2026-07-31,2026-07-31,49235.0,1.0,49235.0,0.00019454031883152337,,peripheral,0.8,"Признаков роли нет: вход 49 235 KZT от 1, выход 0 KZT к 0; передано 0%.",0.3318,peripheral,12
100000004788983100,4,False,1,0,27000.0,0.0,1,0,0.0,True,0,7,0,0.0,0.0,9.023756758629543e-290,0,0,,,1,2026-07-17,2026-07-17,27000.0,0.6723757538580284,18706.032003525797,7.391240845004232e-05,0.29886655399825435,truncated,1.0,"Граница обхода, глубина 4: исходящие не выгружены. Получил 27 000 KZT от 1; P(переводит дальше)=30%.",0.3314,peripheral,1
100000001074553100,1,False,2,0,28971.0,0.0,2,0,0.0,False,2,2,0,0.0,0.0,3.28478377451006e-05,0,0,,,1,2026-07-14,2026-07-17,28971.0,1.0,28971.0,0.00011447197271997691,,terminal,0.632,Признаки оседания: получил 28 971 KZT от 2 плательщиков; исходящих ≥5 000 KZT в наблюдаемой выборке 0.,0.3313,terminal,4
100000004813068100,0,True,0,3,0.0,297000.0,0,5,,False,0,0,0,0.0,1.57847465707e-313,0.0,0,0,0.0,,0,,,297000.0,1.0,0.0,0.07549773342789957,,peripheral,0.8,"Признаков роли нет: вход 0 KZT от 0, выход 297 000 KZT к 3; передано н/д.",0.3311,peripheral,22
100000008297199100,3,False,1,0,42268.0,0.0,1,0,0.0,False,0,7,0,0.0,0.0,0.001137907385155322,0,0,,,1,2026-07-06,2026-07-06,42268.0,0.7594437519994522,35115.44972610479,0.0001387502952295876,,peripheral,0.8,"Признаков роли нет: вход 42 268 KZT от 1, выход 0 KZT к 0; передано 0%.",0.3307,peripheral,1
100000003831201100,2,False,1,0,40500.0,0.0,3,0,0.0,False,0,7,0,0.0,0.0,0.0,0,0,,,1,2026-07-01,2026-07-08,40500.0,0.8596452564881077,35188.714513843115,0.00013903978350347427,,peripheral,0.8,"Признаков роли нет: вход 40 500 KZT от 1, выход 0 KZT к 0; передано 0%.",0.3304,peripheral,1
100000008588665100,4,False,1,0,25000.0,0.0,1,0,0.0,True,0,7,0,0.0,0.0,5.04730745361861e-07,0,0,,,1,2026-07-05,2026-07-05,25000.0,0.7465035198821421,18986.093799986305,7.501900561009496e-05,0.2738342395591283,truncated,1.0,"Граница обхода, глубина 4: исходящие не выгружены. Получил 25 000 KZT от 1; P(переводит дальше)=27%.",0.3302,peripheral,1
100000004241142100,4,False,1,0,27102.0,0.0,1,0,0.0,True,0,7,0,0.0,0.0,0.0,0,0,,,1,2026-07-11,2026-07-11,27102.0,0.6424778096295601,18048.388157285684,7.131388618893086e-05,0.2864029714050987,truncated,1.0,"Граница обхода, глубина 4: исходящие не выгружены. Получил 27 102 KZT от 1; P(переводит дальше)=29%.",0.329,peripheral,1
100000002227989100,4,False,1,0,20000.0,0.0,1,0,0.0,True,0,7,0,0.0,0.0,5.122433452555066e-255,0,0,,,1,2026-07-23,2026-07-23,20000.0,0.9714212669487975,19609.556755907874,7.748247026379026e-05,0.31004367061431604,truncated,1.0,"Граница обхода, глубина 4: исходящие не выгружены. Получил 20 000 KZT от 1; P(переводит дальше)=31%.",0.3283,peripheral,20
100000002305477100,4,False,1,0,20000.0,0.0,1,0,0.0,True,0,7,0,0.0,0.0,2.3749511394193016e-243,0,0,,,1,2026-07-18,2026-07-18,20000.0,0.9714212669487975,19609.556755907874,7.748247026379026e-05,0.29939610040441234,truncated,1.0,"Граница обхода, глубина 4: исходящие не выгружены. Получил 20 000 KZT от 1; P(переводит дальше)=30%.",0.3283,peripheral,20
100000006111442100,3,False,1,0,64000.0,0.0,1,0,0.0,False,0,8,0,0.0,0.0,1.8496738193083065e-06,0,0,,,1,2026-07-17,2026-07-17,64000.0,0.35790102837186066,24299.904695663932,9.601525758239675e-05,,peripheral,0.8,"Признаков роли нет: вход 64 000 KZT от 1, выход 0 KZT к 0; передано 0%.",0.3278,peripheral,5
100000001893287100,3,False,1,1,18000.0,152700.0,3,14,8.483333333333333,False,0,1,0,0.0,1.2322305802932024e-05,1.23619985386e-313,1,0,0.37786509495743287,1.0,1,2026-07-11,2026-07-18,170700.0,0.6776286335763291,14021.239614943412,0.00044678598277819243,,peripheral,0.8,"Признаков роли нет: вход 18 000 KZT от 1, выход 152 700 KZT к 1; передано 848% (возможны поступления вне выборки).",0.3278,peripheral,4
100000000803368100,4,False,1,0,139503.0,0.0,1,0,0.0,True,0,7,0,0.0,0.0,1.9677001758946957e-07,0,0,,,1,2026-07-13,2026-07-13,139503.0,0.08079673372007973,12503.2098471598,4.940344125281686e-05,0.29907155899047183,truncated,1.0,"Граница обхода, глубина 4: исходящие не выгружены. Получил 139 503 KZT от 1; P(переводит дальше)=30%.",0.3274,peripheral,14
100000006048193100,3,False,1,0,41559.0,0.0,1,0,0.0,False,0,7,0,0.0,0.0,0.001137907385155322,0,0,,,1,2026-07-26,2026-07-26,41559.0,0.7594437519994522,34526.42602363937,0.0001364229090433722,,peripheral,0.8,"Признаков роли нет: вход 41 559 KZT от 1, выход 0 KZT к 0; передано 0%.",0.3273,peripheral,1
100000005961971100,1,False,1,0,47353.0,0.0,1,0,0.0,False,1,1,0,0.0,0.0,5.95500058530398e-11,0,1,,,1,2026-07-20,2026-07-20,47353.0,1.0,47353.0,0.00018710404626036612,,peripheral,0.8,"Признаков роли нет: вход 47 353 KZT от 1, выход 0 KZT к 0; передано 0%.",0.3271,peripheral,2
100000002702968100,4,False,1,0,31600.0,0.0,1,0,0.0,True,0,7,0,0.0,0.0,2.758273854900145e-06,0,0,,,1,2026-07-13,2026-07-13,31600.0,0.5245132233584058,17442.423337448938,6.891956123200954e-05,0.2913237209644236,truncated,1.0,"Граница обхода, глубина 4: исходящие не выгружены. Получил 31 600 KZT от 1; P(переводит дальше)=29%.",0.327,peripheral,9
100000008749618100,1,False,1,0,47280.0,0.0,1,0,0.0,False,1,1,0,0.0,0.0,5.95500058530398e-11,0,1,,,1,2026-07-23,2026-07-23,47280.0,1.0,47280.0,0.00018681560423183558,,peripheral,0.8,"Признаков роли нет: вход 47 280 KZT от 1, выход 0 KZT к 0; передано 0%.",0.3266,peripheral,2
100000000607731100,1,False,1,1,20000.0,66666.0,1,1,3.3333,False,1,1,0,5.944405541612623e-07,0.0,2.6231749817115585e-266,0,3,0.0,,1,2026-07-17,2026-07-17,86666.0,1.0,20000.0,0.00034243995677572467,,peripheral,0.8,"Признаков роли нет: вход 20 000 KZT от 1, выход 66 666 KZT к 1; передано 333% (возможны поступления вне выборки).",0.3265,peripheral,28
100000002489253100,2,False,1,0,51000.0,0.0,1,0,0.0,False,0,7,0,0.0,0.0,1.8799730754466785e-07,0,0,,,1,2026-07-14,2026-07-14,51000.0,0.6346021572554058,32364.710020025697,0.00012788140562976965,,peripheral,0.8,"Признаков роли нет: вход 51 000 KZT от 1, выход 0 KZT к 0; передано 0%.",0.3261,peripheral,7
100000005723580100,4,False,1,0,35000.0,0.0,1,0,0.0,True,0,8,0,0.0,0.0,1.23619985386e-313,0,0,,,1,2026-07-14,2026-07-14,35000.0,0.28167320317195926,12008.808445630972,4.744993244236882e-05,0.29393494868670794,truncated,1.0,"Граница обхода, глубина 4: исходящие не выгружены. Получил 35 000 KZT от 1; P(переводит дальше)=29%.",0.3258,peripheral,5
100000008745725100,1,False,1,0,47060.0,0.0,1,0,0.0,False,1,1,0,0.0,0.0,5.95500058530398e-11,0,1,,,1,2026-07-22,2026-07-22,47060.0,1.0,47060.0,0.00018594632688557916,,peripheral,0.8,"Признаков роли нет: вход 47 060 KZT от 1, выход 0 KZT к 0; передано 0%.",0.3258,peripheral,2
100000008768896100,1,False,1,0,47060.0,0.0,1,0,0.0,False,1,1,0,0.0,0.0,5.95500058530398e-11,0,1,,,1,2026-07-28,2026-07-28,47060.0,1.0,47060.0,0.00018594632688557916,,peripheral,0.8,"Признаков роли нет: вход 47 060 KZT от 1, выход 0 KZT к 0; передано 0%.",0.3258,peripheral,2
100000002952756100,3,False,1,0,47000.0,0.0,1,0,0.0,False,0,1,0,0.0,0.0,2.463136707888565e-07,0,0,,,1,2026-07-07,2026-07-07,47000.0,1.0,47000.0,0.00018570925124569105,,peripheral,0.8,"Признаков роли нет: вход 47 000 KZT от 1, выход 0 KZT к 0; передано 0%.",0.3252,peripheral,9
100000008432942100,3,False,1,0,44542.0,0.0,2,0,0.0,False,0,7,0,0.0,0.0,0.0029057815328092595,0,0,,,1,2026-07-16,2026-07-27,44542.0,0.6659430358381553,33702.36147926014,0.00013316681522390674,,peripheral,0.8,"Признаков роли нет: вход 44 542 KZT от 1, выход 0 KZT к 0; передано 0%.",0.3248,peripheral,1
100000004979264100,4,False,1,0,39800.0,0.0,1,0,0.0,True,0,8,0,0.0,0.0,0.0,0,0,,,1,2026-07-21,2026-07-21,39800.0,0.2388244476166948,11390.079478067,4.500517301060744e-05,0.3094350832894182,truncated,1.0,"Граница обхода, глубина 4: исходящие не выгружены. Получил 39 800 KZT от 1; P(переводит дальше)=31%.",0.3244,peripheral,5
100000007484343100,3,False,2,0,26757.0,0.0,2,0,0.0,False,0,7,0,0.0,0.0,0.004043688917964581,0,0,,,2,2026-07-10,2026-07-10,26757.0,0.7010866133107481,20991.090607849543,8.294127063009798e-05,,terminal,0.632,Признаки оседания: получил 26 757 KZT от 2 плательщиков; исходящих ≥5 000 KZT в наблюдаемой выборке 0.,0.324,terminal,1
100000006381453100,4,False,1,0,45000.0,0.0,1,0,0.0,True,0,8,0,0.0,0.0,0.0,0,0,,,1,2026-07-02,2026-07-02,45000.0,0.2081818040721522,11017.628968174318,4.353352396123117e-05,0.27077968299052285,truncated,1.0,"Граница обхода, глубина 4: исходящие не выгружены. Получил 45 000 KZT от 1; P(переводит дальше)=27%.",0.3239,peripheral,5
100000002028158100,2,False,1,0,34800.0,0.0,1,0,0.0,False,0,7,0,0.0,0.0,3.5676348106616587e-05,0,0,,,1,2026-07-28,2026-07-28,34800.0,0.9795583123763396,34555.6433643711,0.00013653835437255874,,peripheral,0.8,"Признаков роли нет: вход 34 800 KZT от 1, выход 0 KZT к 0; передано 0%.",0.3237,peripheral,15
100000002660298100,4,False,1,0,30900.0,0.0,1,0,0.0,True,0,7,0,0.0,0.0,2.758273854900145e-06,0,0,,,1,2026-07-23,2026-07-23,30900.0,0.5245132233584058,17056.04054199912,6.73928620907796e-05,0.31238227777361904,truncated,1.0,"Граница обхода, глубина 4: исходящие не выгружены. Получил 30 900 KZT от 1; P(переводит дальше)=31%.",0.3237,peripheral,9
100000002990675100,3,False,1,0,51143.0,0.0,1,0,0.0,False,0,7,0,0.0,0.0,0.0029401739563140994,0,0,,,1,2026-07-19,2026-07-19,51143.0,0.5403576910379955,31666.623793782153,0.00012512308498344716,,peripheral,0.8,"Признаков роли нет: вход 51 143 KZT от 1, выход 0 KZT к 0; передано 0%.",0.3231,peripheral,8
100000003192220100,2,False,1,0,60000.0,0.0,2,0,0.0,False,0,7,0,0.0,0.0,1.23619985386e-313,0,0,,,1,2026-07-03,2026-07-05,60000.0,0.492384104043639,30906.912568481708,0.00012212126790230675,,peripheral,0.8,"Признаков роли нет: вход 60 000 KZT от 1, выход 0 KZT к 0; передано 0%.",0.323,peripheral,53
100000002301828100,3,False,1,0,46977.0,0.0,1,0,0.0,False,0,7,0,0.0,0.0,0.000233344615948652,0,0,,,1,2026-07-19,2026-07-19,46977.0,0.6610369390367882,32364.500144025747,0.00012788057635510064,,peripheral,0.8,"Признаков роли нет: вход 46 977 KZT от 1, выход 0 KZT к 0; передано 0%.",0.3225,peripheral,16
100000004526651100,4,False,1,0,33000.0,0.0,1,0,0.0,True,0,8,0,0.0,0.0,1.276147972494963e-06,0,0,,,1,2026-07-17,2026-07-17,33000.0,0.30249927077752825,11775.635577545543,4.652860566053522e-05,0.2999221723433623,truncated,1.0,"Граница обхода, глубина 4: исходящие не выгружены. Получил 33 000 KZT от 1; P(переводит дальше)=30%.",0.3222,peripheral,5
100000008717375100,2,False,1,0,29506.0,0.0,1,0,0.0,False,0,8,0,0.0,0.0,2.8321519604650354e-232,0,0,,,1,2026-07-24,2026-07-24,29506.0,0.8986314514440022,27231.563266206867,0.00010759900477475363,,peripheral,0.8,"Признаков роли нет: вход 29 506 KZT от 1, выход 0 KZT к 0; передано 0%.",0.322,peripheral,3
100000002567887100,3,False,1,0,50915.0,0.0,1,0,0.0,False,0,7,0,0.0,0.0,0.0029401739563140994,0,0,,,1,2026-07-16,2026-07-16,50915.0,0.5403576910379955,31525.45119489311,0.00012456527524647203,,peripheral,0.8,"Признаков роли нет: вход 50 915 KZT от 1, выход 0 KZT к 0; передано 0%.",0.3219,peripheral,8
100000004739664100,1,False,1,1,12000.0,10000.0,1,1,0.8333333333333334,False,1,1,0,1.387027959709612e-06,0.0,5.95500058530398e-11,0,1,0.0,,1,2026-07-23,2026-07-23,22000.0,1.0,12000.0,8.692773462564262e-05,,transit,0.65,"Признаки транзита: получил 12 000 KZT, передано 83%. 0% ушло в течение 2 дней после поступления.",0.3216,transit,2
100000004096559100,3,False,1,0,46200.0,0.0,1,0,0.0,False,0,1,0,0.0,0.0,0.0,0,0,,,1,2026-07-26,2026-07-26,46200.0,0.9467858663260962,45380.50234142188,0.0001793101938506029,,peripheral,0.8,"Признаков роли нет: вход 46 200 KZT от 1, выход 0 KZT к 0; передано 0%.",0.3211,peripheral,4
100000002748511100,4,False,1,0,20000.0,0.0,1,0,0.0,True,0,7,0,0.0,0.0,2.1155338218666927e-08,0,0,,,1,2026-07-26,2026-07-26,20000.0,0.8828022914531314,18281.20156540132,7.223379265073857e-05,0.3165312215546757,truncated,1.0,"Граница обхода, глубина 4: исходящие не выгружены. Получил 20 000 KZT от 1; P(переводит дальше)=32%.",0.321,peripheral,7
100000005589319100,4,False,1,0,26000.0,0.0,1,0,0.0,True,0,7,0,0.0,0.0,5.078517869942799e-05,0,0,,,1,2026-07-21,2026-07-21,26000.0,0.561332874656937,17186.96041495649,6.791016063508442e-05,0.3071580487976757,truncated,1.0,"Граница обхода, глубина 4: исходящие не выгружены. Получил 26 000 KZT от 1; P(переводит дальше)=31%.",0.3204,peripheral,3
100000008664469100,1,False,1,0,25000.0,0.0,1,0,0.0,False,1,10,0,0.0,0.0,0.0004611679456476809,0,0,,,1,2026-07-23,2026-07-23,25000.0,1.0,25000.0,9.878151662004842e-05,,peripheral,0.8,"Признаков роли нет: вход 25 000 KZT от 1, выход 0 KZT к 0; передано 0%.",0.3199,peripheral,3
100000003581109100,3,False,1,0,42750.0,0.0,1,0,0.0,False,0,7,0,0.0,0.0,0.0029057815328092595,0,0,,,1,2026-07-07,2026-07-07,42750.0,0.6659430358381553,32346.45847151836,0.00012780928900423208,,peripheral,0.8,"Признаков роли нет: вход 42 750 KZT от 1, выход 0 KZT к 0; передано 0%.",0.3197,peripheral,1
100000003293377100,3,False,1,0,50000.0,0.0,1,0,0.0,False,0,7,0,0.0,0.0,0.0029401739563140994,0,0,,,1,2026-07-05,2026-07-05,50000.0,0.5403576910379955,30958.90326514103,0.00012232669669698913,,peripheral,0.8,"Признаков роли нет: вход 50 000 KZT от 1, выход 0 KZT к 0; передано 0%.",0.3185,peripheral,8
100000004047887100,4,False,1,0,30000.0,0.0,1,0,0.0,True,0,7,0,0.0,0.0,3.8798761239758137e-256,0,0,,,1,2026-07-29,2026-07-29,30000.0,0.5119191887828877,16210.730731139864,6.405282268560851e-05,0.3253188223797393,truncated,1.0,"Граница обхода, глубина 4: исходящие не выгружены. Получил 30 000 KZT от 1; P(переводит дальше)=33%.",0.3179,peripheral,37
100000007861311100,2,False,1,0,45000.0,0.0,1,0,0.0,False,0,1,0,0.0,0.0,2.141511818252024e-241,0,0,,,1,2026-07-22,2026-07-22,45000.0,0.9876543209876544,44444.444444444445,0.00017561158510232138,,peripheral,0.8,"Признаков роли нет: вход 45 000 KZT от 1, выход 0 KZT к 0; передано 0%.",0.3173,peripheral,4
100000008744849100,1,False,1,0,44445.0,0.0,1,0,0.0,False,1,1,0,0.0,0.0,5.95500058530398e-11,0,1,,,1,2026-07-22,2026-07-22,44445.0,1.0,44445.0,0.0001756137802471221,,peripheral,0.8,"Признаков роли нет: вход 44 445 KZT от 1, выход 0 KZT к 0; передано 0%.",0.3171,peripheral,2
100000004254434100,1,False,1,0,44445.0,0.0,2,0,0.0,False,1,1,0,0.0,0.0,5.95500058530398e-11,0,1,,,1,2026-07-13,2026-07-13,44445.0,1.0,44445.0,0.0001756137802471221,,peripheral,0.8,"Признаков роли нет: вход 44 445 KZT от 1, выход 0 KZT к 0; передано 0%.",0.3171,peripheral,2
100000000978041100,1,False,1,0,44445.0,0.0,1,0,0.0,False,1,1,0,0.0,0.0,5.95500058530398e-11,0,1,,,1,2026-07-22,2026-07-22,44445.0,1.0,44445.0,0.0001756137802471221,,peripheral,0.8,"Признаков роли нет: вход 44 445 KZT от 1, выход 0 KZT к 0; передано 0%.",0.3171,peripheral,2
100000002242066100,4,False,1,0,60000.0,0.0,1,0,0.0,True,0,7,0,0.0,0.0,0.0,0,0,,,1,2026-07-03,2026-07-03,60000.0,0.22220909461380298,13449.91729662085,5.314412915896679e-05,0.2742026200570471,truncated,1.0,"Граница обхода, глубина 4: исходящие не выгружены. Получил 60 000 KZT от 1; P(переводит дальше)=27%.",0.3167,peripheral,33
100000001818442100,3,False,1,0,42215.0,0.0,1,0,0.0,False,0,7,0,0.0,0.0,6.407022137400362e-07,0,0,,,1,2026-07-06,2026-07-06,42215.0,0.7340348423324576,31561.635209579774,0.0001247082477204816,,peripheral,0.8,"Признаков роли нет: вход 42 215 KZT от 1, выход 0 KZT к 0; передано 0%.",0.3165,peripheral,9
100000000655469100,4,False,1,0,20000.0,0.0,2,0,0.0,True,0,7,0,0.0,0.0,7.577905051749476e-255,0,0,,,1,2026-07-14,2026-07-18,20000.0,0.8747905098459389,17713.105155091664,6.998909565077022e-05,0.29939610040441234,truncated,1.0,"Граница обхода, глубина 4: исходящие не выгружены. Получил 20 000 KZT от 1; P(переводит дальше)=30%.",0.3165,peripheral,20
100000002737980100,3,False,1,0,32900.0,0.0,1,0,0.0,False,0,7,0,0.0,0.0,5.2569834314297354e-05,0,0,,,1,2026-07-13,2026-07-13,32900.0,0.9961695382890277,32785.56590780346,0.0001295443169447859,,peripheral,0.8,"Признаков роли нет: вход 32 900 KZT от 1, выход 0 KZT к 0; передано 0%.",0.3165,peripheral,7
100000004291663100,4,False,1,0,25000.0,0.0,1,0,0.0,True,0,7,0,0.0,0.0,3.148497900522947e-05,0,0,,,1,2026-07-31,2026-07-31,25000.0,0.6424778096295601,16648.575895953883,6.57828630625788e-05,0.32873701463148897,truncated,1.0,"Граница обхода, глубина 4: исходящие не выгружены. Получил 25 000 KZT от 1; P(переводит дальше)=33%.",0.316,peripheral,1
100000006967370100,3,False,1,1,33225.0,13526.27,1,1,0.40711121143717083,False,0,7,0,1.922024458454748e-05,0.0,0.0004659017954226318,0,0,1.0,0.0,1,2026-07-08,2026-07-08,46751.270000000004,0.49734111871261333,20274.018511577327,0.00010668873507152536,,peripheral,0.8,"Признаков роли нет: вход 33 225 KZT от 1, выход 13 526 KZT к 1; передано 41%.",0.3156,peripheral,16
100000003040087100,4,False,1,0,29000.0,0.0,1,0,0.0,True,0,7,0,0.0,0.0,2.758273854900145e-06,0,0,,,1,2026-07-27,2026-07-27,29000.0,0.5245132233584058,16007.287240063899,6.324896442182785e-05,0.3207365893402681,truncated,1.0,"Граница обхода, глубина 4: исходящие не выгружены. Получил 29 000 KZT от 1; P(переводит дальше)=32%.",0.3154,peripheral,9
100000004071070100,2,False,2,1,41000.0,6000.0,5,1,0.14634146341463414,False,0,7,0,0.0,0.003942592060002026,0.0006479966168166528,1,0,1.0,1.0,1,2026-07-03,2026-07-19,47000.0,0.6377010522688521,28546.691518403655,0.00012777846414679028,,peripheral,0.8,"Признаков роли нет: вход 41 000 KZT от 2, выход 6 000 KZT к 1; передано 15%.",0.3148,peripheral,1
100000006416061100,4,False,1,0,30000.0,0.0,1,0,0.0,True,0,7,0,0.0,0.0,1.23619985386e-313,0,0,,,1,2026-07-28,2026-07-28,30000.0,0.48545785661686525,15729.559022443202,6.215158783999465e-05,0.3231164262046319,truncated,1.0,"Граница обхода, глубина 4: исходящие не выгружены. Получил 30 000 KZT от 1; P(переводит дальше)=32%.",0.3148,peripheral,1
100000008522127100,0,True,0,1,0.0,145000.0,0,3,,False,0,0,0,0.0,0.0,0.0,0,0,0.0,,0,,,145000.0,1.0,0.0,0.016845176188717795,,peripheral,0.8,"Признаков роли нет: вход 0 KZT от 0, выход 145 000 KZT к 1; передано н/д.",0.3147,peripheral,62
100000002628146100,2,False,1,0,30500.0,0.0,2,0,0.0,False,0,8,0,0.0,0.0,4.870880269675223e-241,0,0,,,1,2026-07-30,2026-07-30,30500.0,0.7656303616192779,25414.938251520372,0.0001004210458116215,,peripheral,0.8,"Признаков роли нет: вход 30 500 KZT от 1, выход 0 KZT к 0; передано 0%.",0.3147,peripheral,31
100000008782800100,1,False,1,0,43381.0,0.0,1,0,0.0,False,1,1,0,0.0,0.0,5.95500058530398e-11,0,1,,,1,2026-07-31,2026-07-31,43381.0,1.0,43381.0,0.00017140963889977282,,peripheral,0.8,"Признаков роли нет: вход 43 381 KZT от 1, выход 0 KZT к 0; передано 0%.",0.3144,peripheral,2
100000005852946100,1,False,1,0,23746.0,0.0,1,0,0.0,False,1,10,0,0.0,0.0,0.0004611679456476809,0,0,,,1,2026-07-16,2026-07-16,23746.0,1.0,23746.0,9.382663574638679e-05,,peripheral,0.8,"Признаков роли нет: вход 23 746 KZT от 1, выход 0 KZT к 0; передано 0%.",0.3142,peripheral,3
100000008661585100,1,False,1,0,43141.0,0.0,1,0,0.0,False,1,1,0,0.0,0.0,5.95500058530398e-11,0,1,,,1,2026-07-01,2026-07-01,43141.0,1.0,43141.0,0.00017046133634022036,,peripheral,0.8,"Признаков роли нет: вход 43 141 KZT от 1, выход 0 KZT к 0; передано 0%.",0.3133,peripheral,2
100000008776298100,1,False,1,0,42800.0,0.0,1,0,0.0,False,1,1,0,0.0,0.0,5.95500058530398e-11,0,1,,,1,2026-07-30,2026-07-30,42800.0,1.0,42800.0,0.0001691139564535229,,peripheral,0.8,"Признаков роли нет: вход 42 800 KZT от 1, выход 0 KZT к 0; передано 0%.",0.3123,peripheral,2
100000002506987100,4,False,1,0,28200.0,0.0,1,0,0.0,True,0,7,0,0.0,0.0,2.758273854900145e-06,0,0,,,1,2026-07-12,2026-07-12,28200.0,0.5245132233584058,15565.706902406962,6.150416540334666e-05,0.2886662395092939,truncated,1.0,"Граница обхода, глубина 4: исходящие не выгружены. Получил 28 200 KZT от 1; P(переводит дальше)=29%.",0.3117,peripheral,9
100000003943247100,3,False,1,0,40000.0,0.0,1,0,0.0,False,0,7,0,0.0,0.0,0.0029057815328092595,0,0,,,1,2026-07-06,2026-07-06,40000.0,0.6659430358381553,30265.692137093203,0.00011958763883429828,,peripheral,0.8,"Признаков роли нет: вход 40 000 KZT от 1, выход 0 KZT к 0; передано 0%.",0.3111,peripheral,1
100000000634341100,4,False,1,0,24000.0,0.0,2,0,0.0,True,0,7,0,0.0,0.0,0.0,0,0,,,1,2026-07-19,2026-07-22,24000.0,0.6566599498858338,16057.913940672028,6.344900371253655e-05,0.30887269922163446,truncated,1.0,"Граница обхода, глубина 4: исходящие не выгружены. Получил 24 000 KZT от 1; P(переводит дальше)=31%.",0.3108,peripheral,1
100000004596284100,4,False,1,0,30000.0,0.0,1,0,0.0,True,0,7,0,0.0,0.0,0.0,0,0,,,1,2026-07-11,2026-07-11,30000.0,0.5099073570070952,15297.220710212856,6.044330647295999e-05,0.28692395310353785,truncated,1.0,"Граница обхода, глубина 4: исходящие не выгружены. Получил 30 000 KZT от 1; P(переводит дальше)=29%.",0.3107,peripheral,7
100000004979283100,3,False,1,0,40132.0,0.0,1,0,0.0,False,0,7,0,0.0,0.0,6.407022137400362e-07,0,0,,,1,2026-07-05,2026-07-05,40132.0,0.7340348423324576,30004.300467389683,0.00011855481221174288,,peripheral,0.8,"Признаков роли нет: вход 40 132 KZT от 1, выход 0 KZT к 0; передано 0%.",0.3105,peripheral,9
100000004984689100,3,False,1,0,53030.0,0.0,1,0,0.0,False,0,7,0,0.0,0.0,0.0016044117305492448,0,0,,,1,2026-07-08,2026-07-08,53030.0,0.44201095570508103,28081.821782627834,0.00011095859780563972,,peripheral,0.8,"Признаков роли нет: вход 53 030 KZT от 1, выход 0 KZT к 0; передано 0%.",0.3104,peripheral,6
100000004723755100,0,True,0,1,0.0,95000.0,0,5,,False,0,0,0,0.0,0.0,0.0,0,0,0.0,,0,,,95000.0,1.0,0.0,0.16624300363761435,,peripheral,0.8,"Признаков роли нет: вход 0 KZT от 0, выход 95 000 KZT к 1; передано н/д.",0.3103,peripheral,3
100000004400480100,4,False,1,0,21700.0,0.0,1,0,0.0,True,0,2,0,0.0,0.0,0.0,0,0,,,1,2026-07-12,2026-07-12,21700.0,0.9002021292975897,20739.940443443193,8.194891086444546e-05,0.28731887337219225,truncated,1.0,"Граница обхода, глубина 4: исходящие не выгружены. Получил 21 700 KZT от 1; P(переводит дальше)=29%.",0.3102,peripheral,12
100000000878006100,3,False,1,0,47003.0,0.0,1,0,0.0,False,0,7,0,0.0,0.0,0.0029401739563140994,0,0,,,1,2026-07-03,2026-07-03,47003.0,0.5403576910379955,29103.226603428477,0.00011499443449690515,,peripheral,0.8,"Признаков роли нет: вход 47 003 KZT от 1, выход 0 KZT к 0; передано 0%.",0.3099,peripheral,8
100000007811950100,4,False,1,0,50000.0,0.0,1,0,0.0,True,0,7,0,0.0,0.0,0.0,0,0,,,1,2026-07-30,2026-07-30,50000.0,0.2622063603196312,13110.318015981558,5.1802283879518135e-05,0.33035683988706493,truncated,1.0,"Граница обхода, глубина 4: исходящие не выгружены. Получил 50 000 KZT от 1; P(переводит дальше)=33%.",0.3095,peripheral,24
100000004388983100,0,True,0,2,0.0,450816.0,0,23,,False,0,0,0,0.0,0.0,0.0,0,12,0.0,,0,,,450816.0,1.0,0.0,0.00178129152786335,,peripheral,0.8,"Признаков роли нет: вход 0 KZT от 0, выход 450 816 KZT к 2; передано н/д.",0.309,peripheral,64
100000008720856100,3,False,1,1,18105.0,46000.0,1,2,2.5407346037006353,False,0,7,0,1.9616538287321655e-05,0.0,0.00010694238652270059,0,0,0.0,,1,2026-07-30,2026-07-30,64105.0,0.4576133398176382,10712.711166778812,0.00012550359535497678,,peripheral,0.8,"Признаков роли нет: вход 18 105 KZT от 1, выход 46 000 KZT к 1; передано 254% (возможны поступления вне выборки).",0.3088,peripheral,8
100000008717340100,1,False,1,0,41500.0,0.0,1,0,0.0,False,1,1,0,0.0,0.0,5.95500058530398e-11,0,1,,,1,2026-07-15,2026-07-15,41500.0,1.0,41500.0,0.0001639773175892804,,peripheral,0.8,"Признаков роли нет: вход 41 500 KZT от 1, выход 0 KZT к 0; передано 0%.",0.3088,peripheral,2
100000008116374100,1,False,1,0,31284.0,0.0,1,0,0.0,False,1,7,0,0.0,0.0,0.0002952416008836587,0,0,,,1,2026-07-09,2026-07-09,31284.0,1.0,31284.0,0.0001236112386376638,,peripheral,0.8,"Признаков роли нет: вход 31 284 KZT от 1, выход 0 KZT к 0; передано 0%.",0.3087,peripheral,7
100000008727982100,4,False,1,0,30000.0,0.0,2,0,0.0,True,0,1,0,0.0,0.0,3.088206810369692e-298,0,0,,,1,2026-07-31,2026-07-31,30000.0,0.6082984840139318,21606.997823249687,8.537488058342286e-05,0.32974678715944516,truncated,1.0,"Граница обхода, глубина 4: исходящие не выгружены. Получил 30 000 KZT от 1; P(переводит дальше)=33%.",0.3087,peripheral,26
100000000581662100,4,False,1,0,21160.0,0.0,1,0,0.0,True,0,2,0,0.0,0.0,0.0,0,0,,,1,2026-07-16,2026-07-16,21160.0,0.9002021292975896,20223.831326417414,7.990962921157482e-05,0.2954904567819383,truncated,1.0,"Граница обхода, глубина 4: исходящие не выгружены. Получил 21 160 KZT от 1; P(переводит дальше)=30%.",0.3082,peripheral,12
100000008619857100,3,False,1,2,29000.0,13000.0,1,2,0.4482758620689655,False,0,7,0,1.75823270987009e-06,0.0004040542825894074,0.0029057815328092595,0,0,0.6153846153846154,0.0,1,2026-07-26,2026-07-26,42000.0,0.6659430358381553,21942.626799392572,0.00012182428076614036,,peripheral,0.8,"Признаков роли нет: вход 29 000 KZT от 1, выход 13 000 KZT к 2; передано 45%.",0.3082,peripheral,1
100000007960337100,4,False,1,0,35500.0,0.0,1,0,0.0,True,0,7,0,0.0,0.0,1.23619985386e-313,0,0,,,1,2026-07-21,2026-07-21,35500.0,0.3529631462304036,14200.47655790466,5.610978444459578e-05,0.3088227021319854,truncated,1.0,"Граница обхода, глубина 4: исходящие не выгружены. Получил 35 500 KZT от 1; P(переводит дальше)=31%.",0.308,peripheral,6
100000001160401100,3,False,1,0,47190.0,0.0,2,0,0.0,False,0,7,0,0.0,0.0,0.0006428156575478821,0,0,,,1,2026-07-03,2026-07-06,47190.0,0.4630846680164924,28629.258890251807,0.00011312166451544193,,peripheral,0.8,"Признаков роли нет: вход 47 190 KZT от 1, выход 0 KZT к 0; передано 0%.",0.308,peripheral,1
100000005326681100,2,False,1,0,31228.0,0.0,1,0,0.0,False,0,7,0,0.0,0.0,3.5676348106616587e-05,0,0,,,1,2026-07-27,2026-07-27,31228.0,0.9795583123763397,31008.72502823508,0.00012252355546977028,,peripheral,0.8,"Признаков роли нет: вход 31 228 KZT от 1, выход 0 KZT к 0; передано 0%.",0.3079,peripheral,15
100000004580254100,3,False,2,0,27940.0,0.0,2,0,0.0,False,0,7,0,0.0,0.0,0.00034028700247135254,0,0,,,1,2026-07-15,2026-07-19,27940.0,0.5658777965244657,17978.096757740474,7.103614654686044e-05,,terminal,0.632,Признаки оседания: получил 27 940 KZT от 2 плательщиков; исходящих ≥5 000 KZT в наблюдаемой выборке 0.,0.3071,terminal,16
100000008745474100,1,False,1,0,40559.0,0.0,1,0,0.0,False,1,1,0,0.0,0.0,5.95500058530398e-11,0,1,,,1,2026-07-22,2026-07-22,40559.0,1.0,40559.0,0.00016025918130370176,,peripheral,0.8,"Признаков роли нет: вход 40 559 KZT от 1, выход 0 KZT к 0; передано 0%.",0.307,peripheral,2
100000005079473100,4,False,1,0,39312.0,0.0,1,0,0.0,True,0,7,0,0.0,0.0,1.7212113966392227e-06,0,0,,,1,2026-07-18,2026-07-18,39312.0,0.2535875723968892,13618.831559331327,5.381155344094474e-05,0.30296314696199284,truncated,1.0,"Граница обхода, глубина 4: исходящие не выгружены. Получил 39 312 KZT от 1; P(переводит дальше)=30%.",0.3063,peripheral,6
100000001684867100,1,False,1,0,30550.0,0.0,1,0,0.0,False,1,7,0,0.0,0.0,0.0002952416008836587,0,0,,,1,2026-07-14,2026-07-14,30550.0,1.0,30550.0,0.00012071101330969917,,peripheral,0.8,"Признаков роли нет: вход 30 550 KZT от 1, выход 0 KZT к 0; передано 0%.",0.3061,peripheral,7
100000002214383100,4,False,1,0,213000.0,0.0,1,0,0.0,True,0,1,0,0.0,0.0,0.0,0,1,,,1,2026-07-23,2026-07-23,213000.0,0.06726664348977997,14327.795063323134,5.661285304702713e-05,0.32287536348871676,truncated,1.0,"Граница обхода, глубина 4: исходящие не выгружены. Получил 213 000 KZT от 1; P(переводит дальше)=32%.",0.306,peripheral,2
100000004336228100,3,False,1,0,51407.0,0.0,2,0,0.0,False,0,7,0,0.0,0.0,0.0016044117305492448,0,0,,,1,2026-07-27,2026-07-27,51407.0,0.44201095570508103,27222.368704121232,0.00010756267466328663,,peripheral,0.8,"Признаков роли нет: вход 51 407 KZT от 1, выход 0 KZT к 0; передано 0%.",0.3055,peripheral,6
100000002796853100,2,False,1,1,199000.0,46167.62,8,5,0.23199809045226133,False,0,1,0,0.0,0.0,4.949572383127109e-08,1,0,0.8916989872988904,0.0,1,2026-07-12,2026-07-24,245167.62,0.9965983266034504,198323.06699408664,-9.876641658713432e-05,,peripheral,0.8,"Признаков роли нет: вход 199 000 KZT от 1, выход 46 168 KZT к 1; передано 23%.",0.3048,peripheral,62
100000006369769100,1,False,1,0,40000.0,0.0,1,0,0.0,False,1,1,0,0.0,0.0,5.95500058530398e-11,0,1,,,1,2026-07-10,2026-07-10,40000.0,1.0,40000.0,0.00015805042659207746,,peripheral,0.8,"Признаков роли нет: вход 40 000 KZT от 1, выход 0 KZT к 0; передано 0%.",0.3042,peripheral,2
100000005100475100,3,False,1,0,40000.0,0.0,1,0,0.0,False,0,1,0,0.0,0.0,1.23619985386e-313,0,0,,,1,2026-07-22,2026-07-22,40000.0,1.0,40000.0,0.00015805042659207746,,peripheral,0.8,"Признаков роли нет: вход 40 000 KZT от 1, выход 0 KZT к 0; передано 0%.",0.3042,peripheral,4
100000003736419100,3,False,1,1,23300.0,10000.0,1,1,0.4291845493562232,False,0,7,0,1.922024458454748e-05,0.0,0.001137907385155322,0,0,1.0,0.0,1,2026-07-26,2026-07-26,33300.0,0.7594437519994522,19357.19642798906,0.0001064929310707484,,peripheral,0.8,"Признаков роли нет: вход 23 300 KZT от 1, выход 10 000 KZT к 1; передано 43%.",0.304,peripheral,1
100000008097580100,3,False,2,0,32000.0,0.0,4,0,0.0,False,0,7,0,0.0,0.0,2.408230238260386e-05,0,0,,,1,2026-07-04,2026-07-31,32000.0,0.447415770885656,16611.147856061296,6.563497512084582e-05,,terminal,0.633,Признаки оседания: получил 32 000 KZT от 2 плательщиков; исходящих ≥5 000 KZT в наблюдаемой выборке 0.,0.3022,terminal,6
100000007938486100,1,False,1,0,39500.0,0.0,1,0,0.0,False,1,1,0,0.0,0.0,5.95500058530398e-11,0,1,,,1,2026-07-06,2026-07-06,39500.0,1.0,39500.0,0.00015607479625967652,,peripheral,0.8,"Признаков роли нет: вход 39 500 KZT от 1, выход 0 KZT к 0; передано 0%.",0.3021,peripheral,2
100000002809896100,3,False,1,0,38000.0,0.0,1,0,0.0,False,0,7,0,0.0,0.0,6.407022137400362e-07,0,0,,,1,2026-07-04,2026-07-04,38000.0,0.7340348423324576,28410.33135056334,0.0001122566247394766,,peripheral,0.8,"Признаков роли нет: вход 38 000 KZT от 1, выход 0 KZT к 0; передано 0%.",0.302,peripheral,9
100000004713684100,3,False,1,0,37500.0,0.0,1,0,0.0,False,0,7,0,0.0,0.0,0.0029057815328092595,0,0,,,1,2026-07-24,2026-07-24,37500.0,0.6659430358381553,28374.086378524877,0.00011211341140711783,,peripheral,0.8,"Признаков роли нет: вход 37 500 KZT от 1, выход 0 KZT к 0; передано 0%.",0.3014,peripheral,1
100000006288612100,4,False,1,0,30805.0,0.0,3,0,0.0,True,0,7,0,0.0,0.0,2.369785348115211e-06,0,0,,,1,2026-07-02,2026-07-21,30805.0,0.3927865510357105,13616.147490495021,5.380094798524204e-05,0.30806384995738223,truncated,1.0,"Граница обхода, глубина 4: исходящие не выгружены. Получил 30 805 KZT от 1; P(переводит дальше)=31%.",0.3012,peripheral,10
100000008735384100,1,False,1,0,39220.0,0.0,1,0,0.0,False,1,1,0,0.0,0.0,5.95500058530398e-11,0,1,,,1,2026-07-22,2026-07-22,39220.0,1.0,39220.0,0.00015496844327353196,,peripheral,0.8,"Признаков роли нет: вход 39 220 KZT от 1, выход 0 KZT к 0; передано 0%.",0.301,peripheral,2
100000002156381100,2,False,2,1,61000.0,21800.0,7,3,0.35737704918032787,False,0,8,0,4.240342619683671e-05,0.0,2.2970889399872445e-281,1,0,0.22935779816513763,1.0,2,2026-07-14,2026-07-31,82800.0,0.11714228955842537,7145.679663063947,4.377740592326881e-05,,peripheral,0.8,"Признаков роли нет: вход 61 000 KZT от 2, выход 21 800 KZT к 1; передано 36%.",0.3007,peripheral,11
100000004350094100,4,False,1,0,20000.0,0.0,1,0,0.0,True,0,7,0,0.0,0.0,1.656170058256313e-06,0,0,,,1,2026-07-06,2026-07-06,20000.0,0.7594070248396716,15343.017008571314,6.062425958536085e-05,0.2747211866710017,truncated,1.0,"Граница обхода, глубина 4: исходящие не выгружены. Получил 20 000 KZT от 1; P(переводит дальше)=27%.",0.3007,peripheral,17
100000000795374100,3,False,1,0,50000.0,0.0,1,0,0.0,False,0,7,0,0.0,0.0,0.0016044117305492448,0,0,,,1,2026-07-12,2026-07-12,50000.0,0.442010955705081,26477.297551035106,0.00010461870432366473,,peripheral,0.8,"Признаков роли нет: вход 50 000 KZT от 1, выход 0 KZT к 0; передано 0%.",0.3006,peripheral,6
100000003711830100,3,False,1,0,50000.0,0.0,1,0,0.0,False,0,7,0,0.0,0.0,0.0016044117305492448,0,0,,,1,2026-07-30,2026-07-30,50000.0,0.442010955705081,26477.297551035106,0.00010461870432366473,,peripheral,0.8,"Признаков роли нет: вход 50 000 KZT от 1, выход 0 KZT к 0; передано 0%.",0.3006,peripheral,6
100000003622955100,4,False,1,0,15000.0,0.0,1,0,0.0,True,0,11,0,0.0,0.0,0.0,0,0,,,1,2026-07-01,2026-07-01,15000.0,0.6039481293796913,9385.73910933518,3.70855017527e-05,0.26341885168659174,truncated,1.0,"Граница обхода, глубина 4: исходящие не выгружены. Получил 15 000 KZT от 1; P(переводит дальше)=26%.",0.3,peripheral,11
100000008771819100,1,False,1,0,38900.0,0.0,1,0,0.0,False,1,1,0,0.0,0.0,5.95500058530398e-11,0,1,,,1,2026-07-29,2026-07-29,38900.0,1.0,38900.0,0.00015370403986079533,,peripheral,0.8,"Признаков роли нет: вход 38 900 KZT от 1, выход 0 KZT к 0; передано 0%.",0.2997,peripheral,2
100000004192107100,2,False,1,0,25000.0,0.0,1,0,0.0,False,0,8,0,0.0,0.0,2.8321519604650354e-232,0,0,,,1,2026-07-29,2026-07-29,25000.0,0.8986314514440024,23072.90319444085,9.11670548149243e-05,,peripheral,0.8,"Признаков роли нет: вход 25 000 KZT от 1, выход 0 KZT к 0; передано 0%.",0.2993,peripheral,3
100000007988344100,4,False,1,0,20000.0,0.0,3,0,0.0,True,0,7,0,0.0,0.0,0.0,0,0,,,1,2026-07-02,2026-07-15,20000.0,0.7465035198821421,15188.875039989047,6.001520448800531e-05,0.2931091340885796,truncated,1.0,"Граница обхода, глубина 4: исходящие не выгружены. Получил 20 000 KZT от 1; P(переводит дальше)=29%.",0.2992,peripheral,1
100000002861485100,1,False,1,0,29323.0,0.0,1,0,0.0,False,1,7,0,0.0,0.0,0.0002952416008836587,0,0,,,1,2026-07-22,2026-07-22,29323.0,1.0,29323.0,0.0001158628164739872,,peripheral,0.8,"Признаков роли нет: вход 29 323 KZT от 1, выход 0 KZT к 0; передано 0%.",0.2992,peripheral,7
100000001307612100,1,False,1,0,38483.0,0.0,1,0,0.0,False,1,1,0,0.0,0.0,5.95500058530398e-11,0,1,,,1,2026-07-01,2026-07-01,38483.0,1.0,38483.0,0.00015205636416357294,,peripheral,0.8,"Признаков роли нет: вход 38 483 KZT от 1, выход 0 KZT к 0; передано 0%.",0.2985,peripheral,2
100000007793871100,3,False,1,0,26000.0,0.0,3,0,0.0,False,0,8,0,0.0,0.0,0.0,0,0,,,1,2026-07-11,2026-07-25,26000.0,0.8228635596113683,22351.73494212019,8.831753106694964e-05,,peripheral,0.8,"Признаков роли нет: вход 26 000 KZT от 1, выход 0 KZT к 0; передано 0%.",0.2981,peripheral,9
100000002597003100,1,False,1,1,17700.0,11000.0,1,1,0.6214689265536724,False,1,7,0,1.922024458454748e-05,0.0,0.0021516815362503513,0,0,0.0,,1,2026-07-17,2026-07-17,28700.0,1.0,17700.0,0.00011340118107981559,,peripheral,0.8,"Признаков роли нет: вход 17 700 KZT от 1, выход 11 000 KZT к 1; передано 62%.",0.2977,peripheral,1
100000008130868100,4,False,1,0,22782.0,0.0,1,0,0.0,True,0,1,0,0.0,0.0,0.0,0,0,,,1,2026-07-01,2026-07-01,22782.0,0.9128732533190331,20797.078457114214,8.217467805040647e-05,0.26545745326356085,truncated,1.0,"Граница обхода, глубина 4: исходящие не выгружены. Получил 22 782 KZT от 1; P(переводит дальше)=27%.",0.2974,peripheral,12
100000001339466100,2,False,1,0,30000.0,0.0,1,0,0.0,False,0,9,0,0.0,0.0,0.0001427672909306537,0,0,,,1,2026-07-10,2026-07-10,30000.0,0.5957146489028127,19845.840162758202,7.841608759503659e-05,,peripheral,0.8,"Признаков роли нет: вход 30 000 KZT от 1, выход 0 KZT к 0; передано 0%.",0.2968,peripheral,3
100000008491390100,3,False,1,0,36000.0,0.0,1,0,0.0,False,0,7,0,0.0,0.0,0.0029057815328092595,0,0,,,1,2026-07-05,2026-07-05,36000.0,0.6659430358381553,27239.122923383882,0.00010762887495083313,,peripheral,0.8,"Признаков роли нет: вход 36 000 KZT от 1, выход 0 KZT к 0; передано 0%.",0.2966,peripheral,1
100000008071749100,4,False,1,0,24943.0,0.0,1,0,0.0,True,0,7,0,0.0,0.0,2.758273854900145e-06,0,0,,,1,2026-07-21,2026-07-21,24943.0,0.5245132233584058,13767.922952721166,5.440065239907301e-05,0.30693658881570735,truncated,1.0,"Граница обхода, глубина 4: исходящие не выгружены. Получил 24 943 KZT от 1; P(переводит дальше)=31%.",0.296,peripheral,9
100000004386286100,4,False,1,0,12500.0,0.0,1,0,0.0,True,0,9,0,0.0,0.0,9.023756758629543e-290,0,0,,,1,2026-07-29,2026-07-29,12500.0,0.7740388821212836,10079.154363279908,3.982536617007364e-05,0.3205185471974413,truncated,1.0,"Граница обхода, глубина 4: исходящие не выгружены. Получил 12 500 KZT от 1; P(переводит дальше)=32%.",0.2957,peripheral,10
100000007018630100,0,True,0,1,0.0,200000.0,0,5,,False,0,0,0,0.0,0.0,0.0,0,13,0.0,,0,,,200000.0,1.0,0.0,0.0017780672991608716,,peripheral,0.8,"Признаков роли нет: вход 0 KZT от 0, выход 200 000 KZT к 1; передано н/д.",0.2951,peripheral,60
100000000646541100,2,False,3,0,25300.0,0.0,4,0,0.0,False,0,7,0,0.0,0.0,4.577580265306594e-05,0,0,,,1,2026-07-23,2026-07-31,25300.0,0.63085362403622,16475.24367094873,6.509798226001386e-05,,terminal,0.694,Признаки оседания: получил 25 300 KZT от 3 плательщиков; исходящих ≥5 000 KZT в наблюдаемой выборке 0.,0.2948,terminal,1
100000004340038100,3,False,1,1,9978.0,49000.0,1,1,4.910803768290238,False,0,7,0,1.922024458454748e-05,0.0,0.00025946007686321234,0,0,0.0,9.0,1,2026-07-08,2026-07-08,58978.0,0.6464047554220197,7256.224209628074,0.00015382280379288256,,peripheral,0.8,"Признаков роли нет: вход 9 978 KZT от 1, выход 49 000 KZT к 1; передано 491% (возможны поступления вне выборки).",0.2943,peripheral,13
100000008687671100,1,False,1,0,37500.0,0.0,1,0,0.0,False,1,1,0,0.0,0.0,5.95500058530398e-11,0,1,,,1,2026-07-09,2026-07-09,37500.0,1.0,37500.0,0.00014817227493007262,,peripheral,0.8,"Признаков роли нет: вход 37 500 KZT от 1, выход 0 KZT к 0; передано 0%.",0.2943,peripheral,2
100000001641951100,2,False,1,0,25000.0,0.0,4,0,0.0,False,0,11,0,0.0,0.0,1.862578378996418e-253,0,0,,,1,2026-07-08,2026-07-28,25000.0,0.715347532061092,18664.76254109589,7.37493420464597e-05,,peripheral,0.8,"Признаков роли нет: вход 25 000 KZT от 1, выход 0 KZT к 0; передано 0%.",0.294,peripheral,3
100000001784279100,3,False,1,0,35674.0,0.0,1,0,0.0,False,0,7,0,0.0,0.0,0.0011319383959652314,0,0,,,1,2026-07-14,2026-07-14,35674.0,0.6690797475280011,26619.00830017767,0.00010517864043255806,,peripheral,0.8,"Признаков роли нет: вход 35 674 KZT от 1, выход 0 KZT к 0; передано 0%.",0.2937,peripheral,1
100000005022964100,2,False,1,0,20000.0,0.0,1,0,0.0,False,0,10,0,0.0,0.0,0.0,0,0,,,1,2026-07-26,2026-07-26,20000.0,1.0,20000.0,7.902521329603873e-05,,peripheral,0.8,"Признаков роли нет: вход 20 000 KZT от 1, выход 0 KZT к 0; передано 0%.",0.2936,peripheral,3
100000002173070100,2,False,1,0,30000.0,0.0,1,0,0.0,False,0,7,0,0.0,0.0,4.0407558618990766e-06,0,0,,,1,2026-07-03,2026-07-03,30000.0,0.9068077100485716,27444.251884869784,0.00010843939294751584,,peripheral,0.8,"Признаков роли нет: вход 30 000 KZT от 1, выход 0 KZT к 0; передано 0%.",0.2934,peripheral,7
100000001578517100,2,False,1,0,30000.0,0.0,1,0,0.0,False,0,7,0,0.0,0.0,4.0407558618990766e-06,0,0,,,1,2026-07-03,2026-07-03,30000.0,0.9068077100485716,27444.251884869784,0.00010843939294751584,,peripheral,0.8,"Признаков роли нет: вход 30 000 KZT от 1, выход 0 KZT к 0; передано 0%.",0.2934,peripheral,7
100000007641183100,1,False,1,0,28000.0,0.0,1,0,0.0,False,1,7,0,0.0,0.0,0.0002952416008836587,0,0,,,1,2026-07-06,2026-07-06,28000.0,1.0,28000.0,0.00011063529861445424,,peripheral,0.8,"Признаков роли нет: вход 28 000 KZT от 1, выход 0 KZT к 0; передано 0%.",0.2932,peripheral,7
100000004971871100,0,True,1,1,25400.0,5650.0,3,1,0.22244094488188976,False,0,0,0,0.0,0.0,0.0,1,10,1.0,2.0,1,2026-07-18,2026-07-23,31050.0,1.0,25400.0,0.0003123471555525931,,peripheral,0.8,"Признаков роли нет: вход 25 400 KZT от 1, выход 5 650 KZT к 1; передано 22%.",0.2926,peripheral,57
100000005008589100,3,False,1,0,42806.68,0.0,1,0,0.0,False,0,7,0,0.0,0.0,0.0006428156575478821,0,0,,,1,2026-07-01,2026-07-01,42806.68,0.4630846680164925,25969.983554824415,0.00010261417448579282,,peripheral,0.8,"Признаков роли нет: вход 42 807 KZT от 1, выход 0 KZT к 0; передано 0%.",0.2926,peripheral,1
100000008652094100,3,False,1,0,35000.0,0.0,1,0,0.0,False,0,7,0,0.0,0.0,0.0029057815328092595,0,0,,,1,2026-07-16,2026-07-16,35000.0,0.6659430358381553,26482.480619956554,0.0001046391839799374,,peripheral,0.8,"Признаков роли нет: вход 35 000 KZT от 1, выход 0 KZT к 0; передано 0%.",0.2923,peripheral,1
100000002211413100,1,False,1,0,37000.0,0.0,1,0,0.0,False,1,1,0,0.0,0.0,5.95500058530398e-11,0,1,,,1,2026-07-28,2026-07-28,37000.0,1.0,37000.0,0.00014619664459767167,,peripheral,0.8,"Признаков роли нет: вход 37 000 KZT от 1, выход 0 KZT к 0; передано 0%.",0.2922,peripheral,2
100000004580202100,2,False,1,3,9000.0,45000.0,1,4,5.0,False,0,7,0,5.9444055416126226e-05,1.57847465707e-313,5.175780176322777e-08,0,0,0.1111111111111111,5.0,1,2026-07-18,2026-07-18,54000.0,0.4738143641922286,4831.104551455912,0.00010333633606603535,,peripheral,0.8,"Признаков роли нет: вход 9 000 KZT от 1, выход 45 000 KZT к 3; передано 500% (возможны поступления вне выборки).",0.2919,peripheral,21
100000002132479100,2,False,1,1,30000.0,20000.0,2,1,0.6666666666666666,False,0,8,0,0.0,2.230233612923758e-05,9.023756758629543e-290,1,0,0.0,7.0,1,2026-07-01,2026-07-09,50000.0,0.4751136860413071,14469.467711588733,9.438836910216188e-05,,peripheral,0.8,"Признаков роли нет: вход 30 000 KZT от 1, выход 20 000 KZT к 1; передано 67%.",0.2917,peripheral,14
100000001229743100,3,False,1,1,7000.0,9000.0,1,1,1.2857142857142858,False,0,7,0,1.922024458454748e-05,0.0,0.0006428156575478821,0,0,0.0,6.0,1,2026-07-02,2026-07-02,16000.0,0.4630846680164925,4246.764404148393,3.324798724155207e-05,,transit,0.614,"Признаки транзита: получил 7 000 KZT, передано 129%. 0% ушло в течение 2 дней после поступления.",0.2916,transit,1
100000000287768100,3,False,1,0,35168.0,0.0,1,0,0.0,False,0,7,0,0.0,0.0,0.0011319383959652314,0,0,,,1,2026-07-27,2026-07-27,35168.0,0.6690797475280011,26241.444298386734,0.00010368678664380593,,peripheral,0.8,"Признаков роли нет: вход 35 168 KZT от 1, выход 0 KZT к 0; передано 0%.",0.2915,peripheral,1
100000001223977100,3,False,1,1,5000.0,18000.0,1,1,3.6,False,0,10,0,2.4173915869224665e-05,0.0,0.0,0,0,0.0,19.0,1,2026-07-05,2026-07-05,23000.0,1.0,5000.0,9.087899529044455e-05,,peripheral,0.8,"Признаков роли нет: вход 5 000 KZT от 1, выход 18 000 KZT к 1; передано 360% (возможны поступления вне выборки).",0.2913,peripheral,50
100000003896956100,3,False,1,1,10000.0,27000.0,1,2,2.7,False,0,7,0,1.922024458454748e-05,0.0,5.2569834314297354e-05,0,0,0.6666666666666666,2.0,1,2026-07-11,2026-07-11,37000.0,0.9961695382890275,9965.217601156066,0.00014565056115076118,,peripheral,0.8,"Признаков роли нет: вход 10 000 KZT от 1, выход 27 000 KZT к 1; передано 270% (возможны поступления вне выборки).",0.291,peripheral,7
100000002340562100,2,False,1,0,36650.0,0.0,2,0,0.0,False,0,1,0,0.0,0.0,0.0,0,0,,,1,2026-07-11,2026-07-19,36650.0,1.0,36650.0,0.000144813703364991,,peripheral,0.8,"Признаков роли нет: вход 36 650 KZT от 1, выход 0 KZT к 0; передано 0%.",0.291,peripheral,4
100000008762832100,2,False,1,1,150000.0,85000.0,1,4,0.5666666666666667,False,0,1,0,0.0,0.0,6.211858071745701e-05,1,0,0.0,,1,2026-07-31,2026-07-31,235000.0,0.9502737530483159,142541.06295724737,-0.027349924655521766,,peripheral,0.8,"Признаков роли нет: вход 150 000 KZT от 1, выход 85 000 KZT к 1; передано 57%.",0.291,peripheral,3
100000005226217100,4,False,1,0,17500.0,0.0,1,0,0.0,True,0,9,0,0.0,0.0,9.023756758629543e-290,0,0,,,1,2026-07-01,2026-07-01,17500.0,0.46628881571766484,8715.905879883434,3.443881606130535e-05,0.2641696158611637,truncated,1.0,"Граница обхода, глубина 4: исходящие не выгружены. Получил 17 500 KZT от 1; P(переводит дальше)=26%.",0.2906,peripheral,5
100000005087923100,4,False,1,0,20000.0,0.0,1,0,0.0,True,0,1,0,0.0,0.0,0.0,0,0,,,1,2026-07-21,2026-07-21,20000.0,1.0,20000.0,7.902521329603873e-05,0.3057595888538745,truncated,1.0,"Граница обхода, глубина 4: исходящие не выгружены. Получил 20 000 KZT от 1; P(переводит дальше)=31%.",0.2903,peripheral,26
100000003370425100,4,False,1,0,20000.0,0.0,1,0,0.0,True,0,7,0,0.0,0.0,0.0,0,0,,,1,2026-07-21,2026-07-21,20000.0,0.6684331754893464,13639.233335258872,5.389216617565464e-05,0.3057595888538745,truncated,1.0,"Граница обхода, глубина 4: исходящие не выгружены. Получил 20 000 KZT от 1; P(переводит дальше)=31%.",0.2901,peripheral,13
100000005497148100,4,False,1,0,24000.0,0.0,2,0,0.0,True,0,7,0,0.0,0.0,0.0,0,0,,,1,2026-07-12,2026-07-13,24000.0,0.5119191887828877,12968.58458491189,5.1242258148557464e-05,0.28990139930746733,truncated,1.0,"Граница обхода, глубина 4: исходящие не выгружены. Получил 24 000 KZT от 1; P(переводит дальше)=29%.",0.29,peripheral,8
100000002231144100,4,False,1,0,15000.0,0.0,1,0,0.0,True,0,7,0,0.0,0.0,5.122433452555066e-255,0,0,,,1,2026-07-28,2026-07-28,15000.0,0.9714212669487975,14707.167566930904,5.8111852697842693e-05,0.31932629696803183,truncated,1.0,"Граница обхода, глубина 4: исходящие не выгружены. Получил 15 000 KZT от 1; P(переводит дальше)=32%.",0.2897,peripheral,20
100000002304943100,4,False,1,0,15000.0,0.0,1,0,0.0,True,0,7,0,0.0,0.0,2.3749511394193016e-243,0,0,,,1,2026-07-07,2026-07-07,15000.0,0.9714212669487975,14707.167566930904,5.8111852697842693e-05,0.2752869148939352,truncated,1.0,"Граница обхода, глубина 4: исходящие не выгружены. Получил 15 000 KZT от 1; P(переводит дальше)=28%.",0.2897,peripheral,20
100000008741372100,1,False,1,0,35975.0,0.0,1,0,0.0,False,1,1,0,0.0,0.0,5.95500058530398e-11,0,1,,,1,2026-07-21,2026-07-21,35975.0,1.0,35975.0,0.00014214660241624967,,peripheral,0.8,"Признаков роли нет: вход 35 975 KZT от 1, выход 0 KZT к 0; передано 0%.",0.2889,peripheral,2
100000008680912100,3,False,1,1,45112.0,5990.85,2,1,0.13279947685759888,False,0,7,0,0.0,0.00010197759638234088,2.350941696846872e-06,1,0,1.0,1.0,1,2026-07-06,2026-07-10,51102.85,0.4783088860999054,22879.40380818883,9.587604066264224e-05,,peripheral,0.8,"Признаков роли нет: вход 45 112 KZT от 1, выход 5 991 KZT к 1; передано 13%.",0.2887,peripheral,1
100000004975919100,3,False,1,2,22351.0,15000.0,1,2,0.6711109122634334,False,0,7,0,3.844048916909496e-05,0.0,0.0016044117305492448,0,0,0.0,,1,2026-07-21,2026-07-21,37351.0,0.44201095570508103,11835.881551263714,7.296416074711587e-05,,peripheral,0.8,"Признаков роли нет: вход 22 351 KZT от 1, выход 15 000 KZT к 2; передано 67%.",0.2884,peripheral,6
100000008629504100,4,False,1,0,20000.0,0.0,1,0,0.0,True,0,7,0,0.0,0.0,6.837938890112211e-06,0,0,,,1,2026-07-16,2026-07-16,20000.0,0.6566599498858336,13381.594950560024,5.287416976044712e-05,0.29519619634815225,truncated,1.0,"Граница обхода, глубина 4: исходящие не выгружены. Получил 20 000 KZT от 1; P(переводит дальше)=30%.",0.2884,peripheral,1
100000003109805100,3,False,1,0,36929.0,0.0,1,0,0.0,False,0,7,0,0.0,0.0,0.000233344615948652,0,0,,,1,2026-07-21,2026-07-21,36929.0,0.6610369390367882,25441.995568442573,0.00010052795632369853,,peripheral,0.8,"Признаков роли нет: вход 36 929 KZT от 1, выход 0 KZT к 0; передано 0%.",0.2881,peripheral,16
100000004988240100,4,False,1,0,20000.0,0.0,1,0,0.0,True,0,7,0,0.0,0.0,0.0,0,0,,,1,2026-07-21,2026-07-21,20000.0,0.6424778096295601,13318.860716763107,5.2626290450110144e-05,0.3057595888538745,truncated,1.0,"Граница обхода, глубина 4: исходящие не выгружены. Получил 20 000 KZT от 1; P(переводит дальше)=31%.",0.2879,peripheral,1
100000000500040100,4,False,1,0,20000.0,0.0,1,0,0.0,True,0,7,0,0.0,0.0,3.148497900522947e-05,0,0,,,1,2026-07-28,2026-07-28,20000.0,0.6424778096295601,13318.860716763107,5.2626290450110144e-05,0.32089646637708935,truncated,1.0,"Граница обхода, глубина 4: исходящие не выгружены. Получил 20 000 KZT от 1; P(переводит дальше)=32%.",0.2879,peripheral,1
100000006512787100,4,False,1,0,20000.0,0.0,2,0,0.0,True,0,7,0,0.0,0.0,0.0,0,0,,,1,2026-07-21,2026-07-23,20000.0,0.6424778096295601,13318.860716763105,5.2626290450110144e-05,0.31004367061431604,truncated,1.0,"Граница обхода, глубина 4: исходящие не выгружены. Получил 20 000 KZT от 1; P(переводит дальше)=31%.",0.2877,peripheral,1
100000002922000100,4,False,1,0,448000.0,0.0,1,0,0.0,True,0,7,0,0.0,0.0,7.661109122360097e-07,0,0,,,1,2026-07-11,2026-07-11,448000.0,0.011969295077907168,5389.458759167065,2.1295156399636618e-05,0.3009945174278746,truncated,1.0,"Граница обхода, глубина 4: исходящие не выгружены. Получил 448 000 KZT от 1; P(переводит дальше)=30%.",0.2877,peripheral,43
100000004791226100,4,False,1,0,20000.0,0.0,1,0,0.0,True,0,7,0,0.0,0.0,0.0,0,0,,,1,2026-07-07,2026-07-07,20000.0,0.6424778096295601,13318.860716763105,5.2626290450110144e-05,0.27672857444419513,truncated,1.0,"Граница обхода, глубина 4: исходящие не выгружены. Получил 20 000 KZT от 1; P(переводит дальше)=28%.",0.2877,peripheral,1
100000005901606100,1,False,1,0,35660.0,0.0,1,0,0.0,False,1,1,0,0.0,0.0,5.95500058530398e-11,0,1,,,1,2026-07-23,2026-07-23,35660.0,1.0,35660.0,0.00014090195530683708,,peripheral,0.8,"Признаков роли нет: вход 35 660 KZT от 1, выход 0 KZT к 0; передано 0%.",0.2876,peripheral,2
100000006918814100,4,False,1,0,20000.0,0.0,2,0,0.0,True,0,7,0,0.0,0.0,5.078517869942799e-05,0,0,,,1,2026-07-23,2026-07-30,20000.0,0.561332874656937,13220.738780735763,5.2238585103947325e-05,0.32529325963856426,truncated,1.0,"Граница обхода, глубина 4: исходящие не выгружены. Получил 20 000 KZT от 1; P(переводит дальше)=33%.",0.2871,peripheral,3
100000003500764100,4,False,1,0,21000.0,0.0,1,0,0.0,True,0,7,0,0.0,0.0,0.0,0,0,,,1,2026-07-06,2026-07-06,21000.0,0.5468900148565442,12904.951895874912,5.099082880728393e-05,0.2749650511495499,truncated,1.0,"Граница обхода, глубина 4: исходящие не выгружены. Получил 21 000 KZT от 1; P(переводит дальше)=27%.",0.287,peripheral,16
100000008753193100,1,False,1,0,35225.0,0.0,1,0,0.0,False,1,1,0,0.0,0.0,5.95500058530398e-11,0,1,,,1,2026-07-24,2026-07-24,35225.0,1.0,35225.0,0.00013918315691764823,,peripheral,0.8,"Признаков роли нет: вход 35 225 KZT от 1, выход 0 KZT к 0; передано 0%.",0.2868,peripheral,2
100000002232266100,3,False,1,0,45000.0,0.0,1,0,0.0,False,0,7,0,0.0,0.0,0.0016044117305492448,0,0,,,1,2026-07-19,2026-07-19,45000.0,0.4420109557050811,23829.567795931594,9.415683389129826e-05,,peripheral,0.8,"Признаков роли нет: вход 45 000 KZT от 1, выход 0 KZT к 0; передано 0%.",0.2865,peripheral,6
100000008501413100,3,False,1,1,5000.0,5100.0,1,1,1.02,False,0,8,0,2.1201713098418353e-05,0.0,9.977809130351899e-07,0,0,1.0,2.0,1,2026-07-28,2026-07-28,10100.0,0.2541284766188996,1617.8823846685668,1.1513727079513165e-05,,transit,0.994,"Признаки транзита: получил 5 000 KZT, передано 102%. 100% ушло в течение 2 дней после поступления.",0.2865,transit,11
100000003066385100,1,False,2,0,20000.0,0.0,2,0,0.0,False,1,7,0,0.0,0.0,0.0027944971937982335,0,0,,,1,2026-07-08,2026-07-09,20000.0,0.7315423340082462,16066.806291640562,6.348413970914863e-05,,terminal,0.63,Признаки оседания: получил 20 000 KZT от 2 плательщиков; исходящих ≥5 000 KZT в наблюдаемой выборке 0.,0.2863,terminal,1
100000004463277100,2,False,1,0,35000.0,0.0,1,0,0.0,False,0,1,0,0.0,0.0,0.0,0,3,,,1,2026-07-05,2026-07-05,35000.0,1.0,35000.0,0.0001382941232680678,,peripheral,0.8,"Признаков роли нет: вход 35 000 KZT от 1, выход 0 KZT к 0; передано 0%.",0.2853,peripheral,28
100000004494983100,1,False,1,0,35000.0,0.0,1,0,0.0,False,1,1,0,0.0,0.0,5.95500058530398e-11,0,1,,,1,2026-07-14,2026-07-14,35000.0,1.0,35000.0,0.0001382941232680678,,peripheral,0.8,"Признаков роли нет: вход 35 000 KZT от 1, выход 0 KZT к 0; передано 0%.",0.2853,peripheral,2
100000008734279100,4,False,1,0,31650.0,0.0,1,0,0.0,True,0,7,0,0.0,0.0,3.1784521125680773e-09,0,0,,,1,2026-07-23,2026-07-23,31650.0,0.2535875723968892,10964.489694058722,4.3323556837761134e-05,0.31251148117773164,truncated,1.0,"Граница обхода, глубина 4: исходящие не выгружены. Получил 31 650 KZT от 1; P(переводит дальше)=31%.",0.2852,peripheral,6
100000005485830100,0,True,0,5,0.0,275885.0,0,9,,False,0,0,0,0.0,6.211515022315557e-271,0.0,0,5,0.0,,0,,,275885.0,1.0,0.0,0.0010900935485088823,,peripheral,0.8,"Признаков роли нет: вход 0 KZT от 0, выход 275 885 KZT к 5; передано н/д.",0.2852,peripheral,44
100000001991973100,4,False,1,0,20800.0,0.0,1,0,0.0,True,0,1,0,0.0,0.0,3.6873817911951947e-06,0,0,,,1,2026-07-24,2026-07-24,20800.0,0.9128732533190332,18987.763669035892,7.5025603698048e-05,0.3124093054633793,truncated,1.0,"Граница обхода, глубина 4: исходящие не выгружены. Получил 20 800 KZT от 1; P(переводит дальше)=31%.",0.2852,peripheral,9
100000003016773100,2,False,1,0,46555.0,0.0,1,0,0.0,False,0,9,0,0.0,0.0,2.2952505568848687e-06,0,0,,,1,2026-07-13,2026-07-13,46555.0,0.3287238796394917,16270.186761522407,6.42877489598078e-05,,peripheral,0.8,"Признаков роли нет: вход 46 555 KZT от 1, выход 0 KZT к 0; передано 0%.",0.2847,peripheral,5
100000004571634100,4,False,1,0,20000.0,0.0,1,0,0.0,True,0,8,0,0.0,0.0,1.23619985386e-313,0,0,,,1,2026-07-16,2026-07-16,20000.0,0.3937170066183862,8493.074409336063,3.3558350836844696e-05,0.29519619634815225,truncated,1.0,"Граница обхода, глубина 4: исходящие не выгружены. Получил 20 000 KZT от 1; P(переводит дальше)=30%.",0.2842,peripheral,11
100000007618425100,3,False,1,0,39348.0,0.0,1,0,0.0,False,0,7,0,0.0,0.0,0.0004659017954226318,0,0,,,1,2026-07-08,2026-07-08,39348.0,0.4973411187126133,24010.295873394873,9.487093763471796e-05,,peripheral,0.8,"Признаков роли нет: вход 39 348 KZT от 1, выход 0 KZT к 0; передано 0%.",0.2842,peripheral,16
100000007333038100,3,False,1,2,17500.0,34994.0,1,2,1.9996571428571428,False,0,1,0,1.5851748110966993e-06,0.0,4.1121872014305334e-07,0,0,0.0,,1,2026-07-25,2026-07-25,52494.0,0.9128732533190332,16824.0622334923,0.00019269961954700675,,peripheral,0.8,"Признаков роли нет: вход 17 500 KZT от 1, выход 34 994 KZT к 2; передано 200% (возможны поступления вне выборки).",0.2835,peripheral,12
100000002589019100,1,False,1,0,34710.0,0.0,1,0,0.0,False,1,1,0,0.0,0.0,1.0100033243240566e-05,0,0,,,1,2026-07-11,2026-07-11,34710.0,1.0,34710.0,0.00013714825767527524,,peripheral,0.8,"Признаков роли нет: вход 34 710 KZT от 1, выход 0 KZT к 0; передано 0%.",0.2834,peripheral,10
100000001831496100,3,False,1,1,25000.0,373000.0,1,1,14.92,False,0,7,0,1.8493706129461493e-06,5.268453548231194e-05,2.4413789354590045e-05,0,0,0.0,18.0,1,2026-07-02,2026-07-02,398000.0,0.08962681696565522,2953.793639669211,0.00014376502443304355,,peripheral,0.8,"Признаков роли нет: вход 25 000 KZT от 1, выход 373 000 KZT к 1; передано 1492% (возможны поступления вне выборки).",0.2833,peripheral,11
100000004502048100,4,False,1,0,13888.0,0.0,1,0,0.0,True,0,7,0,0.0,0.0,1.23619985386e-313,0,0,,,1,2026-07-06,2026-07-06,13888.0,1.0,13888.0,5.48751081127693e-05,0.2729025795684045,truncated,1.0,"Граница обхода, глубина 4: исходящие не выгружены. Получил 13 888 KZT от 1; P(переводит дальше)=27%.",0.283,peripheral,17
100000001557930100,2,False,1,0,34610.0,0.0,1,0,0.0,False,0,1,0,0.0,0.0,2.8721411760945644e-05,0,0,,,1,2026-07-30,2026-07-30,34610.0,1.0,34610.0,0.00013675313160879503,,peripheral,0.8,"Признаков роли нет: вход 34 610 KZT от 1, выход 0 KZT к 0; передано 0%.",0.283,peripheral,4
100000004278574100,3,False,1,1,25000.0,12500.0,1,1,0.5,False,0,7,0,1.922024458454748e-05,0.0,0.0029401739563140994,0,0,0.0,11.0,1,2026-07-03,2026-07-03,37500.0,0.5403576910379955,15479.451632570515,8.7852024467557e-05,,peripheral,0.8,"Признаков роли нет: вход 25 000 KZT от 1, выход 12 500 KZT к 1; передано 50%.",0.2829,peripheral,8
100000005413948100,2,False,2,1,28215.0,5000.0,2,1,0.177210703526493,False,0,9,0,2.1796153652579615e-05,0.0,2.3136018867193716e-06,1,0,0.0,10.0,1,2026-07-12,2026-07-23,33215.0,0.3098049109156544,9326.944822445535,4.297378999097423e-05,,peripheral,0.8,"Признаков роли нет: вход 28 215 KZT от 2, выход 5 000 KZT к 1; передано 18%.",0.2826,peripheral,5
100000005237935150,2,False,1,0,34508.0,0.0,1,0,0.0,False,0,1,0,0.0,0.0,4.0882452251176484e-08,0,0,,,1,2026-07-20,2026-07-20,34508.0,1.0,34508.0,0.00013635010302098525,,peripheral,0.8,"Признаков роли нет: вход 34 508 KZT от 1, выход 0 KZT к 0; передано 0%.",0.282,peripheral,12
100000003044518100,1,False,1,0,34423.0,0.0,1,0,0.0,False,1,1,0,0.0,0.0,4.341414826156218e-06,0,0,,,1,2026-07-20,2026-07-20,34423.0,1.0,34423.0,0.00013601424586447708,,peripheral,0.8,"Признаков роли нет: вход 34 423 KZT от 1, выход 0 KZT к 0; передано 0%.",0.2815,peripheral,4
100000001954534100,3,False,1,1,13000.0,40000.0,1,1,3.076923076923077,False,0,7,0,1.9616538287321655e-05,0.0,8.275375621087716e-05,0,0,0.0,21.0,1,2026-07-04,2026-07-04,53000.0,0.46801779746294286,7705.427568392618,0.00010441656539817766,,peripheral,0.8,"Признаков роли нет: вход 13 000 KZT от 1, выход 40 000 KZT к 1; передано 308% (возможны поступления вне выборки).",0.2807,peripheral,1
100000001641789100,1,False,1,0,17826.0,0.0,1,0,0.0,False,1,11,0,0.0,0.0,4.075748795924464e-07,0,0,,,1,2026-07-13,2026-07-13,17826.0,1.0,17826.0,7.043517261075933e-05,,peripheral,0.8,"Признаков роли нет: вход 17 826 KZT от 1, выход 0 KZT к 0; передано 0%.",0.2804,peripheral,4
100000004741837100,1,False,1,0,25596.0,0.0,1,0,0.0,False,1,7,0,0.0,0.0,0.0002952416008836587,0,0,,,1,2026-07-09,2026-07-09,25596.0,1.0,25596.0,0.00010113646797627038,,peripheral,0.8,"Признаков роли нет: вход 25 596 KZT от 1, выход 0 KZT к 0; передано 0%.",0.2802,peripheral,7
100000002369454100,4,False,1,0,25000.0,0.0,1,0,0.0,True,0,7,0,0.0,0.0,0.0,0,0,,,1,2026-07-17,2026-07-17,25000.0,0.39278655103571053,11050.273892627025,4.3662512567162674e-05,0.29846227222808613,truncated,1.0,"Граница обхода, глубина 4: исходящие не выгружены. Получил 25 000 KZT от 1; P(переводит дальше)=30%.",0.2799,peripheral,6
100000001598625100,4,False,1,0,25000.0,0.0,1,0,0.0,True,0,7,0,0.0,0.0,0.0,0,0,,,1,2026-07-08,2026-07-08,25000.0,0.39278655103571053,11050.273892627025,4.3662512567162674e-05,0.2798714595916698,truncated,1.0,"Граница обхода, глубина 4: исходящие не выгружены. Получил 25 000 KZT от 1; P(переводит дальше)=28%.",0.2799,peripheral,6
100000008672603100,2,False,1,0,21200.0,0.0,1,0,0.0,False,0,8,0,0.0,0.0,2.8321519604650354e-232,0,0,,,1,2026-07-03,2026-07-03,21200.0,0.8986314514440021,19565.821908885842,7.730966248300399e-05,,peripheral,0.8,"Признаков роли нет: вход 21 200 KZT от 1, выход 0 KZT к 0; передано 0%.",0.2796,peripheral,3
100000002810870100,1,False,1,0,33677.0,0.0,1,0,0.0,False,1,1,0,0.0,0.0,5.95500058530398e-11,0,1,,,1,2026-07-02,2026-07-02,33677.0,1.0,33677.0,0.00013306660540853482,,peripheral,0.8,"Признаков роли нет: вход 33 677 KZT от 1, выход 0 KZT к 0; передано 0%.",0.2779,peripheral,2
100000003899325100,3,False,1,0,50120.0,0.0,1,0,0.0,False,0,7,0,0.0,0.0,0.0001302803722324665,0,0,,,1,2026-07-10,2026-07-10,50120.0,0.3464293742198648,20778.617010617105,8.210173206305993e-05,,peripheral,0.8,"Признаков роли нет: вход 50 120 KZT от 1, выход 0 KZT к 0; передано 0%.",0.2778,peripheral,6
100000001845505100,4,False,1,0,20000.0,0.0,1,0,0.0,True,0,7,0,0.0,0.0,0.0,0,0,,,1,2026-07-26,2026-07-26,20000.0,0.538938310978762,11463.410305260362,4.529492222366537e-05,0.3165312215546757,truncated,1.0,"Граница обхода, глубина 4: исходящие не выгружены. Получил 20 000 KZT от 1; P(переводит дальше)=32%.",0.2774,peripheral,6
100000008470470100,1,False,1,0,33547.0,0.0,1,0,0.0,False,1,1,0,0.0,0.0,5.95500058530398e-11,0,1,,,1,2026-07-16,2026-07-16,33547.0,1.0,33547.0,0.00013255294152211057,,peripheral,0.8,"Признаков роли нет: вход 33 547 KZT от 1, выход 0 KZT к 0; передано 0%.",0.2774,peripheral,2
100000003484058100,3,False,1,1,110000.0,6000.0,1,1,0.05454545454545454,False,0,7,0,1.922024458454748e-05,0.0,2.4413789354590045e-05,0,0,0.0,13.0,1,2026-07-06,2026-07-06,116000.0,0.08962681696565522,12996.69201454453,5.347815142788543e-05,,peripheral,0.8,"Признаков роли нет: вход 110 000 KZT от 1, выход 6 000 KZT к 1; передано 5%.",0.2772,peripheral,14
100000001286703100,4,False,1,0,20500.0,0.0,1,0,0.0,True,0,7,0,0.0,0.0,3.8798761239758137e-256,0,0,,,1,2026-07-21,2026-07-21,20500.0,0.5119191887828877,11077.332666278908,4.376942883518937e-05,0.30589105333686584,truncated,1.0,"Граница обхода, глубина 4: исходящие не выгружены. Получил 20 500 KZT от 1; P(переводит дальше)=31%.",0.2764,peripheral,37
100000008633099100,3,False,1,1,19468.0,13500.0,1,1,0.6934456544072324,False,0,7,0,1.922024458454748e-05,0.0,0.00010831189501834011,0,0,0.0,8.0,1,2026-07-06,2026-07-06,32968.0,0.6306110844025657,13946.639309221338,8.874487573861719e-05,,peripheral,0.8,"Признаков роли нет: вход 19 468 KZT от 1, выход 13 500 KZT к 1; передано 69%.",0.2759,peripheral,4
100000008655035100,2,False,1,0,30000.0,0.0,1,0,0.0,False,0,2,0,0.0,0.0,0.0,0,0,,,1,2026-07-05,2026-07-05,30000.0,1.0,30000.0,0.0001185378199440581,,peripheral,0.8,"Признаков роли нет: вход 30 000 KZT от 1, выход 0 KZT к 0; передано 0%.",0.2756,peripheral,4
100000008502995100,3,False,1,0,25000.0,0.0,2,0,0.0,False,0,7,0,0.0,0.0,1.748302015801486e-05,0,0,,,1,2026-07-05,2026-07-12,25000.0,0.9793733779360526,24748.9575952939,9.778958264111559e-05,,peripheral,0.8,"Признаков роли нет: вход 25 000 KZT от 1, выход 0 KZT к 0; передано 0%.",0.2756,peripheral,1
100000004908173100,4,False,1,0,21000.0,0.0,1,0,0.0,True,0,8,0,0.0,0.0,1.23619985386e-313,0,0,,,1,2026-07-19,2026-07-19,21000.0,0.28167320317195926,7205.285067378583,2.8469959465421292e-05,0.30176658431283226,truncated,1.0,"Граница обхода, глубина 4: исходящие не выгружены. Получил 21 000 KZT от 1; P(переводит дальше)=30%.",0.2749,peripheral,5
100000000470237100,4,False,1,0,32500.0,0.0,1,0,0.0,True,0,7,0,0.0,0.0,2.4980708508529283e-257,0,0,,,1,2026-07-30,2026-07-30,32500.0,0.29541440164868343,9669.667742263762,3.8207377791665866e-05,0.3279712512823321,truncated,1.0,"Граница обхода, глубина 4: исходящие не выгружены. Получил 32 500 KZT от 1; P(переводит дальше)=33%.",0.2747,peripheral,27
100000003582677100,3,False,2,4,29756.989999999998,56000.0,2,5,1.881910771217116,False,0,7,1,0.00017888146244571468,0.001262543891739402,0.002247227388097127,0,0,0.0,10.0,1,2026-07-02,2026-07-19,85756.98999999999,0.44775085841522966,16382.869364068625,-0.0023183396361418163,,peripheral,0.8,"Признаков роли нет: вход 29 757 KZT от 2, выход 56 000 KZT к 4; передано 188% (возможны поступления вне выборки).",0.274,peripheral,3
100000006888238100,2,False,1,1,18000.0,30000.0,1,1,1.6666666666666667,False,0,1,0,3.962937027741748e-07,0.0,0.0,0,10,0.0,,1,2026-07-08,2026-07-08,48000.0,1.0,18000.0,0.00018966051191049297,,peripheral,0.8,"Признаков роли нет: вход 18 000 KZT от 1, выход 30 000 KZT к 1; передано 167% (возможны поступления вне выборки).",0.2739,peripheral,57
100000000611474100,3,False,1,0,32000.0,0.0,1,0,0.0,False,0,7,0,0.0,0.0,0.0,0,0,,,1,2026-07-26,2026-07-26,32000.0,0.5890630076301173,22576.064845853107,8.920391699134669e-05,,peripheral,0.8,"Признаков роли нет: вход 32 000 KZT от 1, выход 0 KZT к 0; передано 0%.",0.2736,peripheral,21
100000008474308100,2,False,1,1,14000.0,10000.0,2,1,0.7142857142857143,False,0,7,0,0.0,0.0009231328216341983,4.475634261752007e-06,1,0,0.0,,1,2026-07-16,2026-07-18,24000.0,0.9929413179556414,13901.17845137898,-0.00019666712394673794,,transit,0.614,"Признаки транзита: получил 14 000 KZT, передано 71%. 0% ушло в течение 2 дней после поступления.",0.2734,transit,10
100000002258492100,4,False,1,0,9000.0,0.0,1,0,0.0,True,0,8,0,0.0,0.0,0.0,0,0,,,1,2026-07-07,2026-07-07,9000.0,0.9982526763819128,8984.274087437216,3.549920880345771e-05,0.2727386010830056,truncated,1.0,"Граница обхода, глубина 4: исходящие не выгружены. Получил 9 000 KZT от 1; P(переводит дальше)=27%.",0.2733,peripheral,18
100000000673915100,4,False,1,0,20200.0,0.0,1,0,0.0,True,0,7,0,0.0,0.0,2.3749511394193016e-243,0,0,,,1,2026-07-14,2026-07-14,20200.0,0.5119191887828877,10915.22535896751,4.3128900608319154e-05,0.29108222484909346,truncated,1.0,"Граница обхода, глубина 4: исходящие не выгружены. Получил 20 200 KZT от 1; P(переводит дальше)=29%.",0.2732,peripheral,34
100000002646887100,3,False,1,0,24354.0,0.0,1,0,0.0,False,0,7,0,0.0,0.0,4.867829327536486e-08,0,0,,,1,2026-07-09,2026-07-09,24354.0,0.9753224389956981,24179.026096505422,9.55376347284101e-05,,peripheral,0.8,"Признаков роли нет: вход 24 354 KZT от 1, выход 0 KZT к 0; передано 0%.",0.2731,peripheral,5
100000004441291100,2,False,1,0,20000.0,0.0,1,0,0.0,False,0,10,0,0.0,0.0,0.0,0,0,,,1,2026-07-03,2026-07-03,20000.0,0.8225801918125386,16679.442897936253,6.590482663346265e-05,,peripheral,0.8,"Признаков роли нет: вход 20 000 KZT от 1, выход 0 KZT к 0; передано 0%.",0.273,peripheral,3
100000002613929100,3,False,1,0,28560.0,0.0,1,0,0.0,False,0,8,0,0.0,0.0,0.0,0,0,,,1,2026-07-23,2026-07-23,28560.0,0.5796348946124554,17380.3192596459,6.86741718323291e-05,,peripheral,0.8,"Признаков роли нет: вход 28 560 KZT от 1, выход 0 KZT к 0; передано 0%.",0.2728,peripheral,4
100000008575624100,0,True,0,3,0.0,89500.0,0,5,,False,0,0,0,0.0,2.4504290923355864e-283,0.0,0,6,0.0,,0,,,89500.0,1.0,0.0,0.0015074437276458982,,peripheral,0.8,"Признаков роли нет: вход 0 KZT от 0, выход 89 500 KZT к 3; передано н/д.",0.2726,peripheral,47
100000008696919100,1,False,1,0,31945.0,0.0,1,0,0.0,False,1,1,0,0.0,0.0,5.95500058530398e-11,0,1,,,1,2026-07-10,2026-07-10,31945.0,1.0,31945.0,0.00012622302193709788,,peripheral,0.8,"Признаков роли нет: вход 31 945 KZT от 1, выход 0 KZT к 0; передано 0%.",0.272,peripheral,2
100000003122817100,3,False,1,0,444680.0,0.0,1,0,0.0,False,0,7,0,0.0,0.0,2.8321519604650354e-232,0,0,,,1,2026-07-16,2026-07-16,444680.0,0.007983762130823174,5716.922373903986,2.2589050499681134e-05,,terminal,0.674,Признаки оседания: получил 444 680 KZT от 1 плательщиков; исходящих ≥5 000 KZT в наблюдаемой выборке 0.,0.2718,terminal,25
100000006679055100,2,False,1,0,25000.0,0.0,1,0,0.0,False,0,9,0,0.0,0.0,0.0001427672909306537,0,0,,,1,2026-07-15,2026-07-15,25000.0,0.5957146489028127,16538.200135631836,6.534673966249123e-05,,peripheral,0.8,"Признаков роли нет: вход 25 000 KZT от 1, выход 0 KZT к 0; передано 0%.",0.2715,peripheral,3
100000002158488100,1,False,1,0,31723.0,0.0,1,0,0.0,False,1,1,0,0.0,0.0,5.95500058530398e-11,0,1,,,1,2026-07-23,2026-07-23,31723.0,1.0,31723.0,0.00012534584206951184,,peripheral,0.8,"Признаков роли нет: вход 31 723 KZT от 1, выход 0 KZT к 0; передано 0%.",0.2712,peripheral,2
100000004070530100,4,False,1,0,20000.0,0.0,1,0,0.0,True,0,7,0,0.0,0.0,3.8798761239758137e-256,0,0,,,1,2026-07-22,2026-07-22,20000.0,0.5119191887828877,10807.15382075991,4.270188179040568e-05,0.3078974934501282,truncated,1.0,"Граница обхода, глубина 4: исходящие не выгружены. Получил 20 000 KZT от 1; P(переводит дальше)=31%.",0.271,peripheral,37
100000007953156100,2,False,1,1,18000.0,10000.0,1,1,0.5555555555555556,False,0,8,0,1.981468513870874e-05,0.0,9.023756758629543e-290,0,0,0.0,11.0,1,2026-07-14,2026-07-14,28000.0,0.4751136860413071,8681.68062695324,5.307656335526539e-05,,peripheral,0.8,"Признаков роли нет: вход 18 000 KZT от 1, выход 10 000 KZT к 1; передано 56%.",0.2706,peripheral,14
100000003900547100,1,False,1,0,23700.0,0.0,1,0,0.0,False,1,7,0,0.0,0.0,0.0002952416008836587,0,0,,,1,2026-07-16,2026-07-16,23700.0,1.0,23700.0,9.36448777558059e-05,,peripheral,0.8,"Признаков роли нет: вход 23 700 KZT от 1, выход 0 KZT к 0; передано 0%.",0.2705,peripheral,7
100000005619339100,2,False,1,1,5000.0,5442.6,1,1,1.0885200000000002,False,0,7,0,0.0,2.3144558707067345e-06,2.052262239097963e-07,0,0,0.0,,1,2026-07-30,2026-07-30,10442.6,1.0,5000.0,4.1261434618237155e-05,,transit,0.673,"Признаки транзита: получил 5 000 KZT, передано 109%. 0% ушло в течение 2 дней после поступления.",0.2704,transit,7
100000003001661100,3,False,1,5,110000.0,439500.0,1,8,3.9954545454545456,False,0,7,0,8.322167758257671e-05,1.6305487648622814e-09,2.91876993847384e-271,1,0,0.0,8.5,1,2026-07-02,2026-07-02,549500.0,0.05872641123280794,8695.962299796074,-2.048249595771117e-06,,peripheral,0.8,"Признаков роли нет: вход 110 000 KZT от 1, выход 439 500 KZT к 5; передано 400% (возможны поступления вне выборки).",0.2702,peripheral,27
100000001262647100,2,False,1,0,23650.0,0.0,1,0,0.0,False,0,7,0,0.0,0.0,9.023756758629543e-290,0,0,,,1,2026-07-30,2026-07-30,23650.0,0.9928190861405171,23625.788215364937,9.335164765032862e-05,,peripheral,0.8,"Признаков роли нет: вход 23 650 KZT от 1, выход 0 KZT к 0; передано 0%.",0.2694,peripheral,15
100000004488265100,3,False,1,0,38740.0,0.0,1,0,0.0,False,0,7,0,0.0,0.0,0.0016044117305492448,0,0,,,1,2026-07-18,2026-07-18,38740.0,0.44201095570508103,20514.610142542002,8.10585721100395e-05,,peripheral,0.8,"Признаков роли нет: вход 38 740 KZT от 1, выход 0 KZT к 0; передано 0%.",0.2693,peripheral,6
100000004770073100,3,False,1,1,5462.4,5466.97,1,1,1.0008366285881665,False,0,7,0,1.922024458454748e-05,0.0,0.0006428156575478821,0,0,1.0,0.0,1,2026-07-02,2026-07-02,10929.369999999999,0.4630846680164925,3313.9322687457397,2.309749825727024e-05,,transit,1.0,"Признаки транзита: получил 5 462 KZT, передано 100%. 100% ушло в течение 2 дней после поступления.",0.2692,transit,1
100000004959752100,3,False,1,0,22200.0,0.0,1,0,0.0,False,0,11,0,0.0,0.0,0.0,0,0,,,1,2026-07-31,2026-07-31,22200.0,0.6651024718526067,15476.037751624248,6.114985921494635e-05,,peripheral,0.8,"Признаков роли нет: вход 22 200 KZT от 1, выход 0 KZT к 0; передано 0%.",0.269,peripheral,3
100000000981693100,4,False,1,0,16500.0,0.0,1,0,0.0,True,0,7,0,0.0,0.0,0.0,0,0,,,1,2026-07-25,2026-07-25,16500.0,0.6424778096295601,10988.060091329562,4.341668962129965e-05,0.31332170037283685,truncated,1.0,"Граница обхода, глубина 4: исходящие не выгружены. Получил 16 500 KZT от 1; P(переводит дальше)=31%.",0.2689,peripheral,1
100000005782886100,4,False,1,0,14000.0,0.0,1,0,0.0,True,0,9,0,0.0,0.0,9.023756758629543e-290,0,0,,,1,2026-07-23,2026-07-23,14000.0,0.4662888157176648,6972.724703906748,2.755105284904428e-05,0.30813350313932447,truncated,1.0,"Граница обхода, глубина 4: исходящие не выгружены. Получил 14 000 KZT от 1; P(переводит дальше)=31%.",0.2687,peripheral,5
100000008779584100,1,False,1,0,31400.0,0.0,1,0,0.0,False,1,1,0,0.0,0.0,5.95500058530398e-11,0,1,,,1,2026-07-30,2026-07-30,31400.0,1.0,31400.0,0.00012406958487478083,,peripheral,0.8,"Признаков роли нет: вход 31 400 KZT от 1, выход 0 KZT к 0; передано 0%.",0.2682,peripheral,2
100000000190228100,2,False,1,1,5000.0,28560.0,1,1,5.712,False,0,8,0,2.159800680119253e-05,0.0,0.0,0,0,0.0,,1,2026-07-30,2026-07-30,33560.0,0.6085545959259769,3195.484645311531,8.130036461630947e-05,,peripheral,0.8,"Признаков роли нет: вход 5 000 KZT от 1, выход 28 560 KZT к 1; передано 571% (возможны поступления вне выборки).",0.2681,peripheral,4
100000001785161100,3,False,2,0,30000.0,0.0,2,0,0.0,False,0,7,0,0.0,0.0,4.536876004081133e-05,0,0,,,1,2026-07-10,2026-07-31,30000.0,0.30512334923424145,11548.694663009144,4.563190295167328e-05,,terminal,0.632,Признаки оседания: получил 30 000 KZT от 2 плательщиков; исходящих ≥5 000 KZT в наблюдаемой выборке 0.,0.268,terminal,29
100000004697956100,3,False,1,1,10000.0,10000.0,1,1,1.0,False,0,1,0,0.0,1.2421621001173871e-05,1.23619985386e-313,1,0,0.0,3.0,1,2026-07-07,2026-07-07,20000.0,0.8052336389375987,8871.022551625161,4.846310501508023e-05,,transit,0.7,"Признаки транзита: получил 10 000 KZT, передано 100%. 0% ушло в течение 2 дней после поступления.",0.268,transit,4
100000005362848100,3,False,1,0,29000.0,0.0,1,0,0.0,False,0,7,0,0.0,0.0,6.407022137400362e-07,0,0,,,1,2026-07-03,2026-07-03,29000.0,0.7340348423324576,21681.568662272024,8.566952940649225e-05,,peripheral,0.8,"Признаков роли нет: вход 29 000 KZT от 1, выход 0 KZT к 0; передано 0%.",0.2678,peripheral,9
100000008736173100,1,False,1,0,31060.0,0.0,1,0,0.0,False,1,1,0,0.0,0.0,5.95500058530398e-11,0,1,,,1,2026-07-20,2026-07-20,31060.0,1.0,31060.0,0.00012272615624874816,,peripheral,0.8,"Признаков роли нет: вход 31 060 KZT от 1, выход 0 KZT к 0; передано 0%.",0.267,peripheral,2
100000007653094100,4,False,1,0,16000.0,0.0,1,0,0.0,True,0,7,0,0.0,0.0,0.0,0,0,,,1,2026-07-07,2026-07-07,16000.0,0.6684331754893464,10911.386668207097,4.3113732940523715e-05,0.2756099287625452,truncated,1.0,"Граница обхода, глубина 4: исходящие не выгружены. Получил 16 000 KZT от 1; P(переводит дальше)=28%.",0.2669,peripheral,13
100000005233755100,3,False,1,1,25000.0,5000.0,1,1,0.2,False,0,7,0,1.922024458454748e-05,0.0,0.0004659017954226318,0,0,1.0,0.0,1,2026-07-08,2026-07-08,30000.0,0.4973411187126132,15255.092935724098,7.010247065165254e-05,,peripheral,0.8,"Признаков роли нет: вход 25 000 KZT от 1, выход 5 000 KZT к 1; передано 20%.",0.2663,peripheral,16
100000005495211100,4,False,1,0,14500.0,0.0,1,0,0.0,True,0,7,0,0.0,0.0,0.0,0,0,,,1,2026-07-05,2026-07-05,14500.0,0.7465035198821421,11011.934403992058,4.351102325384801e-05,0.2711262084894657,truncated,1.0,"Граница обхода, глубина 4: исходящие не выгружены. Получил 14 500 KZT от 1; P(переводит дальше)=27%.",0.2659,peripheral,1
100000003010908100,4,False,1,0,17000.0,0.0,1,0,0.0,True,0,7,0,0.0,0.0,2.167803345925361e-06,0,0,,,1,2026-07-17,2026-07-17,17000.0,0.5836472101881229,10499.777029341289,4.148735596520429e-05,0.29644112378319554,truncated,1.0,"Граница обхода, глубина 4: исходящие не выгружены. Получил 17 000 KZT от 1; P(переводит дальше)=30%.",0.2657,peripheral,9
100000004099450100,3,False,1,0,31000.0,0.0,1,0,0.0,False,0,7,0,0.0,0.0,0.00016105425266535616,0,0,,,1,2026-07-25,2026-07-25,31000.0,0.6066263124577993,20643.58855192538,8.156819942563031e-05,,peripheral,0.8,"Признаков роли нет: вход 31 000 KZT от 1, выход 0 KZT к 0; передано 0%.",0.2655,peripheral,1
100000001232297100,2,False,1,2,5000.0,45000.0,1,2,9.0,False,0,10,0,0.0,0.0003141950273265303,4.876477610101951e-08,2,0,0.0,3.0,1,2026-07-19,2026-07-19,50000.0,0.7604369926548177,3852.9518533886335,0.00011751303246008541,,peripheral,0.8,"Признаков роли нет: вход 5 000 KZT от 1, выход 45 000 KZT к 2; передано 900% (возможны поступления вне выборки).",0.2652,peripheral,13
100000003039473100,2,False,1,0,23000.0,0.0,1,0,0.0,False,0,7,0,0.0,0.0,0.0,0,0,,,1,2026-07-19,2026-07-19,23000.0,0.9969534918301871,22957.30567554647,9.07102988855812e-05,,peripheral,0.8,"Признаков роли нет: вход 23 000 KZT от 1, выход 0 KZT к 0; передано 0%.",0.265,peripheral,7
100000001130553100,4,False,1,0,18000.0,0.0,2,0,0.0,True,0,7,0,0.0,0.0,1.23619985386e-313,0,0,,,1,2026-07-10,2026-07-10,18000.0,0.5302639840632501,10048.973052793659,3.9706111945064345e-05,0.28226914252318386,truncated,1.0,"Граница обхода, глубина 4: исходящие не выгружены. Получил 18 000 KZT от 1; P(переводит дальше)=28%.",0.2647,peripheral,8
100000003219438100,2,False,1,0,32000.0,0.0,1,0,0.0,False,0,7,0,0.0,0.0,3.6495900757598262e-09,0,0,,,1,2026-07-24,2026-07-24,32000.0,0.6236917926849361,20207.069344496824,7.984339825181143e-05,,peripheral,0.8,"Признаков роли нет: вход 32 000 KZT от 1, выход 0 KZT к 0; передано 0%.",0.2647,peripheral,32
100000004635886100,3,False,1,0,23000.0,0.0,1,0,0.0,False,0,7,0,0.0,0.0,5.2569834314297354e-05,0,0,,,1,2026-07-19,2026-07-19,23000.0,0.9961695382890274,22920.000482658954,9.056289634433086e-05,,peripheral,0.8,"Признаков роли нет: вход 23 000 KZT от 1, выход 0 KZT к 0; передано 0%.",0.2647,peripheral,7
100000002324543100,1,False,1,0,30202.0,0.0,1,0,0.0,False,1,1,0,0.0,0.0,2.274780450186003e-05,0,0,,,1,2026-07-19,2026-07-19,30202.0,1.0,30202.0,0.0001193359745983481,,peripheral,0.8,"Признаков роли нет: вход 30 202 KZT от 1, выход 0 KZT к 0; передано 0%.",0.2642,peripheral,4
100000004500781100,4,False,1,0,74000.0,0.0,5,0,0.0,True,0,7,0,0.0,0.0,0.0,0,0,,,1,2026-07-13,2026-07-23,74000.0,0.06930942359834541,6341.972828715114,2.505878777534836e-05,0.3171059900475583,truncated,1.0,"Граница обхода, глубина 4: исходящие не выгружены. Получил 74 000 KZT от 1; P(переводит дальше)=32%.",0.264,peripheral,14
100000002794197100,1,False,1,0,30100.0,0.0,1,0,0.0,False,1,1,0,0.0,0.0,4.341414826156218e-06,0,0,,,1,2026-07-18,2026-07-18,30100.0,1.0,30100.0,0.0001189329460105383,,peripheral,0.8,"Признаков роли нет: вход 30 100 KZT от 1, выход 0 KZT к 0; передано 0%.",0.2637,peripheral,4
100000008293431100,3,False,1,5,15000.0,297000.0,1,7,19.8,False,0,7,0,5.6870616875245766e-05,0.0003669221882755216,0.0011319383959652314,1,0,0.0,,1,2026-07-30,2026-07-30,312000.0,0.6690797475280011,11192.608748743203,-0.002579341047053808,,peripheral,0.8,"Признаков роли нет: вход 15 000 KZT от 1, выход 297 000 KZT к 5; передано 1980% (возможны поступления вне выборки).",0.2629,peripheral,1
100000007997939100,4,False,1,0,13000.0,0.0,1,0,0.0,True,0,9,0,0.0,0.0,9.023756758629543e-290,0,0,,,1,2026-07-16,2026-07-16,13000.0,0.4662888157176648,6474.67293934198,2.558312050263351e-05,0.2929535183514893,truncated,1.0,"Граница обхода, глубина 4: исходящие не выгружены. Получил 13 000 KZT от 1; P(переводит дальше)=29%.",0.2628,peripheral,5
100000002748040100,4,False,1,0,18000.0,0.0,1,0,0.0,True,0,7,0,0.0,0.0,2.758273854900145e-06,0,0,,,1,2026-07-14,2026-07-14,18000.0,0.5245132233584058,9935.55759728104,3.9257977917004726e-05,0.2904858532365142,truncated,1.0,"Граница обхода, глубина 4: исходящие не выгружены. Получил 18 000 KZT от 1; P(переводит дальше)=29%.",0.2618,peripheral,9
100000003157333100,2,False,1,0,30000.0,0.0,1,0,0.0,False,0,1,0,0.0,0.0,2.8721411760945644e-05,0,0,,,1,2026-07-27,2026-07-27,30000.0,1.0,30000.0,0.0001185378199440581,,peripheral,0.8,"Признаков роли нет: вход 30 000 KZT от 1, выход 0 KZT к 0; передано 0%.",0.2618,peripheral,4
100000002820010100,2,False,1,0,30000.0,0.0,1,0,0.0,False,0,1,0,0.0,0.0,2.8721411760945644e-05,0,0,,,1,2026-07-31,2026-07-31,30000.0,1.0,30000.0,0.0001185378199440581,,peripheral,0.8,"Признаков роли нет: вход 30 000 KZT от 1, выход 0 KZT к 0; передано 0%.",0.2618,peripheral,4
100000004058740100,1,False,1,0,30000.0,0.0,1,0,0.0,False,1,1,0,0.0,0.0,5.95500058530398e-11,0,1,,,1,2026-07-08,2026-07-08,30000.0,1.0,30000.0,0.0001185378199440581,,peripheral,0.8,"Признаков роли нет: вход 30 000 KZT от 1, выход 0 KZT к 0; передано 0%.",0.2618,peripheral,2
100000003980083100,1,False,1,0,30000.0,0.0,1,0,0.0,False,1,1,0,0.0,0.0,0.0,0,14,,,1,2026-07-21,2026-07-21,30000.0,1.0,30000.0,0.0001185378199440581,,peripheral,0.8,"Признаков роли нет: вход 30 000 KZT от 1, выход 0 KZT к 0; передано 0%.",0.2618,peripheral,67
100000001852140100,3,False,1,0,30000.0,0.0,1,0,0.0,False,0,1,0,0.0,0.0,0.0,0,10,,,1,2026-07-03,2026-07-03,30000.0,1.0,30000.0,0.0001185378199440581,,peripheral,0.8,"Признаков роли нет: вход 30 000 KZT от 1, выход 0 KZT к 0; передано 0%.",0.2618,peripheral,57
100000005939154100,2,False,1,0,22000.0,0.0,2,0,0.0,False,0,7,0,0.0,0.0,2.603644808281309e-06,0,0,,,1,2026-07-07,2026-07-20,22000.0,0.9965217601156067,21941.82847970086,8.669788378558035e-05,,peripheral,0.8,"Признаков роли нет: вход 22 000 KZT от 1, выход 0 KZT к 0; передано 0%.",0.2613,peripheral,7
100000001114385100,2,False,1,0,29500.0,0.0,1,0,0.0,False,0,7,0,0.0,0.0,0.0001421681899391104,0,0,,,1,2026-07-10,2026-07-10,29500.0,0.623412894157695,20115.023176457995,7.947969984873147e-05,,peripheral,0.8,"Признаков роли нет: вход 29 500 KZT от 1, выход 0 KZT к 0; передано 0%.",0.2613,peripheral,3
100000002481735100,2,False,1,0,22436.0,0.0,2,0,0.0,False,0,7,0,0.0,0.0,1.2596486780937674e-05,0,0,,,1,2026-07-07,2026-07-29,22436.0,0.9446053428260783,21540.277625902036,8.511125169208683e-05,,peripheral,0.8,"Признаков роли нет: вход 22 436 KZT от 1, выход 0 KZT к 0; передано 0%.",0.2605,peripheral,7
100000005082652100,3,False,1,0,30000.0,0.0,1,0,0.0,False,0,1,0,0.0,0.0,3.499089220843684e-08,0,0,,,1,2026-07-02,2026-07-02,30000.0,0.9629629629629629,29629.62962962963,0.00011707439006825352,,peripheral,0.8,"Признаков роли нет: вход 30 000 KZT от 1, выход 0 KZT к 0; передано 0%.",0.26,peripheral,4
100000004687099100,2,False,1,0,30000.0,0.0,1,0,0.0,False,0,1,0,0.0,0.0,2.141511818252024e-241,0,0,,,1,2026-07-18,2026-07-18,30000.0,0.9876543209876544,29629.62962962963,0.00011707439006825352,,peripheral,0.8,"Признаков роли нет: вход 30 000 KZT от 1, выход 0 KZT к 0; передано 0%.",0.26,peripheral,4
100000002613776100,2,False,1,0,30000.0,0.0,2,0,0.0,False,0,7,0,0.0,0.0,0.00015948067689100677,0,0,,,1,2026-07-10,2026-07-11,30000.0,0.635600226599388,19899.782554832895,7.862922804703165e-05,,peripheral,0.8,"Признаков роли нет: вход 30 000 KZT от 1, выход 0 KZT к 0; передано 0%.",0.2592,peripheral,3
100000006734554100,1,False,1,1,16500.0,25000.0,1,1,1.5151515151515151,False,1,1,0,5.944405541612623e-07,0.0,2.6231749817115585e-266,0,3,0.0,19.0,1,2026-07-03,2026-07-03,41500.0,1.0,16500.0,0.0001639773175892804,,peripheral,0.8,"Признаков роли нет: вход 16 500 KZT от 1, выход 25 000 KZT к 1; передано 152% (возможны поступления вне выборки).",0.259,peripheral,28
100000001249054100,4,False,1,0,17375.0,0.0,1,0,0.0,True,0,7,0,0.0,0.0,2.758273854900145e-06,0,0,,,1,2026-07-26,2026-07-26,17375.0,0.5245132233584058,9590.57295848656,3.7894853683713245e-05,0.31576836166159644,truncated,1.0,"Граница обхода, глубина 4: исходящие не выгружены. Получил 17 375 KZT от 1; P(переводит дальше)=32%.",0.2582,peripheral,9
100000008524903100,4,False,1,0,15000.0,0.0,1,0,0.0,True,0,7,0,0.0,0.0,0.0,0,0,,,1,2026-07-16,2026-07-16,15000.0,0.6424778096295601,9989.145537572329,3.9469717837523734e-05,0.29369739467205447,truncated,1.0,"Граница обхода, глубина 4: исходящие не выгружены. Получил 15 000 KZT от 1; P(переводит дальше)=29%.",0.2578,peripheral,1
100000001164648100,1,False,2,0,13660.0,0.0,2,0,0.0,False,1,7,0,0.0,0.0,0.00029892898267485393,0,0,,,1,2026-07-17,2026-07-31,13660.0,0.9536939838284173,13027.45981909618,5.1474889545530174e-05,,terminal,0.628,Признаки оседания: получил 13 660 KZT от 2 плательщиков; исходящих ≥5 000 KZT в наблюдаемой выборке 0.,0.2575,terminal,9
100000008782056100,1,False,1,0,29082.0,0.0,1,0,0.0,False,1,1,0,0.0,0.0,5.95500058530398e-11,0,1,,,1,2026-07-31,2026-07-31,29082.0,1.0,29082.0,0.00011491056265376993,,peripheral,0.8,"Признаков роли нет: вход 29 082 KZT от 1, выход 0 KZT к 0; передано 0%.",0.2575,peripheral,2
100000003072676100,3,False,1,0,31545.0,0.0,1,0,0.0,False,0,7,0,0.0,0.0,0.0004659017954226318,0,0,,,1,2026-07-08,2026-07-08,31545.0,0.4973411187126133,19248.87626629667,7.605732763267344e-05,,peripheral,0.8,"Признаков роли нет: вход 31 545 KZT от 1, выход 0 KZT к 0; передано 0%.",0.2574,peripheral,16
100000004674389100,4,False,1,0,15000.0,0.0,1,0,0.0,True,0,8,0,0.0,0.0,1.23619985386e-313,0,0,,,1,2026-07-17,2026-07-17,15000.0,0.3937170066183862,6369.805807002047,2.516876312760408e-05,0.2957868929194087,truncated,1.0,"Граница обхода, глубина 4: исходящие не выгружены. Получил 15 000 KZT от 1; P(переводит дальше)=30%.",0.2569,peripheral,11
100000002540033100,4,False,1,0,10000.0,0.0,1,0,0.0,True,0,9,0,0.0,0.0,0.0,0,0,,,1,2026-07-29,2026-07-29,10000.0,0.6156058146606508,6261.857523717879,2.474223132202755e-05,0.31930107309463474,truncated,1.0,"Граница обхода, глубина 4: исходящие не выгружены. Получил 10 000 KZT от 1; P(переводит дальше)=32%.",0.2568,peripheral,19
100000008759795100,4,False,1,0,17000.0,0.0,1,0,0.0,True,0,1,0,0.0,0.0,3.6873817911951947e-06,0,0,,,1,2026-07-26,2026-07-26,17000.0,0.9128732533190332,15518.845306423565,6.131900302242835e-05,0.3156501503236297,truncated,1.0,"Граница обхода, глубина 4: исходящие не выгружены. Получил 17 000 KZT от 1; P(переводит дальше)=32%.",0.2566,peripheral,9
100000005093521100,1,False,1,0,15200.0,0.0,1,0,0.0,False,1,10,0,0.0,0.0,0.0004611679456476809,0,0,,,1,2026-07-20,2026-07-20,15200.0,1.0,15200.0,6.005916210498944e-05,,peripheral,0.8,"Признаков роли нет: вход 15 200 KZT от 1, выход 0 KZT к 0; передано 0%.",0.2558,peripheral,3
100000004670388100,3,False,1,2,160354.0,720000.0,1,4,4.490065729573319,False,0,7,0,1.9616538287321655e-05,0.0,0.0,1,0,0.5277777777777778,2.5,1,2026-07-03,2026-07-03,880354.0,0.06058906092324414,12821.642640743914,-0.0009005741124377653,,peripheral,0.8,"Признаков роли нет: вход 160 354 KZT от 1, выход 720 000 KZT к 2; передано 449% (возможны поступления вне выборки).",0.2556,peripheral,49
100000008525136100,4,False,1,0,14100.0,0.0,1,0,0.0,True,0,7,0,0.0,0.0,9.170991232447734e-05,0,0,,,1,2026-07-10,2026-07-10,14100.0,0.6843667296501798,9881.903761611677,3.9045977626550544e-05,0.28103012188681337,truncated,1.0,"Граница обхода, глубина 4: исходящие не выгружены. Получил 14 100 KZT от 1; P(переводит дальше)=28%.",0.255,peripheral,1
100000003096787100,4,False,1,0,16400.0,0.0,1,0,0.0,True,0,7,0,0.0,0.0,2.758273854900145e-06,0,0,,,1,2026-07-12,2026-07-12,16400.0,0.5245132233584058,9052.39692196717,3.5768379879924555e-05,0.2858830104042364,truncated,1.0,"Граница обхода, глубина 4: исходящие не выгружены. Получил 16 400 KZT от 1; P(переводит дальше)=29%.",0.2538,peripheral,9
100000000850297100,2,False,1,1,17520.0,17520.0,1,1,1.0,False,0,1,0,0.0,9.759457708773996e-06,2.322813314613868e-05,1,0,1.0,0.0,1,2026-07-19,2026-07-19,35040.0,0.9613749847709885,16843.289733187718,-0.0019412479043569133,,transit,1.0,"Признаки транзита: получил 17 520 KZT, передано 100%. 100% ушло в течение 2 дней после поступления.",0.2531,transit,9
100000004049912100,4,False,1,0,10000.0,0.0,1,0,0.0,True,0,7,0,0.0,0.0,1.23619985386e-313,0,0,,,1,2026-07-06,2026-07-06,10000.0,1.0,10000.0,3.9512606648019366e-05,0.27127130912052166,truncated,1.0,"Граница обхода, глубина 4: исходящие не выгружены. Получил 10 000 KZT от 1; P(переводит дальше)=27%.",0.2529,peripheral,17
100000003470579100,4,False,1,0,357000.0,0.0,2,0,0.0,True,0,7,0,0.0,0.0,1.23619985386e-313,0,0,,,1,2026-07-14,2026-07-19,357000.0,0.007629862125019349,2850.203080703873,1.1261895319403779e-05,0.31694548295210884,truncated,1.0,"Граница обхода, глубина 4: исходящие не выгружены. Получил 357 000 KZT от 1; P(переводит дальше)=32%.",0.2527,peripheral,25
100000002938501100,1,False,1,1,8395.0,5000.0,1,1,0.5955926146515783,False,1,7,0,1.7943915472918004e-05,1.1976941847380582e-06,0.0002952416008836587,0,0,0.0,,1,2026-07-08,2026-07-08,13395.0,1.0,8395.0,0.00014148760089441673,,peripheral,0.8,"Признаков роли нет: вход 8 395 KZT от 1, выход 5 000 KZT к 1; передано 60%.",0.252,peripheral,7
100000003814002100,3,False,1,0,30000.0,0.0,1,0,0.0,False,0,7,0,0.0,0.0,0.0029401739563140994,0,0,,,1,2026-07-10,2026-07-10,30000.0,0.5403576910379955,18575.341959084617,7.339601801819348e-05,,peripheral,0.8,"Признаков роли нет: вход 30 000 KZT от 1, выход 0 KZT к 0; передано 0%.",0.2517,peripheral,8
100000004260869100,4,False,1,0,10000.0,0.0,1,0,0.0,True,0,7,0,0.0,0.0,0.0,0,0,,,1,2026-07-14,2026-07-14,10000.0,0.9729733455906622,9956.42363718041,3.9340425079699575e-05,0.2874572207978199,truncated,1.0,"Граница обхода, глубина 4: исходящие не выгружены. Получил 10 000 KZT от 1; P(переводит дальше)=29%.",0.2514,peripheral,7
100000008503177100,3,False,1,0,33951.0,0.0,1,0,0.0,False,0,7,0,0.0,0.0,0.0016044117305492448,0,0,,,1,2026-07-31,2026-07-31,33951.0,0.44201095570508103,17978.61458310386,7.103819260985666e-05,,peripheral,0.8,"Признаков роли нет: вход 33 951 KZT от 1, выход 0 KZT к 0; передано 0%.",0.2513,peripheral,6
100000004806903100,2,False,1,0,18000.0,0.0,1,0,0.0,False,0,10,0,0.0,0.0,0.0,0,0,,,1,2026-07-01,2026-07-01,18000.0,0.7559595943914438,13863.21921934196,5.477719278885288e-05,,peripheral,0.8,"Признаков роли нет: вход 18 000 KZT от 1, выход 0 KZT к 0; передано 0%.",0.2513,peripheral,3
100000002528978100,4,False,1,0,15900.0,0.0,1,0,0.0,True,0,7,0,0.0,0.0,2.758273854900145e-06,0,0,,,1,2026-07-26,2026-07-26,15900.0,0.5245132233584058,8776.409210931586,3.467788049331492e-05,0.3152878800527935,truncated,1.0,"Граница обхода, глубина 4: исходящие не выгружены. Получил 15 900 KZT от 1; P(переводит дальше)=32%.",0.2511,peripheral,9
100000002194329100,3,False,1,0,25170.0,0.0,1,0,0.0,False,0,7,0,0.0,0.0,0.0029057815328092595,0,0,,,1,2026-07-22,2026-07-22,25170.0,0.6659430358381553,19044.6867772659,7.525052173647634e-05,,peripheral,0.8,"Признаков роли нет: вход 25 170 KZT от 1, выход 0 KZT к 0; передано 0%.",0.2511,peripheral,1
100000008582730100,3,False,1,1,5000.0,5000.0,1,1,1.0,False,0,7,0,0.0,8.816478649686815e-05,0.0,1,0,1.0,0.0,1,2026-07-27,2026-07-27,10000.0,0.7671508504285657,4142.103435849744,2.999226778961738e-05,,transit,1.0,"Признаки транзита: получил 5 000 KZT, передано 100%. 100% ушло в течение 2 дней после поступления.",0.251,transit,17
100000001202787100,4,False,2,0,14850.0,0.0,2,0,0.0,True,0,7,0,0.0,0.0,1.2658184091880164e-05,0,0,,,1,2026-07-09,2026-07-17,14850.0,0.5858415712285548,9093.172902767463,3.592949640892985e-05,0.4591482608742903,truncated,1.0,"Граница обхода, глубина 4: исходящие не выгружены. Получил 14 850 KZT от 2; P(переводит дальше)=46%.",0.251,peripheral,1
100000003173783100,4,False,1,0,23500.0,0.0,2,0,0.0,True,0,7,0,0.0,0.0,4.5006020958930306e-05,0,0,,,1,2026-07-09,2026-07-14,23500.0,0.27903398155037606,7783.498847575511,3.075463283095034e-05,0.2918659183262875,truncated,1.0,"Граница обхода, глубина 4: исходящие не выгружены. Получил 23 500 KZT от 1; P(переводит дальше)=29%.",0.2508,peripheral,29
100000005105153100,2,False,1,0,30000.0,0.0,1,0,0.0,False,0,7,0,0.0,0.0,0.0,0,0,,,1,2026-07-02,2026-07-02,30000.0,0.5927251975686629,18290.27143199296,7.226963005774312e-05,,peripheral,0.8,"Признаков роли нет: вход 30 000 KZT от 1, выход 0 KZT к 0; передано 0%.",0.2508,peripheral,1
100000006866831100,4,False,1,0,16500.0,0.0,1,0,0.0,True,0,7,0,0.0,0.0,1.23619985386e-313,0,0,,,1,2026-07-23,2026-07-23,16500.0,0.48545785661686525,8651.257462343761,3.4183373312067715e-05,0.3090126101502023,truncated,1.0,"Граница обхода, глубина 4: исходящие не выгружены. Получил 16 500 KZT от 1; P(переводит дальше)=31%.",0.2507,peripheral,1
100000008229700100,1,False,1,1,23500.0,7200.0,1,1,0.30638297872340425,False,1,1,0,1.981468513870874e-07,0.0,1.0100033243240566e-05,0,0,0.0,11.0,1,2026-07-14,2026-07-14,30700.0,1.0,23500.0,0.00012130370240941946,,peripheral,0.8,"Признаков роли нет: вход 23 500 KZT от 1, выход 7 200 KZT к 1; передано 31%.",0.2505,peripheral,10
100000000425407100,2,False,1,0,20000.0,0.0,1,0,0.0,False,0,7,0,0.0,0.0,7.073756261125728e-05,0,0,,,1,2026-07-22,2026-07-22,20000.0,1.0,20000.0,7.902521329603873e-05,,peripheral,0.8,"Признаков роли нет: вход 20 000 KZT от 1, выход 0 KZT к 0; передано 0%.",0.2502,peripheral,3
100000001420847100,2,False,1,0,20000.0,0.0,2,0,0.0,False,0,7,0,0.0,0.0,9.023756758629543e-290,0,0,,,1,2026-07-06,2026-07-30,20000.0,1.0,20000.0,7.902521329603873e-05,,peripheral,0.8,"Признаков роли нет: вход 20 000 KZT от 1, выход 0 KZT к 0; передано 0%.",0.2502,peripheral,17
100000003148220100,1,False,1,2,5650.0,43400.0,1,4,7.68141592920354,False,1,1,1,3.962937027741748e-07,0.0,0.0,1,10,0.22119815668202766,2.0,1,2026-07-21,2026-07-21,49050.0,1.0,5650.0,0.0003123471555525931,,peripheral,0.8,"Признаков роли нет: вход 5 650 KZT от 1, выход 43 400 KZT к 2; передано 768% (возможны поступления вне выборки).",0.25,peripheral,57
100000008632060100,3,False,1,9,6000.0,339200.0,1,12,56.53333333333333,False,0,7,1,0.0005365436581217861,0.0030820773532511067,0.0006428156575478821,4,0,0.0,13.5,1,2026-07-06,2026-07-06,345200.0,0.46308466801649245,3640.0837749843363,-0.01569504369260086,,peripheral,0.8,"Признаков роли нет: вход 6 000 KZT от 1, выход 339 200 KZT к 9; передано 5653% (возможны поступления вне выборки).",0.2496,peripheral,1
100000002726055100,4,False,1,0,10000.0,0.0,1,0,0.0,True,0,7,0,0.0,0.0,5.122433452555066e-255,0,0,,,1,2026-07-31,2026-07-31,10000.0,0.9714212669487975,9804.778377953937,3.874123513189513e-05,0.32368642595614955,truncated,1.0,"Граница обхода, глубина 4: исходящие не выгружены. Получил 10 000 KZT от 1; P(переводит дальше)=32%.",0.2496,peripheral,20
100000002227960100,4,False,1,0,10000.0,0.0,1,0,0.0,True,0,7,0,0.0,0.0,2.3749511394193016e-243,0,0,,,1,2026-07-08,2026-07-08,10000.0,0.9714212669487975,9804.778377953937,3.874123513189513e-05,0.2752637629441042,truncated,1.0,"Граница обхода, глубина 4: исходящие не выгружены. Получил 10 000 KZT от 1; P(переводит дальше)=28%.",0.2496,peripheral,20
100000003105089100,4,False,1,0,10000.0,0.0,1,0,0.0,True,0,7,0,0.0,0.0,2.3749511394193016e-243,0,0,,,1,2026-07-26,2026-07-26,10000.0,0.9714212669487975,9804.778377953937,3.874123513189513e-05,0.31278273225436926,truncated,1.0,"Граница обхода, глубина 4: исходящие не выгружены. Получил 10 000 KZT от 1; P(переводит дальше)=31%.",0.2496,peripheral,20
100000006491963100,4,False,1,0,16000.0,0.0,3,0,0.0,True,0,1,0,0.0,0.0,3.6873817911951947e-06,0,0,,,1,2026-07-27,2026-07-30,16000.0,0.9128732533190332,14605.972053104531,5.7712002844534543e-05,0.32406625770615244,truncated,1.0,"Граница обхода, глубина 4: исходящие не выгружены. Получил 16 000 KZT от 1; P(переводит дальше)=32%.",0.2494,peripheral,9
100000003188607100,2,False,1,1,18000.0,5000.0,1,1,0.2777777777777778,False,0,1,0,5.944405541612623e-07,0.0,2.141511818252024e-241,0,0,0.0,,1,2026-07-26,2026-07-26,23000.0,0.9876543209876543,17777.777777777777,0.0001642940576416158,,peripheral,0.8,"Признаков роли нет: вход 18 000 KZT от 1, выход 5 000 KZT к 1; передано 28%.",0.2492,peripheral,4
100000004687282100,2,False,1,0,20000.0,0.0,1,0,0.0,False,0,7,0,0.0,0.0,7.33291794314557e-257,0,0,,,1,2026-07-07,2026-07-07,20000.0,0.9999356887064634,19998.96928876996,7.902114068728458e-05,,peripheral,0.8,"Признаков роли нет: вход 20 000 KZT от 1, выход 0 KZT к 0; передано 0%.",0.249,peripheral,7
100000005417257100,0,True,0,2,0.0,106000.0,0,2,,False,0,0,1,0.0,0.0,0.0,0,0,0.0,,0,,,106000.0,1.0,0.0,0.0006756655736811312,,peripheral,0.8,"Признаков роли нет: вход 0 KZT от 0, выход 106 000 KZT к 2; передано н/д.",0.249,peripheral,18
100000006919124100,3,False,1,0,25000.0,0.0,1,0,0.0,False,0,7,0,0.0,0.0,0.0029057815328092595,0,0,,,1,2026-07-25,2026-07-25,25000.0,0.6659430358381553,18916.05758568325,7.474227427145114e-05,,peripheral,0.8,"Признаков роли нет: вход 25 000 KZT от 1, выход 0 KZT к 0; передано 0%.",0.2487,peripheral,1
100000008691495100,1,False,1,0,27000.0,0.0,1,0,0.0,False,1,1,0,0.0,0.0,5.95500058530398e-11,0,1,,,1,2026-07-09,2026-07-09,27000.0,1.0,27000.0,0.0001066840379496523,,peripheral,0.8,"Признаков роли нет: вход 27 000 KZT от 1, выход 0 KZT к 0; передано 0%.",0.2482,peripheral,2
100000004292885100,3,False,1,0,112700.0,0.0,1,0,0.0,False,0,1,0,0.0,0.0,3.0588951023382876e-10,0,1,,,1,2026-07-01,2026-07-01,112700.0,0.06726664348977997,10188.421161437736,4.025710777164537e-05,,terminal,0.591,Признаки оседания: получил 112 700 KZT от 1 плательщиков; исходящих ≥5 000 KZT в наблюдаемой выборке 0.,0.2475,terminal,2
100000007267915100,3,False,2,1,21000.0,10000.0,3,1,0.47619047619047616,False,0,7,0,1.6729898929614312e-06,0.00012843542843703006,0.0008761602734965341,0,0,1.0,2.0,1,2026-07-01,2026-07-15,31000.0,0.5667739528366473,13645.185106470864,7.061445585304205e-05,,peripheral,0.8,"Признаков роли нет: вход 21 000 KZT от 2, выход 10 000 KZT к 1; передано 48%.",0.2473,peripheral,16
100000001130176100,3,False,1,0,25000.0,0.0,2,0,0.0,False,0,7,0,0.0,0.0,0.0,0,0,,,1,2026-07-22,2026-07-24,25000.0,0.7281273785953285,18538.22833759433,7.324937242541987e-05,,peripheral,0.8,"Признаков роли нет: вход 25 000 KZT от 1, выход 0 KZT к 0; передано 0%.",0.2466,peripheral,1
100000002832753100,4,False,1,0,12500.0,0.0,1,0,0.0,True,0,7,0,0.0,0.0,0.0,0,0,,,1,2026-07-08,2026-07-08,12500.0,0.6662245847696121,8726.685529300035,3.4481409265986285e-05,0.2763815020610713,truncated,1.0,"Граница обхода, глубина 4: исходящие не выгружены. Получил 12 500 KZT от 1; P(переводит дальше)=28%.",0.2464,peripheral,15
100000002733083100,4,False,1,0,15200.0,0.0,1,0,0.0,True,0,7,0,0.0,0.0,2.758273854900145e-06,0,0,,,1,2026-07-20,2026-07-20,15200.0,0.5245132233584058,8390.026415481767,3.315118135208499e-05,0.3021767857888502,truncated,1.0,"Граница обхода, глубина 4: исходящие не выгружены. Получил 15 200 KZT от 1; P(переводит дальше)=30%.",0.2459,peripheral,9
100000004167082100,4,False,1,0,13300.0,0.0,1,0,0.0,True,0,7,0,0.0,0.0,3.088206810369692e-298,0,0,,,1,2026-07-01,2026-07-01,13300.0,0.6315835235709054,8597.183247112862,3.396971199243624e-05,0.26283397695962735,truncated,1.0,"Граница обхода, глубина 4: исходящие не выгружены. Получил 13 300 KZT от 1; P(переводит дальше)=26%.",0.2459,peripheral,13
100000002696152100,3,False,1,2,21800.0,69000.0,3,8,3.165137614678899,False,0,8,0,2.139985994980544e-05,1.2640613114794705e-281,0.0,1,0,0.21739130434782608,13.5,1,2026-07-01,2026-07-15,90800.0,0.07666499791621202,2553.701912373673,3.0992055869719696e-05,,peripheral,0.8,"Признаков роли нет: вход 21 800 KZT от 1, выход 69 000 KZT к 2; передано 317% (возможны поступления вне выборки).",0.2457,peripheral,11
100000008677368100,4,False,1,0,13500.0,0.0,1,0,0.0,True,0,7,0,0.0,0.0,0.0,0,0,,,1,2026-07-14,2026-07-14,13500.0,0.5956976635627181,8513.249639434638,3.363806842988624e-05,0.2890011703860471,truncated,1.0,"Граница обхода, глубина 4: исходящие не выгружены. Получил 13 500 KZT от 1; P(переводит дальше)=29%.",0.2456,peripheral,4
100000002554175100,3,False,1,0,24621.0,0.0,1,0,0.0,False,0,7,0,0.0,0.0,6.407022137400362e-07,0,0,,,1,2026-07-05,2026-07-05,24621.0,0.7340348423324576,18407.651794268946,7.273343046612746e-05,,peripheral,0.8,"Признаков роли нет: вход 24 621 KZT от 1, выход 0 KZT к 0; передано 0%.",0.2454,peripheral,9
100000001275557100,4,False,1,0,20000.0,0.0,1,0,0.0,True,0,7,0,0.0,0.0,0.0,0,0,,,1,2026-07-07,2026-07-07,20000.0,0.3209595163722106,7574.23887870177,2.9927792147209606e-05,0.27672857444419513,truncated,1.0,"Граница обхода, глубина 4: исходящие не выгружены. Получил 20 000 KZT от 1; P(переводит дальше)=28%.",0.2451,peripheral,21
100000004655046100,4,False,1,0,24000.0,0.0,1,0,0.0,True,0,9,0,0.0,0.0,0.0,0,0,,,1,2026-07-29,2026-07-29,24000.0,0.15694395815079437,3860.267887624887,1.525292465995934e-05,0.32409174745207614,truncated,1.0,"Граница обхода, глубина 4: исходящие не выгружены. Получил 24 000 KZT от 1; P(переводит дальше)=32%.",0.2448,peripheral,9
100000005367445100,3,False,1,1,5000.0,5000.0,1,1,1.0,False,0,9,0,0.0,9.847280311876347e-07,0.0,1,0,1.0,1.0,1,2026-07-22,2026-07-22,10000.0,0.2427388273663806,1549.0245545782718,1.0916221693276016e-05,,transit,1.0,"Признаки транзита: получил 5 000 KZT, передано 100%. 100% ушло в течение 2 дней после поступления.",0.2444,transit,5
100000008066326100,1,False,1,0,19320.0,0.0,1,0,0.0,False,1,7,0,0.0,0.0,0.0021516815362503513,0,0,,,1,2026-07-03,2026-07-03,19320.0,1.0,19320.0,7.633835604397342e-05,,peripheral,0.8,"Признаков роли нет: вход 19 320 KZT от 1, выход 0 KZT к 0; передано 0%.",0.2442,peripheral,1
100000002214570100,1,False,1,0,26471.0,0.0,1,0,0.0,False,1,1,0,0.0,0.0,5.95500058530398e-11,0,1,,,1,2026-07-13,2026-07-13,26471.0,1.0,26471.0,0.00010459382105797208,,peripheral,0.8,"Признаков роли нет: вход 26 471 KZT от 1, выход 0 KZT к 0; передано 0%.",0.2442,peripheral,2
100000003083865100,4,False,1,0,15000.0,0.0,1,0,0.0,True,0,7,0,0.0,0.0,2.758273854900145e-06,0,0,,,1,2026-07-12,2026-07-12,15000.0,0.5245132233584058,8279.631331067534,3.271498159746469e-05,0.28542638628554573,truncated,1.0,"Граница обхода, глубина 4: исходящие не выгружены. Получил 15 000 KZT от 1; P(переводит дальше)=29%.",0.2437,peripheral,9
100000003166017100,4,False,1,0,15000.0,0.0,1,0,0.0,True,0,7,0,0.0,0.0,2.758273854900145e-06,0,0,,,1,2026-07-23,2026-07-23,15000.0,0.5245132233584058,8279.631331067534,3.271498159746469e-05,0.30850248090394766,truncated,1.0,"Граница обхода, глубина 4: исходящие не выгружены. Получил 15 000 KZT от 1; P(переводит дальше)=31%.",0.2437,peripheral,9
100000001089055100,4,False,1,0,13000.0,0.0,1,0,0.0,True,0,7,0,0.0,0.0,2.8374851247119553e-05,0,0,,,1,2026-07-10,2026-07-10,13000.0,0.6239484229363852,8435.819495543876,3.333212174805281e-05,0.2806187350621956,truncated,1.0,"Граница обхода, глубина 4: исходящие не выгружены. Получил 13 000 KZT от 1; P(переводит дальше)=28%.",0.2436,peripheral,16
100000005532138100,3,False,1,0,25046.0,0.0,1,0,0.0,False,0,7,0,0.0,0.0,0.00010831189501834011,0,0,,,1,2026-07-09,2026-07-09,25046.0,0.6306110844025657,17942.65092144841,7.08960908082528e-05,,peripheral,0.8,"Признаков роли нет: вход 25 046 KZT от 1, выход 0 KZT к 0; передано 0%.",0.2435,peripheral,4
100000000860514100,3,False,1,1,12000.0,50000.0,1,1,4.166666666666667,False,0,7,0,2.0012831990095827e-05,0.0,2.5006816366679155e-06,0,0,0.0,11.0,1,2026-07-19,2026-07-19,62000.0,0.2622063603196312,3999.9176895083087,6.760700130861154e-05,,peripheral,0.8,"Признаков роли нет: вход 12 000 KZT от 1, выход 50 000 KZT к 1; передано 417% (возможны поступления вне выборки).",0.2433,peripheral,24
100000008666075100,1,False,1,0,26217.0,0.0,1,0,0.0,False,1,1,0,0.0,0.0,5.95500058530398e-11,0,1,,,1,2026-07-02,2026-07-02,26217.0,1.0,26217.0,0.00010359020084911238,,peripheral,0.8,"Признаков роли нет: вход 26 217 KZT от 1, выход 0 KZT к 0; передано 0%.",0.2433,peripheral,2
100000004783447100,1,False,1,0,26200.0,0.0,1,0,0.0,False,1,1,0,0.0,0.0,5.95500058530398e-11,0,1,,,1,2026-07-14,2026-07-14,26200.0,1.0,26200.0,0.00010352302941781075,,peripheral,0.8,"Признаков роли нет: вход 26 200 KZT от 1, выход 0 KZT к 0; передано 0%.",0.2428,peripheral,2
100000006412162100,4,False,1,0,15000.0,0.0,2,0,0.0,True,0,1,0,0.0,0.0,3.6873817911951947e-06,0,0,,,1,2026-07-30,2026-07-30,15000.0,0.9128732533190332,13693.098799785499,5.410500266687625e-05,0.3237118315121713,truncated,1.0,"Граница обхода, глубина 4: исходящие не выгружены. Получил 15 000 KZT от 1; P(переводит дальше)=32%.",0.2427,peripheral,9
100000001954903100,2,False,1,0,27118.0,0.0,1,0,0.0,False,0,1,0,0.0,0.0,2.322813314613868e-05,0,0,,,1,2026-07-20,2026-07-20,27118.0,0.9613749847709885,26070.566837019665,0.0001030116052521784,,peripheral,0.8,"Признаков роли нет: вход 27 118 KZT от 1, выход 0 KZT к 0; передано 0%.",0.2425,peripheral,9
100000005268319100,3,False,1,5,19712.8,91000.0,2,10,4.6162899232985675,False,0,7,0,4.0473877157209365e-05,0.00029802329468359736,0.0006428156575478821,1,0,0.26373626373626374,4.5,1,2026-07-02,2026-07-04,110712.8,0.4630846680164924,11959.373906585204,-0.003306801141501687,,peripheral,0.8,"Признаков роли нет: вход 19 713 KZT от 1, выход 91 000 KZT к 5; передано 462% (возможны поступления вне выборки).",0.242,peripheral,1
100000005092518100,1,False,1,0,26144.0,0.0,1,0,0.0,False,1,1,0,0.0,0.0,5.95500058530398e-11,0,1,,,1,2026-07-07,2026-07-07,26144.0,1.0,26144.0,0.00010330175882058184,,peripheral,0.8,"Признаков роли нет: вход 26 144 KZT от 1, выход 0 KZT к 0; передано 0%.",0.2418,peripheral,2
100000004218576100,1,False,1,0,26144.0,0.0,1,0,0.0,False,1,1,0,0.0,0.0,5.95500058530398e-11,0,1,,,1,2026-07-13,2026-07-13,26144.0,1.0,26144.0,0.00010330175882058184,,peripheral,0.8,"Признаков роли нет: вход 26 144 KZT от 1, выход 0 KZT к 0; передано 0%.",0.2418,peripheral,2
100000005709551100,3,False,1,0,24560.0,0.0,1,0,0.0,False,0,7,0,0.0,0.0,0.00025946007686321234,0,0,,,1,2026-07-03,2026-07-03,24560.0,0.6464047554220197,17860.5799347029,7.057180694659497e-05,,peripheral,0.8,"Признаков роли нет: вход 24 560 KZT от 1, выход 0 KZT к 0; передано 0%.",0.2416,peripheral,13
100000008576528100,3,False,1,0,28000.0,0.0,1,0,0.0,False,0,7,0,0.0,0.0,0.0029401739563140994,0,0,,,1,2026-07-26,2026-07-26,28000.0,0.5403576910379955,17336.985828478977,6.850295015033747e-05,,peripheral,0.8,"Признаков роли нет: вход 28 000 KZT от 1, выход 0 KZT к 0; передано 0%.",0.2415,peripheral,8
100000003904497100,4,False,1,0,10000.0,0.0,1,0,0.0,True,0,9,0,0.0,0.0,9.023756758629543e-290,0,0,,,1,2026-07-02,2026-07-02,10000.0,0.4662888157176649,4980.5176456476765,1.9679323463518946e-05,0.2633963350896007,truncated,1.0,"Граница обхода, глубина 4: исходящие не выгружены. Получил 10 000 KZT от 1; P(переводит дальше)=26%.",0.2414,peripheral,5
100000008773876100,1,False,1,0,26120.0,0.0,1,0,0.0,False,1,1,0,0.0,0.0,5.95500058530398e-11,0,1,,,1,2026-07-29,2026-07-29,26120.0,1.0,26120.0,0.0001032069285646266,,peripheral,0.8,"Признаков роли нет: вход 26 120 KZT от 1, выход 0 KZT к 0; передано 0%.",0.2414,peripheral,2
100000005328215100,2,False,1,0,27000.0,0.0,1,0,0.0,False,0,1,0,0.0,0.0,2.322813314613868e-05,0,0,,,1,2026-07-20,2026-07-20,27000.0,0.9613749847709885,25957.12458881669,0.00010256336535915718,,peripheral,0.8,"Признаков роли нет: вход 27 000 KZT от 1, выход 0 KZT к 0; передано 0%.",0.2413,peripheral,9
100000001065481100,4,False,1,0,16000.0,0.0,2,0,0.0,True,0,7,0,0.0,0.0,4.153092959529905e-06,0,0,,,1,2026-07-16,2026-07-23,16000.0,0.3711571041630626,7620.442894039971,3.0110356255595765e-05,0.30884785950781096,truncated,1.0,"Граница обхода, глубина 4: исходящие не выгружены. Получил 16 000 KZT от 1; P(переводит дальше)=31%.",0.2409,peripheral,13
100000000404740100,4,False,1,0,25000.0,0.0,1,0,0.0,True,0,7,0,0.0,0.0,0.0,0,0,,,1,2026-07-21,2026-07-21,25000.0,0.2622063603196312,6555.159007990779,2.5901141939817947e-05,0.30694876637060486,truncated,1.0,"Граница обхода, глубина 4: исходящие не выгружены. Получил 25 000 KZT от 1; P(переводит дальше)=31%.",0.2407,peripheral,24
100000005849862100,4,False,1,0,13000.0,0.0,2,0,0.0,True,0,7,0,0.0,0.0,0.0,0,0,,,1,2026-07-05,2026-07-22,13000.0,0.5956976635627181,8197.944097233354,3.239221404359416e-05,0.3056001603781883,truncated,1.0,"Граница обхода, глубина 4: исходящие не выгружены. Получил 13 000 KZT от 1; P(переводит дальше)=31%.",0.2405,peripheral,4
100000001280798100,3,False,1,0,23785.0,0.0,1,0,0.0,False,0,7,0,0.0,0.0,6.407022137400362e-07,0,0,,,1,2026-07-06,2026-07-06,23785.0,0.7340348423324576,17782.624504556552,7.026378472183543e-05,,peripheral,0.8,"Признаков роли нет: вход 23 785 KZT от 1, выход 0 KZT к 0; передано 0%.",0.2404,peripheral,9
100000005228059100,1,False,1,0,26000.0,0.0,1,0,0.0,False,1,1,0,0.0,0.0,5.95500058530398e-11,0,1,,,1,2026-07-08,2026-07-08,26000.0,1.0,26000.0,0.00010273277728485035,,peripheral,0.8,"Признаков роли нет: вход 26 000 KZT от 1, выход 0 KZT к 0; передано 0%.",0.2403,peripheral,2
100000007689942100,3,False,1,2,5000.0,25000.0,1,2,5.0,False,0,7,0,1.981468513870874e-05,8.8869694757075e-05,0.0,1,0,0.0,,1,2026-07-28,2026-07-28,30000.0,0.7671508504285657,4142.103435849744,9.174289330149316e-05,,peripheral,0.8,"Признаков роли нет: вход 5 000 KZT от 1, выход 25 000 KZT к 2; передано 500% (возможны поступления вне выборки).",0.2399,peripheral,17
100000000749118100,3,False,1,1,10330.0,16500.0,1,1,1.5972894482090998,False,0,7,0,1.922024458454748e-05,0.0,0.0029057815328092595,0,0,0.0,19.0,1,2026-07-06,2026-07-06,26830.0,0.6659430358381553,7816.11499440432,7.430019735026747e-05,,peripheral,0.8,"Признаков роли нет: вход 10 330 KZT от 1, выход 16 500 KZT к 1; передано 160% (возможны поступления вне выборки).",0.239,peripheral,1
100000003095610100,3,False,1,0,23665.0,0.0,1,0,0.0,False,0,7,0,0.0,0.0,6.407022137400362e-07,0,0,,,1,2026-07-06,2026-07-06,23665.0,0.7340348423324577,17692.90766871267,6.990929011734539e-05,,peripheral,0.8,"Признаков роли нет: вход 23 665 KZT от 1, выход 0 KZT к 0; передано 0%.",0.239,peripheral,9
100000003177533100,4,False,1,0,20000.0,0.0,3,0,0.0,True,0,7,0,0.0,0.0,0.0,0,0,,,1,2026-07-13,2026-07-13,20000.0,0.2535875723968892,6928.587484397297,2.7376655189707406e-05,0.2889610482404409,truncated,1.0,"Граница обхода, глубина 4: исходящие не выгружены. Получил 20 000 KZT от 1; P(переводит дальше)=29%.",0.2387,peripheral,6
100000000703902100,1,False,1,0,25499.0,0.0,1,0,0.0,False,1,1,0,0.0,0.0,5.95500058530398e-11,0,1,,,1,2026-07-22,2026-07-22,25499.0,1.0,25499.0,0.00010075319569178458,,peripheral,0.8,"Признаков роли нет: вход 25 499 KZT от 1, выход 0 KZT к 0; передано 0%.",0.2387,peripheral,2
100000004213658100,1,False,1,0,25347.0,0.0,1,0,0.0,False,1,1,0,0.0,0.0,5.95500058530398e-11,0,1,,,1,2026-07-15,2026-07-15,25347.0,1.0,25347.0,0.00010015260407073469,,peripheral,0.8,"Признаков роли нет: вход 25 347 KZT от 1, выход 0 KZT к 0; передано 0%.",0.2378,peripheral,2
100000005265073100,3,False,1,1,5000.0,9000.0,1,1,1.8,False,0,8,0,2.1003566247031264e-05,0.0,1.0303697327745062e-06,0,0,0.0,,1,2026-07-21,2026-07-21,14000.0,0.998252676381913,4998.947712364898,5.5251354264714566e-05,,peripheral,0.8,"Признаков роли нет: вход 5 000 KZT от 1, выход 9 000 KZT к 1; передано 180% (возможны поступления вне выборки).",0.2376,peripheral,18
100000006326645100,1,False,1,0,25264.0,0.0,1,0,0.0,False,1,1,0,0.0,0.0,5.95500058530398e-11,0,1,,,1,2026-07-18,2026-07-18,25264.0,1.0,25264.0,9.982464943555614e-05,,peripheral,0.8,"Признаков роли нет: вход 25 264 KZT от 1, выход 0 KZT к 0; передано 0%.",0.2371,peripheral,2
100000002691583100,3,False,1,0,285200.0,0.0,1,0,0.0,False,0,7,0,0.0,0.0,2.8321519604650354e-232,0,0,,,1,2026-07-16,2026-07-16,285200.0,0.007983762130823174,3666.605786267466,1.4487715216599895e-05,,terminal,0.634,Признаки оседания: получил 285 200 KZT от 1 плательщиков; исходящих ≥5 000 KZT в наблюдаемой выборке 0.,0.2371,terminal,25
100000006656003100,1,False,1,1,20000.0,9000.0,1,1,0.45,False,1,1,1,0.0,3.300043693840602e-13,5.95500058530398e-11,1,1,1.0,0.0,1,2026-07-20,2026-07-20,29000.0,1.0,20000.0,0.00011458655927925617,,peripheral,0.8,"Признаков роли нет: вход 20 000 KZT от 1, выход 9 000 KZT к 1; передано 45%.",0.2367,peripheral,2
100000002214664100,3,False,1,1,7950.0,76950.0,1,2,9.679245283018869,False,0,1,0,1.387027959709612e-06,0.0,3.0588951023382876e-10,0,1,1.0,0.0,1,2026-07-30,2026-07-30,84900.0,0.06726664348977997,718.7040659576753,2.32921769737756e-05,,transit,0.7,"Признаки транзита: получил 7 950 KZT, передано 968% (возможны поступления вне выборки). 100% ушло в течение 2 дней после поступления.",0.2367,transit,2
100000005059998100,2,False,1,0,18000.0,0.0,1,0,0.0,False,0,7,0,0.0,0.0,5.310185056276238e-05,0,0,,,1,2026-07-13,2026-07-13,18000.0,1.0,18000.0,7.112269196643486e-05,,peripheral,0.8,"Признаков роли нет: вход 18 000 KZT от 1, выход 0 KZT к 0; передано 0%.",0.2365,peripheral,1
100000001415126100,0,True,1,0,27000.0,0.0,1,0,0.0,False,0,7,0,0.0,0.0,2.8874363102964077e-07,0,0,,,1,2026-07-02,2026-07-02,27000.0,1.0,16557.37652218924,6.542251056441843e-05,,peripheral,0.8,"Признаков роли нет: вход 27 000 KZT от 1, выход 0 KZT к 0; передано 0%.",0.2363,peripheral,18
100000008710913100,4,False,1,0,14000.0,0.0,1,0,0.0,True,0,8,0,0.0,0.0,3.309598923107044e-07,0,0,,,1,2026-07-16,2026-07-16,14000.0,0.28820617224407774,4817.22035130396,1.9034093287808977e-05,0.293338612636454,truncated,1.0,"Граница обхода, глубина 4: исходящие не выгружены. Получил 14 000 KZT от 1; P(переводит дальше)=29%.",0.2362,peripheral,5
100000004222274100,4,False,1,0,15500.0,0.0,1,0,0.0,True,0,7,0,0.0,0.0,0.0,0,0,,,1,2026-07-29,2026-07-29,15500.0,0.4468974658841761,7177.812354255634,2.8361407614625418e-05,0.3216945359785822,truncated,1.0,"Граница обхода, глубина 4: исходящие не выгружены. Получил 15 500 KZT от 1; P(переводит дальше)=32%.",0.2357,peripheral,1
100000000943371100,2,False,1,0,15500.0,0.0,1,0,0.0,False,0,10,0,0.0,0.0,4.876477610101951e-08,0,0,,,1,2026-07-14,2026-07-14,15500.0,0.7604369926548177,11944.150745504765,4.7194453015084805e-05,,peripheral,0.8,"Признаков роли нет: вход 15 500 KZT от 1, выход 0 KZT к 0; передано 0%.",0.2357,peripheral,13
100000002680477100,2,False,1,0,25000.0,0.0,1,0,0.0,False,0,1,0,0.0,0.0,4.0882452251176484e-08,0,0,,,1,2026-07-27,2026-07-27,25000.0,1.0,25000.0,9.878151662004842e-05,,peripheral,0.8,"Признаков роли нет: вход 25 000 KZT от 1, выход 0 KZT к 0; передано 0%.",0.2355,peripheral,12
100000003617552100,2,False,1,0,25000.0,0.0,1,0,0.0,False,0,1,0,0.0,0.0,0.0,0,3,,,1,2026-07-22,2026-07-22,25000.0,1.0,25000.0,9.878151662004842e-05,,peripheral,0.8,"Признаков роли нет: вход 25 000 KZT от 1, выход 0 KZT к 0; передано 0%.",0.2355,peripheral,28
100000008383405100,1,False,1,0,25000.0,0.0,2,0,0.0,False,1,1,0,0.0,0.0,1.23619985386e-313,0,0,,,1,2026-07-01,2026-07-08,25000.0,1.0,25000.0,9.878151662004842e-05,,peripheral,0.8,"Признаков роли нет: вход 25 000 KZT от 1, выход 0 KZT к 0; передано 0%.",0.2355,peripheral,22
100000008554390100,4,False,1,0,14000.0,0.0,1,0,0.0,True,0,1,0,0.0,0.0,3.6873817911951947e-06,0,0,,,1,2026-07-24,2026-07-24,14000.0,0.9128732533190332,12780.225546466465,5.0498002488982446e-05,0.31028058787257407,truncated,1.0,"Граница обхода, глубина 4: исходящие не выгружены. Получил 14 000 KZT от 1; P(переводит дальше)=31%.",0.2354,peripheral,9
100000006882208100,3,False,1,0,18000.0,0.0,1,0,0.0,False,0,7,0,0.0,0.0,2.667129207094818e-06,0,0,,,1,2026-07-19,2026-07-19,18000.0,0.9964819908826497,17945.16285294337,7.090601610429836e-05,,peripheral,0.8,"Признаков роли нет: вход 18 000 KZT от 1, выход 0 KZT к 0; передано 0%.",0.2353,peripheral,7
100000003888271100,1,False,1,2,12177.0,25590.0,2,3,2.10150283321015,False,1,1,1,3.962937027741748e-07,1.57847465707e-313,1.23619985386e-313,1,4,0.27002735443532627,5.0,1,2026-07-01,2026-07-15,37767.0,1.0,12177.0,0.00014922726152757476,,peripheral,0.8,"Признаков роли нет: вход 12 177 KZT от 1, выход 25 590 KZT к 2; передано 210% (возможны поступления вне выборки).",0.235,peripheral,42
100000008473765100,3,False,1,0,30000.0,0.0,1,0,0.0,False,0,7,0,0.0,0.0,0.0016044117305492448,0,0,,,1,2026-07-04,2026-07-04,30000.0,0.44201095570508103,15886.378530621063,6.277122259419884e-05,,peripheral,0.8,"Признаков роли нет: вход 30 000 KZT от 1, выход 0 KZT к 0; передано 0%.",0.235,peripheral,6
100000002593038100,2,False,1,0,28500.0,0.0,1,0,0.0,False,0,8,0,0.0,0.0,4.9968235834670635e-298,0,0,,,1,2026-07-09,2026-07-09,28500.0,0.2897293130776341,11264.368240777552,4.450845514361323e-05,,peripheral,0.8,"Признаков роли нет: вход 28 500 KZT от 1, выход 0 KZT к 0; передано 0%.",0.2348,peripheral,10
100000006844004100,3,False,1,0,20600.0,0.0,1,0,0.0,False,0,7,0,0.0,0.0,0.0,0,0,,,1,2026-07-22,2026-07-22,20600.0,0.8015901910497759,17437.091854472215,6.88984951531565e-05,,peripheral,0.8,"Признаков роли нет: вход 20 600 KZT от 1, выход 0 KZT к 0; передано 0%.",0.2348,peripheral,1
100000007487729100,3,False,1,0,25000.0,0.0,1,0,0.0,False,0,7,0,0.0,0.0,0.00016105425266535616,0,0,,,1,2026-07-20,2026-07-20,25000.0,0.6066263124577993,16648.05528381079,6.578080598838494e-05,,peripheral,0.8,"Признаков роли нет: вход 25 000 KZT от 1, выход 0 KZT к 0; передано 0%.",0.2347,peripheral,1
100000002836052100,2,False,1,0,15000.0,0.0,1,0,0.0,False,0,11,0,0.0,0.0,1.862578378996418e-253,0,0,,,1,2026-07-03,2026-07-03,15000.0,0.715347532061092,11198.857524657533,4.424960522792293e-05,,peripheral,0.8,"Признаков роли нет: вход 15 000 KZT от 1, выход 0 KZT к 0; передано 0%.",0.2344,peripheral,3
100000008327791100,4,False,1,0,11000.0,0.0,1,0,0.0,True,0,7,0,0.0,0.0,0.0,0,0,,,1,2026-07-29,2026-07-29,11000.0,0.6679792556793708,7571.502178063221,2.9916978729564e-05,0.31982078342852294,truncated,1.0,"Граница обхода, глубина 4: исходящие не выгружены. Получил 11 000 KZT от 1; P(переводит дальше)=32%.",0.234,peripheral,16
100000002199091100,2,False,1,0,65000.0,0.0,1,0,0.0,False,0,1,0,0.0,0.0,7.619950610759462e-13,0,1,,,1,2026-07-23,2026-07-23,65000.0,0.2986981541591034,19415.38002034172,7.671522736659124e-05,,peripheral,0.8,"Признаков роли нет: вход 65 000 KZT от 1, выход 0 KZT к 0; передано 0%.",0.2339,peripheral,2
100000004611571100,3,False,1,0,22550.0,0.0,1,0,0.0,False,0,7,0,0.0,0.0,0.0029057815328092595,0,0,,,1,2026-07-03,2026-07-03,22550.0,0.6659430358381553,17062.283942286293,6.741753139282138e-05,,peripheral,0.8,"Признаков роли нет: вход 22 550 KZT от 1, выход 0 KZT к 0; передано 0%.",0.2339,peripheral,1
100000001251686100,2,False,1,0,18000.0,0.0,1,0,0.0,False,0,9,0,0.0,0.0,0.0001427672909306537,0,0,,,1,2026-07-12,2026-07-12,18000.0,0.5957146489028127,11907.504097654923,4.704965255697485e-05,,peripheral,0.8,"Признаков роли нет: вход 18 000 KZT от 1, выход 0 KZT к 0; передано 0%.",0.2338,peripheral,3
100000007381662100,4,False,1,0,11000.0,0.0,1,0,0.0,True,0,7,0,0.0,0.0,3.148497900522947e-05,0,0,,,1,2026-07-31,2026-07-31,11000.0,0.6424778096295601,7325.37339421971,2.8944459747572355e-05,0.32420987443939764,truncated,1.0,"Граница обхода, глубина 4: исходящие не выгружены. Получил 11 000 KZT от 1; P(переводит дальше)=32%.",0.2327,peripheral,1
100000002858835100,1,False,1,0,24400.0,0.0,1,0,0.0,False,1,1,0,0.0,0.0,5.95500058530398e-11,0,1,,,1,2026-07-06,2026-07-06,24400.0,1.0,24400.0,9.641076022116726e-05,,peripheral,0.8,"Признаков роли нет: вход 24 400 KZT от 1, выход 0 KZT к 0; передано 0%.",0.2327,peripheral,2
100000005041147100,4,False,1,0,10000.0,0.0,1,0,0.0,True,0,7,0,0.0,0.0,0.0,0,0,,,1,2026-07-26,2026-07-26,10000.0,0.7465035198821421,7594.4375199945225,3.0007602244061535e-05,0.31278273225436926,truncated,1.0,"Граница обхода, глубина 4: исходящие не выгружены. Получил 10 000 KZT от 1; P(переводит дальше)=31%.",0.2326,peripheral,1
100000008314863100,3,False,1,0,12000.0,0.0,1,0,0.0,False,0,10,0,0.0,0.0,0.0,0,0,,,1,2026-07-20,2026-07-20,12000.0,1.0,12000.0,4.741512797762324e-05,,peripheral,0.8,"Признаков роли нет: вход 12 000 KZT от 1, выход 0 KZT к 0; передано 0%.",0.2325,peripheral,3
100000003166755100,2,False,1,0,24010.0,0.0,1,0,0.0,False,0,7,0,0.0,0.0,0.0001421681899391104,0,0,,,1,2026-07-08,2026-07-08,24010.0,0.623412894157695,16371.583270059542,6.468839299545091e-05,,peripheral,0.8,"Признаков роли нет: вход 24 010 KZT от 1, выход 0 KZT к 0; передано 0%.",0.2315,peripheral,3
100000006693788100,4,False,1,0,10764.0,0.0,1,0,0.0,True,0,7,0,0.0,0.0,0.0,0,0,,,1,2026-07-18,2026-07-18,10764.0,0.6566599498858338,7201.9744023914045,2.8456878165105144e-05,0.2961474126546096,truncated,1.0,"Граница обхода, глубина 4: исходящие не выгружены. Получил 10 764 KZT от 1; P(переводит дальше)=30%.",0.2312,peripheral,1
100000001870116100,1,False,1,0,24000.0,0.0,1,0,0.0,False,1,1,0,0.0,0.0,5.95500058530398e-11,0,1,,,1,2026-07-27,2026-07-27,24000.0,1.0,24000.0,9.483025595524648e-05,,peripheral,0.8,"Признаков роли нет: вход 24 000 KZT от 1, выход 0 KZT к 0; передано 0%.",0.231,peripheral,2
100000006989232100,3,False,1,0,22194.0,0.0,1,0,0.0,False,0,7,0,0.0,0.0,0.0011319383959652314,0,0,,,1,2026-07-16,2026-07-16,22194.0,0.6690797475280011,16560.583904640444,6.543518376861058e-05,,peripheral,0.8,"Признаков роли нет: вход 22 194 KZT от 1, выход 0 KZT к 0; передано 0%.",0.2309,peripheral,1
100000000560751100,3,False,1,0,25000.0,0.0,1,0,0.0,False,0,7,0,0.0,0.0,0.0,0,0,,,1,2026-07-09,2026-07-09,25000.0,0.5841416198255167,16035.068451283512,6.335873522897037e-05,,peripheral,0.8,"Признаков роли нет: вход 25 000 KZT от 1, выход 0 KZT к 0; передано 0%.",0.2308,peripheral,13
100000003934614100,3,False,2,1,17000.0,11500.0,2,2,0.6764705882352942,False,0,7,0,6.604895046236247e-08,6.456347685168757e-08,1.7773134064094906e-05,4,0,1.0,1.0,1,2026-07-09,2026-07-16,28500.0,0.20750800494632057,4008.6696433401853,-7.945781329658399e-05,,transit,0.903,"Признаки транзита: получил 17 000 KZT, передано 68%. 100% ушло в течение 2 дней после поступления.",0.2307,transit,32
100000001248999100,3,False,1,0,23425.0,0.0,1,0,0.0,False,0,7,0,0.0,0.0,0.000233344615948652,0,0,,,1,2026-07-22,2026-07-22,23425.0,0.6610369390367882,16138.502157945444,6.376742876555415e-05,,peripheral,0.8,"Признаков роли нет: вход 23 425 KZT от 1, выход 0 KZT к 0; передано 0%.",0.2295,peripheral,16
100000008774237100,2,False,1,1,50000.0,10000.0,1,1,0.2,False,0,1,0,0.0,3.1491458836733326e-179,1.797726136022499e-179,0,2,1.0,1.0,1,2026-07-29,2026-07-29,60000.0,0.31658307503755523,17460.9797173498,8.150190484142701e-05,,peripheral,0.8,"Признаков роли нет: вход 50 000 KZT от 1, выход 10 000 KZT к 1; передано 20%.",0.2294,peripheral,23
100000005932987100,2,False,1,0,25000.0,0.0,3,0,0.0,False,0,7,0,0.0,0.0,3.6495900757598262e-09,0,0,,,1,2026-07-07,2026-07-31,25000.0,0.6236917926849361,15786.772925388143,6.237765488420192e-05,,peripheral,0.8,"Признаков роли нет: вход 25 000 KZT от 1, выход 0 KZT к 0; передано 0%.",0.2293,peripheral,32
100000006612238100,2,False,1,1,160000.0,25000.0,1,1,0.15625,False,0,1,0,0.0,1.5689051040223308e-10,7.619950610759462e-13,1,1,1.0,0.0,1,2026-07-22,2026-07-22,185000.0,0.2986981541591034,47791.70466545654,-7.902222148576663e-07,,peripheral,0.8,"Признаков роли нет: вход 160 000 KZT от 1, выход 25 000 KZT к 1; передано 16%.",0.2292,peripheral,2
100000004379306100,4,False,1,0,15000.0,0.0,1,0,0.0,True,0,7,0,0.0,0.0,0.0,0,0,,,1,2026-07-12,2026-07-12,15000.0,0.3927865510357105,6630.164335576215,2.6197507540344706e-05,0.28542638628554573,truncated,1.0,"Граница обхода, глубина 4: исходящие не выгружены. Получил 15 000 KZT от 1; P(переводит дальше)=29%.",0.2292,peripheral,6
100000008493007100,3,False,1,1,26150.0,26150.0,1,1,1.0,False,0,1,0,1.387027959709612e-06,0.0,3.0588951023382876e-10,0,1,1.0,1.0,1,2026-07-28,2026-07-28,52300.0,0.06726664348977997,2364.039160351347,1.62912922549866e-05,,transit,1.0,"Признаки транзита: получил 26 150 KZT, передано 100%. 100% ушло в течение 2 дней после поступления.",0.2291,transit,2
100000008708368100,1,False,1,0,23677.0,0.0,1,0,0.0,False,1,1,0,0.0,0.0,5.95500058530398e-11,0,1,,,1,2026-07-13,2026-07-13,23677.0,1.0,23677.0,9.355399876051546e-05,,peripheral,0.8,"Признаков роли нет: вход 23 677 KZT от 1, выход 0 KZT к 0; передано 0%.",0.229,peripheral,2
100000008722328100,1,False,1,0,23677.0,0.0,1,0,0.0,False,1,1,0,0.0,0.0,5.95500058530398e-11,0,1,,,1,2026-07-16,2026-07-16,23677.0,1.0,23677.0,9.355399876051546e-05,,peripheral,0.8,"Признаков роли нет: вход 23 677 KZT от 1, выход 0 KZT к 0; передано 0%.",0.229,peripheral,2
100000002320495100,4,False,1,0,13526.27,0.0,1,0,0.0,True,0,7,0,0.0,0.0,0.0,0,0,,,1,2026-07-08,2026-07-08,13526.27,0.4722113623758814,6727.17025380886,2.6580803209200268e-05,0.2767774179031556,truncated,1.0,"Граница обхода, глубина 4: исходящие не выгружены. Получил 13 526 KZT от 1; P(переводит дальше)=28%.",0.2286,peripheral,16
100000004407753100,3,False,1,1,250000.0,100000.0,4,1,0.4,False,0,7,0,0.0,1.578815165634182e-09,2.91876993847384e-271,1,0,1.0,1.0,1,2026-07-08,2026-07-14,350000.0,0.05872641123280794,19763.550681354714,-4.369248247284189e-05,,peripheral,0.8,"Признаков роли нет: вход 250 000 KZT от 1, выход 100 000 KZT к 1; передано 40%.",0.2284,peripheral,27
100000004232712100,4,False,1,0,12500.0,0.0,1,0,0.0,True,0,7,0,0.0,0.0,0.0,0,0,,,1,2026-07-14,2026-07-14,12500.0,0.5119191887828877,6754.471137974943,2.6688676119003547e-05,0.28860475576269157,truncated,1.0,"Граница обхода, глубина 4: исходящие не выгружены. Получил 12 500 KZT от 1; P(переводит дальше)=29%.",0.2279,peripheral,8
100000008631800100,4,False,1,0,12850.0,0.0,1,0,0.0,True,0,1,0,0.0,0.0,3.6873817911951947e-06,0,0,,,1,2026-07-28,2026-07-28,12850.0,0.9128732533190332,11730.421305149577,4.634995228459298e-05,0.3184836098073681,truncated,1.0,"Граница обхода, глубина 4: исходящие не выгружены. Получил 12 850 KZT от 1; P(переводит дальше)=32%.",0.2278,peripheral,9
100000008671026100,1,False,1,0,23534.0,0.0,1,0,0.0,False,1,1,0,0.0,0.0,5.95500058530398e-11,0,1,,,1,2026-07-03,2026-07-03,23534.0,1.0,23534.0,9.298896848544878e-05,,peripheral,0.8,"Признаков роли нет: вход 23 534 KZT от 1, выход 0 KZT к 0; передано 0%.",0.2278,peripheral,2
100000008680451100,1,False,1,0,23534.0,0.0,1,0,0.0,False,1,1,0,0.0,0.0,5.95500058530398e-11,0,1,,,1,2026-07-06,2026-07-06,23534.0,1.0,23534.0,9.298896848544878e-05,,peripheral,0.8,"Признаков роли нет: вход 23 534 KZT от 1, выход 0 KZT к 0; передано 0%.",0.2278,peripheral,2
100000008254576100,3,False,1,1,8000.0,60000.0,1,1,7.5,False,0,7,0,1.9616538287321655e-05,0.0,2.3749511394193016e-243,0,0,0.0,,1,2026-07-31,2026-07-31,68000.0,0.22416528827701415,2374.5714975482892,6.25266801129159e-05,,peripheral,0.8,"Признаков роли нет: вход 8 000 KZT от 1, выход 60 000 KZT к 1; передано 750% (возможны поступления вне выборки).",0.2274,peripheral,33
100000002603478100,1,False,1,0,23500.0,0.0,1,0,0.0,False,1,1,0,0.0,0.0,1.0100033243240566e-05,0,0,,,1,2026-07-15,2026-07-15,23500.0,1.0,23500.0,9.285462562284552e-05,,peripheral,0.8,"Признаков роли нет: вход 23 500 KZT от 1, выход 0 KZT к 0; передано 0%.",0.2272,peripheral,10
100000008762728100,2,False,1,0,17026.0,0.0,1,0,0.0,False,0,7,0,0.0,0.0,1.7907846980216076e-06,0,0,,,1,2026-07-29,2026-07-29,17026.0,0.9973679998407047,16991.93356067547,6.7139558697201e-05,,peripheral,0.8,"Признаков роли нет: вход 17 026 KZT от 1, выход 0 KZT к 0; передано 0%.",0.227,peripheral,7
100000005553088100,4,False,1,0,17500.0,0.0,1,0,0.0,True,0,7,0,0.0,0.0,3.1784521125680773e-09,0,0,,,1,2026-07-09,2026-07-09,17500.0,0.2535875723968892,6062.514048847635,2.39545732910087e-05,0.28009465908768455,truncated,1.0,"Граница обхода, глубина 4: исходящие не выгружены. Получил 17 500 KZT от 1; P(переводит дальше)=28%.",0.2267,peripheral,6
100000007863304100,3,False,1,0,25000.0,0.0,1,0,0.0,False,0,7,0,0.0,0.0,0.0029401739563140994,0,0,,,1,2026-07-03,2026-07-03,25000.0,0.5403576910379955,15479.451632570515,6.116334834843568e-05,,peripheral,0.8,"Признаков роли нет: вход 25 000 KZT от 1, выход 0 KZT к 0; передано 0%.",0.2259,peripheral,8
100000005395727100,0,True,1,0,17000.0,0.0,1,0,0.0,False,0,7,0,0.0,0.0,4.9968235834670635e-298,0,0,,,1,2026-07-30,2026-07-30,17000.0,1.0,16652.491310397774,6.579833388569158e-05,,peripheral,0.8,"Признаков роли нет: вход 17 000 KZT от 1, выход 0 KZT к 0; передано 0%.",0.2255,peripheral,15
100000008769636100,1,False,1,0,23118.0,0.0,1,0,0.0,False,1,1,0,0.0,0.0,5.95500058530398e-11,0,1,,,1,2026-07-28,2026-07-28,23118.0,1.0,23118.0,9.134524404889118e-05,,peripheral,0.8,"Признаков роли нет: вход 23 118 KZT от 1, выход 0 KZT к 0; передано 0%.",0.2254,peripheral,2
100000002659103100,4,False,1,0,165000.0,0.0,1,0,0.0,True,0,7,0,0.0,0.0,7.661109122360097e-07,0,0,,,1,2026-07-07,2026-07-07,165000.0,0.011969295077907168,1984.9569090682273,7.843082156097503e-06,0.28744507220157045,truncated,1.0,"Граница обхода, глубина 4: исходящие не выгружены. Получил 165 000 KZT от 1; P(переводит дальше)=29%.",0.2254,peripheral,43
100000002863356100,2,False,1,1,45000.0,20000.0,1,1,0.4444444444444444,False,0,1,0,1.387027959709612e-06,0.0,7.619950610759462e-13,0,1,0.0,,1,2026-07-20,2026-07-20,65000.0,0.2986981541591034,13441.416937159653,7.671522736659124e-05,,peripheral,0.8,"Признаков роли нет: вход 45 000 KZT от 1, выход 20 000 KZT к 1; передано 44%.",0.2252,peripheral,2
100000007347733100,1,False,1,0,23007.0,0.0,1,0,0.0,False,1,1,0,0.0,0.0,7.983534595344907e-303,0,8,,,1,2026-07-31,2026-07-31,23007.0,1.0,23007.0,9.090665411509816e-05,,peripheral,0.8,"Признаков роли нет: вход 23 007 KZT от 1, выход 0 KZT к 0; передано 0%.",0.2248,peripheral,52
100000001490461100,2,False,1,1,20000.0,5000.0,1,1,0.25,False,0,9,0,2.19943005039667e-05,0.0,9.023756758629543e-290,0,0,0.0,12.0,1,2026-07-04,2026-07-04,25000.0,0.20926860449196816,4365.332260228721,2.1382939675161842e-05,,peripheral,0.8,"Признаков роли нет: вход 20 000 KZT от 1, выход 5 000 KZT к 1; передано 25%.",0.2248,peripheral,9
100000003047800100,4,False,1,0,12212.0,0.0,1,0,0.0,True,0,1,0,0.0,0.0,0.0,0,0,,,1,2026-07-01,2026-07-01,12212.0,0.9128732533190331,11148.008169532033,4.404868617116173e-05,0.2624195092552262,truncated,1.0,"Граница обхода, глубина 4: исходящие не выгружены. Получил 12 212 KZT от 1; P(переводит дальше)=26%.",0.2244,peripheral,12
100000008690932100,1,False,1,0,23000.0,0.0,1,0,0.0,False,1,1,0,0.0,0.0,5.95500058530398e-11,0,1,,,1,2026-07-09,2026-07-09,23000.0,1.0,23000.0,9.087899529044455e-05,,peripheral,0.8,"Признаков роли нет: вход 23 000 KZT от 1, выход 0 KZT к 0; передано 0%.",0.2242,peripheral,2
100000002459164100,3,False,1,0,20000.0,0.0,1,0,0.0,False,0,7,0,0.0,0.0,0.0,0,0,,,1,2026-07-31,2026-07-31,20000.0,0.7410396465545813,15861.703880611418,6.267372662018296e-05,,peripheral,0.8,"Признаков роли нет: вход 20 000 KZT от 1, выход 0 KZT к 0; передано 0%.",0.224,peripheral,1
100000001740277100,3,False,1,1,8700.0,5000.0,1,1,0.5747126436781609,False,0,1,0,0.0,8.203488390521243e-303,0.0,1,0,1.0,2.0,1,2026-07-08,2026-07-08,13700.0,0.7316064273770015,7193.801996111273,2.090649201240355e-05,,transit,0.872,"Признаки транзита: получил 8 700 KZT, передано 57%. 100% ушло в течение 2 дней после поступления.",0.2238,transit,4
100000005809252100,2,False,1,0,25000.0,0.0,1,0,0.0,False,0,7,0,0.0,0.0,0.0,0,0,,,1,2026-07-30,2026-07-30,25000.0,0.5787663377989011,15097.495374101127,5.965413960864541e-05,,peripheral,0.8,"Признаков роли нет: вход 25 000 KZT от 1, выход 0 KZT к 0; передано 0%.",0.2236,peripheral,8
100000006171671100,4,False,1,0,10000.0,0.0,1,0,0.0,True,0,7,0,0.0,0.0,0.0,0,0,,,1,2026-07-07,2026-07-07,10000.0,0.6424778096295601,6659.430358381553,2.6313145225055072e-05,0.2732629863414523,truncated,1.0,"Граница обхода, глубина 4: исходящие не выгружены. Получил 10 000 KZT от 1; P(переводит дальше)=27%.",0.2236,peripheral,1
100000006903193100,4,False,1,0,9000.0,0.0,1,0,0.0,True,0,7,0,0.0,0.0,2.910187022880294e-05,0,0,,,1,2026-07-05,2026-07-05,9000.0,0.7465035198821421,6834.99376799507,2.700684201969071e-05,0.2687691899697905,truncated,1.0,"Граница обхода, глубина 4: исходящие не выгружены. Получил 9 000 KZT от 1; P(переводит дальше)=27%.",0.2231,peripheral,1
100000003078839100,4,False,1,0,14000.0,0.0,2,0,0.0,True,0,7,0,0.0,0.0,0.0,0,0,,,1,2026-07-19,2026-07-23,14000.0,0.39278655103571053,6188.153379871133,2.4451007037592257e-05,0.30813350313932447,truncated,1.0,"Граница обхода, глубина 4: исходящие не выгружены. Получил 14 000 KZT от 1; P(переводит дальше)=31%.",0.2224,peripheral,6
100000001273783100,2,False,1,0,23200.0,0.0,1,0,0.0,False,0,1,0,0.0,0.0,2.322813314613868e-05,0,0,,,1,2026-07-20,2026-07-20,23200.0,0.9613749847709885,22303.899646686932,8.812852134557551e-05,,peripheral,0.8,"Признаков роли нет: вход 23 200 KZT от 1, выход 0 KZT к 0; передано 0%.",0.2222,peripheral,9
100000003635660100,3,False,1,0,18985.0,0.0,1,0,0.0,False,0,7,0,0.0,0.0,0.001137907385155322,0,0,,,1,2026-07-03,2026-07-03,18985.0,0.7594437519994522,15772.376574479498,6.2320771149212e-05,,peripheral,0.8,"Признаков роли нет: вход 18 985 KZT от 1, выход 0 KZT к 0; передано 0%.",0.2218,peripheral,1
100000007020162100,3,False,1,0,86395.0,0.0,1,0,0.0,False,0,7,0,0.0,0.0,2.4413789354590045e-05,0,0,,,1,2026-07-20,2026-07-20,86395.0,0.08962681696565522,10207.72005996886,4.0333362750233885e-05,,peripheral,0.8,"Признаков роли нет: вход 86 395 KZT от 1, выход 0 KZT к 0; передано 0%.",0.2217,peripheral,14
100000004780327100,4,False,1,0,12000.0,0.0,1,0,0.0,True,0,1,0,0.0,0.0,3.6873817911951947e-06,0,0,,,1,2026-07-24,2026-07-24,12000.0,0.9128732533190332,10954.479039828399,4.328400213343035e-05,0.3094539017197819,truncated,1.0,"Граница обхода, глубина 4: исходящие не выгружены. Получил 12 000 KZT от 1; P(переводит дальше)=31%.",0.2212,peripheral,9
100000002876914100,4,False,1,0,12000.0,0.0,1,0,0.0,True,0,1,0,0.0,0.0,3.6873817911951947e-06,0,0,,,1,2026-07-25,2026-07-25,12000.0,0.9128732533190332,10954.479039828399,4.328400213343035e-05,0.3116060432343452,truncated,1.0,"Граница обхода, глубина 4: исходящие не выгружены. Получил 12 000 KZT от 1; P(переводит дальше)=31%.",0.2212,peripheral,9
100000002645046100,4,False,1,0,12000.0,0.0,1,0,0.0,True,0,1,0,0.0,0.0,3.6873817911951947e-06,0,0,,,1,2026-07-28,2026-07-28,12000.0,0.9128732533190332,10954.479039828399,4.328400213343035e-05,0.31811121324585406,truncated,1.0,"Граница обхода, глубина 4: исходящие не выгружены. Получил 12 000 KZT от 1; P(переводит дальше)=32%.",0.2212,peripheral,9
100000008471634100,4,False,1,0,20000.0,0.0,1,0,0.0,True,0,7,0,0.0,0.0,0.0,0,0,,,1,2026-07-10,2026-07-10,20000.0,0.23198620184092442,5244.127206392624,2.0720913551807256e-05,0.2828047545495137,truncated,1.0,"Граница обхода, глубина 4: исходящие не выгружены. Получил 20 000 KZT от 1; P(переводит дальше)=28%.",0.2211,peripheral,24
100000004674178100,4,False,1,0,20000.0,0.0,1,0,0.0,True,0,7,0,0.0,0.0,2.0657129242753332e-08,0,0,,,1,2026-07-07,2026-07-07,20000.0,0.2622063603196312,5244.1272063926235,2.0720913551807256e-05,0.27672857444419513,truncated,1.0,"Граница обхода, глубина 4: исходящие не выгружены. Получил 20 000 KZT от 1; P(переводит дальше)=28%.",0.221,peripheral,24
100000003146511100,4,False,1,0,10000.0,0.0,1,0,0.0,True,0,7,0,0.0,0.0,1.23619985386e-313,0,0,,,1,2026-07-06,2026-07-06,10000.0,0.6315835235709054,6464.047554220197,2.5541136836417338e-05,0.27127130912052166,truncated,1.0,"Граница обхода, глубина 4: исходящие не выгружены. Получил 10 000 KZT от 1; P(переводит дальше)=27%.",0.2209,peripheral,13
100000008746025100,1,False,1,0,22000.0,0.0,1,0,0.0,False,1,1,0,0.0,0.0,5.95500058530398e-11,0,1,,,1,2026-07-22,2026-07-22,22000.0,1.0,22000.0,8.692773462564262e-05,,peripheral,0.8,"Признаков роли нет: вход 22 000 KZT от 1, выход 0 KZT к 0; передано 0%.",0.2207,peripheral,2
100000004321983100,3,False,1,2,10840.0,36200.0,1,3,3.339483394833948,False,0,1,0,1.387027959709612e-06,4.755615016242943e-298,4.996823583467063e-298,1,0,0.0,4.0,1,2026-07-27,2026-07-27,47040.0,0.7202332607749895,8067.059431452067,0.00012516904603984314,,peripheral,0.8,"Признаков роли нет: вход 10 840 KZT от 1, выход 36 200 KZT к 2; передано 334% (возможны поступления вне выборки).",0.2206,peripheral,26
100000008686214100,3,False,1,0,25000.0,0.0,1,0,0.0,False,0,7,0,0.0,0.0,0.00012159927962597201,0,0,,,1,2026-07-22,2026-07-22,25000.0,0.5431896657308133,14485.951689415977,5.723777110263483e-05,,peripheral,0.8,"Признаков роли нет: вход 25 000 KZT от 1, выход 0 KZT к 0; передано 0%.",0.2196,peripheral,6
100000003713616100,1,False,1,0,15893.0,0.0,1,0,0.0,False,1,7,0,0.0,0.0,0.0002952416008836587,0,0,,,1,2026-07-09,2026-07-09,15893.0,1.0,15893.0,6.279738574569719e-05,,peripheral,0.8,"Признаков роли нет: вход 15 893 KZT от 1, выход 0 KZT к 0; передано 0%.",0.2195,peripheral,7
100000006249740100,0,True,0,3,0.0,93007.0,0,5,,False,0,0,0,0.0,1.1601484540645387e-302,0.0,0,8,0.0,,0,,,93007.0,1.0,0.0,0.00036749490065123377,,peripheral,0.8,"Признаков роли нет: вход 0 KZT от 0, выход 93 007 KZT к 3; передано н/д.",0.2192,peripheral,52
100000000967918100,2,False,1,0,21200.0,0.0,3,0,0.0,False,0,7,0,0.0,0.0,0.0,0,0,,,1,2026-07-01,2026-07-30,21200.0,0.6839741039215954,14910.582845330027,5.891559948602391e-05,,peripheral,0.8,"Признаков роли нет: вход 21 200 KZT от 1, выход 0 KZT к 0; передано 0%.",0.2188,peripheral,1
100000008691330100,1,False,1,0,21440.0,0.0,1,0,0.0,False,1,1,0,0.0,0.0,5.95500058530398e-11,0,1,,,1,2026-07-09,2026-07-09,21440.0,1.0,21440.0,8.471502865335353e-05,,peripheral,0.8,"Признаков роли нет: вход 21 440 KZT от 1, выход 0 KZT к 0; передано 0%.",0.2185,peripheral,2
100000007749092100,2,False,1,1,7650.0,70375.0,1,5,9.199346405228757,False,0,7,0,0.0,0.0001266670775836496,0.0,1,0,0.0,,1,2026-07-13,2026-07-13,78025.0,0.34301170778759604,2624.0395645751096,0.00010574951936339625,,peripheral,0.8,"Признаков роли нет: вход 7 650 KZT от 1, выход 70 375 KZT к 1; передано 920% (возможны поступления вне выборки).",0.2184,peripheral,7
100000001788284100,3,False,1,5,8000.0,296700.0,1,8,37.0875,False,0,7,0,5.9444055416126226e-05,1.1084566836655277e-06,2.5006816366679155e-06,1,0,0.6501516683518705,0.0,1,2026-07-18,2026-07-18,304700.0,0.2622063603196312,2666.611793005539,-0.0005862020179552257,,peripheral,0.8,"Признаков роли нет: вход 8 000 KZT от 1, выход 296 700 KZT к 5; передано 3709% (возможны поступления вне выборки).",0.2183,peripheral,24
100000002727288100,3,False,1,0,16000.0,0.0,1,0,0.0,False,0,7,0,0.0,0.0,4.9968235834670635e-298,0,0,,,1,2026-07-18,2026-07-18,16000.0,0.9731101397679063,15672.932998021435,6.192784365719768e-05,,peripheral,0.8,"Признаков роли нет: вход 16 000 KZT от 1, выход 0 KZT к 0; передано 0%.",0.2176,peripheral,15
100000003950749100,4,False,1,0,7000.0,0.0,1,0,0.0,True,0,7,0,0.0,0.0,2.1155338218666927e-08,0,0,,,1,2026-07-30,2026-07-30,7000.0,0.8828022914531314,6398.420547890461,2.528182742767018e-05,0.3195419049619209,truncated,1.0,"Граница обхода, глубина 4: исходящие не выгружены. Получил 7 000 KZT от 1; P(переводит дальше)=32%.",0.2173,peripheral,7
100000008761132100,4,False,1,0,10000.0,0.0,1,0,0.0,True,0,8,0,0.0,0.0,1.276147972494963e-06,0,0,,,1,2026-07-26,2026-07-26,10000.0,0.30249927077752825,3568.374417438043,1.4099577472853776e-05,0.31278273225436926,truncated,1.0,"Граница обхода, глубина 4: исходящие не выгружены. Получил 10 000 KZT от 1; P(переводит дальше)=31%.",0.2168,peripheral,5
100000008761220100,4,False,1,0,10000.0,0.0,1,0,0.0,True,0,8,0,0.0,0.0,1.276147972494963e-06,0,0,,,1,2026-07-26,2026-07-26,10000.0,0.30249927077752825,3568.374417438043,1.4099577472853776e-05,0.31278273225436926,truncated,1.0,"Граница обхода, глубина 4: исходящие не выгружены. Получил 10 000 KZT от 1; P(переводит дальше)=31%.",0.2168,peripheral,5
100000008758106100,4,False,1,0,10000.0,0.0,1,0,0.0,True,0,8,0,0.0,0.0,1.276147972494963e-06,0,0,,,1,2026-07-25,2026-07-25,10000.0,0.30249927077752825,3568.374417438043,1.4099577472853776e-05,0.31062613094813757,truncated,1.0,"Граница обхода, глубина 4: исходящие не выгружены. Получил 10 000 KZT от 1; P(переводит дальше)=31%.",0.2168,peripheral,5
100000003119550100,1,False,1,0,21000.0,0.0,1,0,0.0,False,1,1,0,0.0,0.0,5.95500058530398e-11,0,1,,,1,2026-07-27,2026-07-27,21000.0,1.0,21000.0,8.297647396084068e-05,,peripheral,0.8,"Признаков роли нет: вход 21 000 KZT от 1, выход 0 KZT к 0; передано 0%.",0.2163,peripheral,2
100000008695495100,1,False,1,0,21000.0,0.0,1,0,0.0,False,1,1,0,0.0,0.0,5.95500058530398e-11,0,1,,,1,2026-07-10,2026-07-10,21000.0,1.0,21000.0,8.297647396084068e-05,,peripheral,0.8,"Признаков роли нет: вход 21 000 KZT от 1, выход 0 KZT к 0; передано 0%.",0.2163,peripheral,2
100000002243354100,1,False,1,0,20879.0,0.0,1,0,0.0,False,1,1,0,0.0,0.0,5.95500058530398e-11,0,1,,,1,2026-07-15,2026-07-15,20879.0,1.0,20879.0,8.249837142039964e-05,,peripheral,0.8,"Признаков роли нет: вход 20 879 KZT от 1, выход 0 KZT к 0; передано 0%.",0.2153,peripheral,2
100000001145749100,3,False,1,0,10000.0,0.0,1,0,0.0,False,0,10,0,0.0,0.0,0.0,0,0,,,1,2026-07-20,2026-07-20,10000.0,1.0,10000.0,3.9512606648019366e-05,,peripheral,0.8,"Признаков роли нет: вход 10 000 KZT от 1, выход 0 KZT к 0; передано 0%.",0.2151,peripheral,3
100000004981068100,4,False,1,0,10000.0,0.0,1,0,0.0,True,0,7,0,0.0,0.0,6.342137165769189e-08,0,0,,,1,2026-07-10,2026-07-10,10000.0,0.5278816967087832,5894.584990406644,2.3291041807946825e-05,0.2792924559304471,truncated,1.0,"Граница обхода, глубина 4: исходящие не выгружены. Получил 10 000 KZT от 1; P(переводит дальше)=28%.",0.2151,peripheral,6
100000006557763100,2,False,1,0,10000.0,0.0,1,0,0.0,False,0,10,0,0.0,0.0,0.0,0,0,,,1,2026-07-06,2026-07-06,10000.0,1.0,10000.0,3.9512606648019366e-05,,peripheral,0.8,"Признаков роли нет: вход 10 000 KZT от 1, выход 0 KZT к 0; передано 0%.",0.2151,peripheral,3
100000005037490100,3,False,1,2,15000.0,30000.0,1,3,2.0,False,0,7,0,1.9418391435934565e-05,0.0002228539887985703,4.259945964858586e-08,1,0,0.4666666666666667,0.0,1,2026-07-24,2026-07-24,45000.0,0.4762776808774982,7743.060808492731,2.4447715821730824e-05,,peripheral,0.8,"Признаков роли нет: вход 15 000 KZT от 1, выход 30 000 KZT к 2; передано 200% (возможны поступления вне выборки).",0.2149,peripheral,13
100000001429930100,0,True,1,0,26000.0,0.0,1,0,0.0,False,0,7,0,0.0,0.0,4.259945964858586e-08,0,0,,,1,2026-07-23,2026-07-23,26000.0,1.0,13421.3054013874,5.3031076102785655e-05,,peripheral,0.8,"Признаков роли нет: вход 26 000 KZT от 1, выход 0 KZT к 0; передано 0%.",0.2143,peripheral,13
100000002982252100,1,False,1,0,20320.0,0.0,1,0,0.0,False,1,1,0,0.0,0.0,5.95500058530398e-11,0,1,,,1,2026-07-21,2026-07-21,20320.0,1.0,20320.0,8.028961670877536e-05,,peripheral,0.8,"Признаков роли нет: вход 20 320 KZT от 1, выход 0 KZT к 0; передано 0%.",0.2132,peripheral,2
100000008745643100,1,False,1,0,20313.0,0.0,1,0,0.0,False,1,1,0,0.0,0.0,5.95500058530398e-11,0,1,,,1,2026-07-22,2026-07-22,20313.0,1.0,20313.0,8.026195788412175e-05,,peripheral,0.8,"Признаков роли нет: вход 20 313 KZT от 1, выход 0 KZT к 0; передано 0%.",0.213,peripheral,2
100000003951827100,3,False,1,2,9000.0,17000.0,1,2,1.8888888888888888,False,0,7,0,1.3265244417163455e-06,0.00016424358625309192,0.0029057815328092595,0,0,0.0,14.5,1,2026-07-07,2026-07-07,26000.0,0.6659430358381553,6809.7807308459705,7.143814300104682e-05,,peripheral,0.8,"Признаков роли нет: вход 9 000 KZT от 1, выход 17 000 KZT к 2; передано 189% (возможны поступления вне выборки).",0.2125,peripheral,1
100000003632533100,4,False,1,0,10000.0,0.0,1,0,0.0,True,0,7,0,0.0,0.0,1.23619985386e-313,0,0,,,1,2026-07-19,2026-07-19,10000.0,0.5302639840632501,5582.762807107589,2.2058951080617468e-05,0.29786071584112134,truncated,1.0,"Граница обхода, глубина 4: исходящие не выгружены. Получил 10 000 KZT от 1; P(переводит дальше)=30%.",0.2124,peripheral,8
100000001138376100,2,False,1,0,15300.0,0.0,1,0,0.0,False,0,7,0,0.0,0.0,3.5676348106616587e-05,0,0,,,1,2026-07-31,2026-07-31,15300.0,0.9795583123763397,15192.567341232123,6.0029793732789284e-05,,peripheral,0.8,"Признаков роли нет: вход 15 300 KZT от 1, выход 0 KZT к 0; передано 0%.",0.2124,peripheral,15
100000003646145100,4,False,1,0,5000.0,0.0,1,0,0.0,True,0,8,0,0.0,0.0,9.380458298223593e-242,0,0,,,1,2026-07-01,2026-07-01,5000.0,0.6336065272838387,3703.457541409948,1.463332610712223e-05,0.258108403860613,truncated,1.0,"Граница обхода, глубина 4: исходящие не выгружены. Получил 5 000 KZT от 1; P(переводит дальше)=26%.",0.2119,peripheral,31
100000002459163100,2,False,1,0,20180.0,0.0,1,0,0.0,False,0,1,0,0.0,0.0,7.983534595344914e-303,0,11,,,1,2026-07-17,2026-07-17,20180.0,1.0,20180.0,7.97364402157031e-05,,peripheral,0.8,"Признаков роли нет: вход 20 180 KZT от 1, выход 0 KZT к 0; передано 0%.",0.2119,peripheral,55
100000004285800100,2,False,1,1,5000.0,15000.0,1,1,3.0,False,0,10,0,0.0,0.0,0.0,0,0,0.0,,1,2026-07-17,2026-07-17,20000.0,0.7783056090429629,3931.625311367924,6.166420151469521e-05,,peripheral,0.8,"Признаков роли нет: вход 5 000 KZT от 1, выход 15 000 KZT к 1; передано 300% (возможны поступления вне выборки).",0.2115,peripheral,1
100000001298099100,3,False,1,0,19000.0,0.0,1,0,0.0,False,0,7,0,0.0,0.0,6.407022137400362e-07,0,0,,,1,2026-07-06,2026-07-06,19000.0,0.7340348423324576,14205.16567528167,5.61283123697383e-05,,peripheral,0.8,"Признаков роли нет: вход 19 000 KZT от 1, выход 0 KZT к 0; передано 0%.",0.2111,peripheral,9
100000008778010100,4,False,1,0,76950.0,0.0,2,0,0.0,True,0,1,0,0.0,0.0,0.0,0,1,,,1,2026-07-30,2026-07-30,76950.0,0.06726664348977997,5176.168216538568,2.0452389868359188e-05,0.33275315841865655,truncated,1.0,"Граница обхода, глубина 4: исходящие не выгружены. Получил 76 950 KZT от 1; P(переводит дальше)=33%.",0.2109,peripheral,2
100000001530740100,2,False,1,0,15000.0,0.0,1,0,0.0,False,0,7,0,0.0,0.0,0.0,0,0,,,1,2026-07-02,2026-07-02,15000.0,1.0,15000.0,5.926890997202905e-05,,peripheral,0.8,"Признаков роли нет: вход 15 000 KZT от 1, выход 0 KZT к 0; передано 0%.",0.2108,peripheral,7
100000002728246100,4,False,1,0,10000.0,0.0,1,0,0.0,True,0,7,0,0.0,0.0,0.0,0,0,,,1,2026-07-27,2026-07-27,10000.0,0.5119191887828877,5403.576910379955,2.135094089520284e-05,0.31494746586056177,truncated,1.0,"Граница обхода, глубина 4: исходящие не выгружены. Получил 10 000 KZT от 1; P(переводит дальше)=31%.",0.2102,peripheral,8
100000002981489100,4,False,1,0,10000.0,0.0,1,0,0.0,True,0,7,0,0.0,0.0,3.8798761239758137e-256,0,0,,,1,2026-07-04,2026-07-04,10000.0,0.5119191887828877,5403.576910379955,2.135094089520284e-05,0.26731540355858285,truncated,1.0,"Граница обхода, глубина 4: исходящие не выгружены. Получил 10 000 KZT от 1; P(переводит дальше)=27%.",0.2102,peripheral,8
100000002289937100,1,False,1,0,20000.0,0.0,1,0,0.0,False,1,1,0,0.0,0.0,5.95500058530398e-11,0,1,,,1,2026-07-02,2026-07-02,20000.0,1.0,20000.0,7.902521329603873e-05,,peripheral,0.8,"Признаков роли нет: вход 20 000 KZT от 1, выход 0 KZT к 0; передано 0%.",0.2092,peripheral,2
100000002597074100,4,False,1,0,8000.0,0.0,1,0,0.0,True,0,7,0,0.0,0.0,9.023756758629543e-290,0,0,,,1,2026-07-24,2026-07-24,8000.0,0.6723757538580283,5542.52800104468,2.1899972874073533e-05,0.307285329965713,truncated,1.0,"Граница обхода, глубина 4: исходящие не выгружены. Получил 8 000 KZT от 1; P(переводит дальше)=31%.",0.2092,peripheral,1
100000008693069100,1,False,1,0,20000.0,0.0,1,0,0.0,False,1,1,0,0.0,0.0,5.95500058530398e-11,0,1,,,1,2026-07-09,2026-07-09,20000.0,1.0,20000.0,7.902521329603873e-05,,peripheral,0.8,"Признаков роли нет: вход 20 000 KZT от 1, выход 0 KZT к 0; передано 0%.",0.2092,peripheral,2
100000005056870100,1,False,1,0,20000.0,0.0,1,0,0.0,False,1,1,0,0.0,0.0,2.91876993847384e-271,0,5,,,1,2026-07-20,2026-07-20,20000.0,1.0,20000.0,7.902521329603873e-05,,peripheral,0.8,"Признаков роли нет: вход 20 000 KZT от 1, выход 0 KZT к 0; передано 0%.",0.2092,peripheral,44
100000007175718100,1,False,1,0,20000.0,0.0,1,0,0.0,False,1,1,0,0.0,0.0,2.91876993847384e-271,0,5,,,1,2026-07-13,2026-07-13,20000.0,1.0,20000.0,7.902521329603873e-05,,peripheral,0.8,"Признаков роли нет: вход 20 000 KZT от 1, выход 0 KZT к 0; передано 0%.",0.2092,peripheral,44
100000005669845100,1,False,1,0,20000.0,0.0,1,0,0.0,False,1,1,0,0.0,0.0,2.6231749817115585e-266,0,3,,,1,2026-07-04,2026-07-04,20000.0,1.0,20000.0,7.902521329603873e-05,,peripheral,0.8,"Признаков роли нет: вход 20 000 KZT от 1, выход 0 KZT к 0; передано 0%.",0.2092,peripheral,28
100000001677389100,3,False,1,1,11000.0,5400.0,1,1,0.4909090909090909,False,0,7,0,1.922024458454748e-05,0.0,1.8692187265548473e-05,0,0,0.0,,1,2026-07-18,2026-07-18,16400.0,0.6883183798239292,8332.162420482271,4.760906245560829e-05,,peripheral,0.8,"Признаков роли нет: вход 11 000 KZT от 1, выход 5 400 KZT к 1; передано 49%.",0.2089,peripheral,16
100000005392290100,0,True,0,1,0.0,81465.0,0,1,,False,0,0,0,0.0,0.0,0.0,0,15,0.0,,0,,,81465.0,1.0,0.0,0.0003218894500580898,,peripheral,0.8,"Признаков роли нет: вход 0 KZT от 0, выход 81 465 KZT к 1; передано н/д.",0.2088,peripheral,68
100000008289539100,2,False,1,0,14912.0,0.0,1,0,0.0,False,0,7,0,0.0,0.0,3.5676348106616587e-05,0,0,,,1,2026-07-29,2026-07-29,14912.0,0.9795583123763397,14807.291777284536,5.8507469551823293e-05,,peripheral,0.8,"Признаков роли нет: вход 14 912 KZT от 1, выход 0 KZT к 0; передано 0%.",0.2087,peripheral,15
100000004041294100,4,False,1,0,17800.0,0.0,2,0,0.0,True,0,7,0,0.0,0.0,2.0657129242753332e-08,0,0,,,1,2026-07-13,2026-07-13,17800.0,0.2622063603196312,4667.273213689435,1.8441613061115523e-05,0.288360961270951,truncated,1.0,"Граница обхода, глубина 4: исходящие не выгружены. Получил 17 800 KZT от 1; P(переводит дальше)=29%.",0.2085,peripheral,24
100000004856746100,4,False,1,0,20000.0,0.0,1,0,0.0,True,0,7,0,0.0,0.0,1.4683800802737826e-07,0,0,,,1,2026-07-31,2026-07-31,20000.0,0.20502278153835488,4433.541816899568,1.7518079386832917e-05,0.32750331435383995,truncated,1.0,"Граница обхода, глубина 4: исходящие не выгружены. Получил 20 000 KZT от 1; P(переводит дальше)=33%.",0.2082,peripheral,32
100000002893020100,3,False,1,0,18340.0,0.0,1,0,0.0,False,0,7,0,0.0,0.0,6.407022137400362e-07,0,0,,,1,2026-07-03,2026-07-03,18340.0,0.7340348423324576,13711.723078140307,5.417859204527863e-05,,peripheral,0.8,"Признаков роли нет: вход 18 340 KZT от 1, выход 0 KZT к 0; передано 0%.",0.2079,peripheral,9
100000004780083100,4,False,1,0,9999.0,0.0,1,0,0.0,True,0,7,0,0.0,0.0,1.23619985386e-313,0,0,,,1,2026-07-26,2026-07-26,9999.0,0.4800907499107324,5256.233216081157,2.0768747551710782e-05,0.3127821931962958,truncated,1.0,"Граница обхода, глубина 4: исходящие не выгружены. Получил 9 999 KZT от 1; P(переводит дальше)=31%.",0.2074,peripheral,58
100000001819396100,3,False,1,0,166080.0,0.0,1,0,0.0,False,0,7,0,0.0,0.0,2.8321519604650354e-232,0,0,,,1,2026-07-16,2026-07-16,166080.0,0.007983762130823174,2135.1679136861876,8.436604990052464e-06,,terminal,0.604,Признаки оседания: получил 166 080 KZT от 1 плательщиков; исходящих ≥5 000 KZT в наблюдаемой выборке 0.,0.2068,terminal,25
100000005370580100,0,True,1,0,24075.0,0.0,1,0,0.0,False,0,7,0,0.0,0.0,4.259945964858586e-08,0,0,,,1,2026-07-28,2026-07-28,24075.0,1.0,12427.612597630834,4.910473681446906e-05,,peripheral,0.8,"Признаков роли нет: вход 24 075 KZT от 1, выход 0 KZT к 0; передано 0%.",0.2067,peripheral,13
100000004433250100,4,False,1,0,8000.0,0.0,1,0,0.0,True,0,7,0,0.0,0.0,0.0,0,0,,,1,2026-07-25,2026-07-25,8000.0,0.6424778096295601,5327.5442867052425,2.1050516180020507e-05,0.30942914782188835,truncated,1.0,"Граница обхода, глубина 4: исходящие не выгружены. Получил 8 000 KZT от 1; P(переводит дальше)=31%.",0.2066,peripheral,1
100000002534091100,3,False,1,0,22200.0,0.0,1,0,0.0,False,0,7,0,0.0,0.0,0.00012159927962597201,0,0,,,1,2026-07-23,2026-07-23,22200.0,0.5431896657308133,12863.525100201387,5.082714073911806e-05,,peripheral,0.8,"Признаков роли нет: вход 22 200 KZT от 1, выход 0 KZT к 0; передано 0%.",0.2066,peripheral,6
100000004272302100,4,False,1,0,10000.0,0.0,1,0,0.0,True,0,7,0,0.0,0.0,1.23619985386e-313,0,0,,,1,2026-07-15,2026-07-15,10000.0,0.4806341162239948,5121.792679605775,2.023753794820508e-05,0.2895205217266032,truncated,1.0,"Граница обхода, глубина 4: исходящие не выгружены. Получил 10 000 KZT от 1; P(переводит дальше)=29%.",0.2063,peripheral,45
100000001498732100,4,False,1,0,5500.0,0.0,1,0,0.0,True,0,7,0,0.0,0.0,1.4075358594693281e-08,0,0,,,1,2026-07-20,2026-07-20,5500.0,0.9753224389956984,5364.273414476341,2.1195642537809657e-05,0.29682871419161155,truncated,1.0,"Граница обхода, глубина 4: исходящие не выгружены. Получил 5 500 KZT от 1; P(переводит дальше)=30%.",0.2046,peripheral,5
100000004848236100,4,False,1,0,7500.0,0.0,1,0,0.0,True,0,7,0,0.0,0.0,9.023756758629543e-290,0,0,,,1,2026-07-23,2026-07-23,7500.0,0.6723757538580283,5196.120000979388,2.0531224569495453e-05,0.3048067570743568,truncated,1.0,"Граница обхода, глубина 4: исходящие не выгружены. Получил 7 500 KZT от 1; P(переводит дальше)=30%.",0.2044,peripheral,1
100000000795033100,2,False,1,0,18200.0,0.0,1,0,0.0,False,0,7,0,0.0,0.0,0.0,0,0,,,1,2026-07-07,2026-07-07,18200.0,0.694217634574631,13000.023852507042,5.136648288985967e-05,,peripheral,0.8,"Признаков роли нет: вход 18 200 KZT от 1, выход 0 KZT к 0; передано 0%.",0.2033,peripheral,1
100000008321975100,4,False,1,0,5900.0,0.0,1,0,0.0,True,0,7,0,0.0,0.0,7.577905051749476e-255,0,0,,,1,2026-07-11,2026-07-11,5900.0,0.8747905098459389,5225.366020752041,2.064678321693894e-05,0.2786529980340057,truncated,1.0,"Граница обхода, глубина 4: исходящие не выгружены. Получил 5 900 KZT от 1; P(переводит дальше)=28%.",0.2032,peripheral,20
100000006161893100,2,False,1,0,14000.0,0.0,1,0,0.0,False,0,7,0,0.0,0.0,0.0,0,0,,,1,2026-07-16,2026-07-16,14000.0,1.0,14000.0,5.531764930722712e-05,,peripheral,0.8,"Признаков роли нет: вход 14 000 KZT от 1, выход 0 KZT к 0; передано 0%.",0.2032,peripheral,7
100000002578653100,3,False,1,0,20000.0,0.0,1,0,0.0,False,0,7,0,0.0,0.0,0.0,0,0,,,1,2026-07-18,2026-07-18,20000.0,0.5121792679605776,12511.965769255848,4.9438038183429776e-05,,peripheral,0.8,"Признаков роли нет: вход 20 000 KZT от 1, выход 0 KZT к 0; передано 0%.",0.2027,peripheral,45
100000001533161100,4,False,1,0,100000.0,0.0,1,0,0.0,True,0,7,0,0.0,0.0,7.661109122360097e-07,0,0,,,1,2026-07-21,2026-07-21,100000.0,0.011969295077907168,1203.0041873140772,4.7533831249325565e-06,0.31439400494989284,truncated,1.0,"Граница обхода, глубина 4: исходящие не выгружены. Получил 100 000 KZT от 1; P(переводит дальше)=31%.",0.2026,peripheral,43
100000003187359100,1,False,1,0,19072.0,0.0,1,0,0.0,False,1,1,0,0.0,0.0,5.95500058530398e-11,0,1,,,1,2026-07-22,2026-07-22,19072.0,1.0,19072.0,7.535844339910254e-05,,peripheral,0.8,"Признаков роли нет: вход 19 072 KZT от 1, выход 0 KZT к 0; передано 0%.",0.2026,peripheral,2
100000008679986100,1,False,1,0,19000.0,0.0,1,0,0.0,False,1,1,0,0.0,0.0,5.95500058530398e-11,0,1,,,1,2026-07-06,2026-07-06,19000.0,1.0,19000.0,7.50739526312368e-05,,peripheral,0.8,"Признаков роли нет: вход 19 000 KZT от 1, выход 0 KZT к 0; передано 0%.",0.2019,peripheral,2
100000008749063100,1,False,1,0,19000.0,0.0,1,0,0.0,False,1,1,0,0.0,0.0,5.95500058530398e-11,0,1,,,1,2026-07-23,2026-07-23,19000.0,1.0,19000.0,7.50739526312368e-05,,peripheral,0.8,"Признаков роли нет: вход 19 000 KZT от 1, выход 0 KZT к 0; передано 0%.",0.2019,peripheral,2
100000003024542100,2,False,1,0,8500.0,0.0,1,0,0.0,False,0,10,0,0.0,0.0,1.23619985386e-313,0,0,,,1,2026-07-14,2026-07-14,8500.0,1.0,8500.0,3.3585715650816464e-05,,peripheral,0.8,"Признаков роли нет: вход 8 500 KZT от 1, выход 0 KZT к 0; передано 0%.",0.2009,peripheral,3
100000000954884100,3,False,1,0,34000.0,0.0,1,0,0.0,False,0,7,0,0.0,0.0,2.3749511394193016e-243,0,0,,,1,2026-07-30,2026-07-30,34000.0,0.22416528827701415,10091.92886458023,3.987584155454868e-05,,peripheral,0.8,"Признаков роли нет: вход 34 000 KZT от 1, выход 0 KZT к 0; передано 0%.",0.2001,peripheral,33
100000006714366100,3,False,1,1,10500.0,5000.0,1,1,0.47619047619047616,False,0,7,0,1.922024458454748e-05,0.0,0.00025946007686321234,0,0,1.0,0.0,1,2026-07-21,2026-07-21,15500.0,0.6464047554220197,7635.8342554715155,4.294173995480168e-05,,peripheral,0.8,"Признаков роли нет: вход 10 500 KZT от 1, выход 5 000 KZT к 1; передано 48%.",0.1993,peripheral,13
100000005940652100,1,False,1,0,8395.0,0.0,1,0,0.0,False,1,10,0,0.0,0.0,1.4226681178871096e-08,0,0,,,1,2026-07-16,2026-07-16,8395.0,1.0,8395.0,3.317083328101226e-05,,peripheral,0.8,"Признаков роли нет: вход 8 395 KZT от 1, выход 0 KZT к 0; передано 0%.",0.1992,peripheral,38
100000008772058100,2,False,1,0,50000.0,0.0,1,0,0.0,False,0,1,0,0.0,0.0,7.619950610759462e-13,0,1,,,1,2026-07-29,2026-07-29,50000.0,0.2986981541591034,14934.90770795517,5.9011713358907286e-05,,peripheral,0.8,"Признаков роли нет: вход 50 000 KZT от 1, выход 0 KZT к 0; передано 0%.",0.1988,peripheral,2
100000002881669100,1,False,1,0,18600.0,0.0,1,0,0.0,False,1,1,0,0.0,0.0,1.0100033243240566e-05,0,0,,,1,2026-07-13,2026-07-13,18600.0,1.0,18600.0,7.349344836531602e-05,,peripheral,0.8,"Признаков роли нет: вход 18 600 KZT от 1, выход 0 KZT к 0; передано 0%.",0.1988,peripheral,10
100000003239859100,1,False,1,0,18600.0,0.0,1,0,0.0,False,1,1,0,0.0,0.0,1.0100033243240566e-05,0,0,,,1,2026-07-14,2026-07-14,18600.0,1.0,18600.0,7.349344836531602e-05,,peripheral,0.8,"Признаков роли нет: вход 18 600 KZT от 1, выход 0 KZT к 0; передано 0%.",0.1988,peripheral,10
100000004850609100,4,False,1,0,10000.0,0.0,1,0,0.0,True,0,7,0,0.0,0.0,5.553943429951723e-06,0,0,,,1,2026-07-26,2026-07-26,10000.0,0.4468974658841761,4630.846680164924,1.829768233206198e-05,0.31278273225436926,truncated,1.0,"Граница обхода, глубина 4: исходящие не выгружены. Получил 10 000 KZT от 1; P(переводит дальше)=31%.",0.198,peripheral,1
100000001325618100,4,False,1,0,9300.0,0.0,1,0,0.0,True,0,1,0,0.0,0.0,3.6873817911951947e-06,0,0,,,1,2026-07-29,2026-07-29,9300.0,0.9128732533190332,8489.721255867009,3.354510165344679e-05,0.31890566150060107,truncated,1.0,"Граница обхода, глубина 4: исходящие не выгружены. Получил 9 300 KZT от 1; P(переводит дальше)=32%.",0.1978,peripheral,9
100000003943483100,2,False,1,0,10000.0,0.0,1,0,0.0,False,0,8,0,0.0,0.0,0.0,0,0,,,1,2026-07-06,2026-07-06,10000.0,0.9532702695528171,9546.378705773657,3.7720230671410946e-05,,peripheral,0.8,"Признаков роли нет: вход 10 000 KZT от 1, выход 0 KZT к 0; передано 0%.",0.1978,peripheral,10
100000002130400100,4,False,1,0,10000.0,0.0,1,0,0.0,True,0,1,0,0.0,0.0,1.6242871664535976e-281,0,0,,,1,2026-07-31,2026-07-31,10000.0,0.834513120896186,8345.13120896186,3.297378868855983e-05,0.32368642595614955,truncated,1.0,"Граница обхода, глубина 4: исходящие не выгружены. Получил 10 000 KZT от 1; P(переводит дальше)=32%.",0.1974,peripheral,35
100000002597623100,3,False,1,0,16418.0,0.0,1,0,0.0,False,0,7,0,0.0,0.0,0.0029057815328092595,0,0,,,1,2026-07-20,2026-07-20,16418.0,0.6659430358381553,12422.553337669906,4.908474635951345e-05,,peripheral,0.8,"Признаков роли нет: вход 16 418 KZT от 1, выход 0 KZT к 0; передано 0%.",0.1973,peripheral,1
100000001202637100,4,False,1,0,10000.0,0.0,1,0,0.0,True,0,9,0,0.0,0.0,0.0,0,0,,,1,2026-07-10,2026-07-10,10000.0,0.15694395815079437,1608.4449531770363,6.355385274973245e-06,0.2792924559304471,truncated,1.0,"Граница обхода, глубина 4: исходящие не выгружены. Получил 10 000 KZT от 1; P(переводит дальше)=28%.",0.197,peripheral,9
100000008770483100,4,False,1,0,5000.0,0.0,1,0,0.0,True,0,9,0,0.0,0.0,3.088206810369692e-298,0,0,,,1,2026-07-29,2026-07-29,5000.0,0.3705082076015868,2124.3648598870195,8.393919308527438e-06,0.3155351963242773,truncated,1.0,"Граница обхода, глубина 4: исходящие не выгружены. Получил 5 000 KZT от 1; P(переводит дальше)=32%.",0.1969,peripheral,46
100000008060273100,2,False,1,0,10000.0,0.0,2,0,0.0,False,0,11,0,0.0,0.0,1.862578378996418e-253,0,0,,,1,2026-07-19,2026-07-28,10000.0,0.715347532061092,7465.905016438355,2.949973681853678e-05,,peripheral,0.8,"Признаков роли нет: вход 10 000 KZT от 1, выход 0 KZT к 0; передано 0%.",0.1968,peripheral,3
100000008655779100,3,False,1,2,47000.0,24704.0,1,2,0.5256170212765957,False,0,7,0,5.920977464216475e-05,6.3108052880698915e-257,2.91876993847384e-271,0,0,0.0,19.5,1,2026-07-06,2026-07-06,71704.0,0.05872641123280794,3715.547528094686,-0.0001671308434739459,,peripheral,0.8,"Признаков роли нет: вход 47 000 KZT от 1, выход 24 704 KZT к 2; передано 53%.",0.1961,peripheral,27
100000008557672100,2,False,1,0,49125.0,0.0,1,0,0.0,False,0,1,0,0.0,0.0,7.619950610759462e-13,0,1,,,1,2026-07-02,2026-07-02,49125.0,0.2986981541591034,14673.546823065954,5.797900837506488e-05,,peripheral,0.8,"Признаков роли нет: вход 49 125 KZT от 1, выход 0 KZT к 0; передано 0%.",0.1959,peripheral,2
100000006684930100,2,False,1,0,10000.0,0.0,1,0,0.0,False,0,10,0,0.0,0.0,4.876477610101951e-08,0,0,,,1,2026-07-27,2026-07-27,10000.0,0.7604369926548177,7705.903706777267,3.0448034203269124e-05,,peripheral,0.8,"Признаков роли нет: вход 10 000 KZT от 1, выход 0 KZT к 0; передано 0%.",0.1958,peripheral,13
100000003927792100,2,False,1,0,13067.0,0.0,1,0,0.0,False,0,7,0,0.0,0.0,3.5676348106616587e-05,0,0,,,1,2026-07-31,2026-07-31,13067.0,0.9795583123763397,12975.246892018311,5.1268582660473754e-05,,peripheral,0.8,"Признаков роли нет: вход 13 067 KZT от 1, выход 0 KZT к 0; передано 0%.",0.1958,peripheral,15
100000001103905100,1,False,1,0,18000.0,0.0,1,0,0.0,False,1,1,0,0.0,0.0,5.95500058530398e-11,0,1,,,1,2026-07-18,2026-07-18,18000.0,1.0,18000.0,7.112269196643486e-05,,peripheral,0.8,"Признаков роли нет: вход 18 000 KZT от 1, выход 0 KZT к 0; передано 0%.",0.1955,peripheral,2
100000008716222100,1,False,1,0,18000.0,0.0,1,0,0.0,False,1,1,0,0.0,0.0,5.95500058530398e-11,0,1,,,1,2026-07-15,2026-07-15,18000.0,1.0,18000.0,7.112269196643486e-05,,peripheral,0.8,"Признаков роли нет: вход 18 000 KZT от 1, выход 0 KZT к 0; передано 0%.",0.1955,peripheral,2
100000008777088100,1,False,1,0,18000.0,0.0,1,0,0.0,False,1,1,0,0.0,0.0,5.95500058530398e-11,0,1,,,1,2026-07-30,2026-07-30,18000.0,1.0,18000.0,7.112269196643486e-05,,peripheral,0.8,"Признаков роли нет: вход 18 000 KZT от 1, выход 0 KZT к 0; передано 0%.",0.1955,peripheral,2
100000000542087100,4,False,1,0,8506.91,0.0,1,0,0.0,True,0,7,0,0.0,0.0,2.3749511394193016e-243,0,0,,,1,2026-07-15,2026-07-15,8506.91,0.5119191887828877,4596.774245468034,1.8163053261103226e-05,0.28868710872215425,truncated,1.0,"Граница обхода, глубина 4: исходящие не выгружены. Получил 8 507 KZT от 1; P(переводит дальше)=29%.",0.1953,peripheral,34
100000002999140100,4,False,1,0,10000.0,0.0,2,0,0.0,True,0,7,0,0.0,0.0,2.369785348115211e-06,0,0,,,1,2026-07-07,2026-07-10,10000.0,0.3927865510357105,4420.1095570508105,1.7465005026935726e-05,0.2792924559304471,truncated,1.0,"Граница обхода, глубина 4: исходящие не выгружены. Получил 10 000 KZT от 1; P(переводит дальше)=28%.",0.1948,peripheral,10
100000000299820100,4,False,1,0,10000.0,0.0,1,0,0.0,True,0,7,0,0.0,0.0,0.0,0,0,,,1,2026-07-09,2026-07-09,10000.0,0.3927865510357105,4420.1095570508105,1.7465005026935726e-05,0.2772735996564577,truncated,1.0,"Граница обхода, глубина 4: исходящие не выгружены. Получил 10 000 KZT от 1; P(переводит дальше)=28%.",0.1948,peripheral,6
100000004177936100,4,False,1,0,10000.0,0.0,1,0,0.0,True,0,7,0,0.0,0.0,1.964772812673273e-05,0,0,,,1,2026-07-05,2026-07-05,10000.0,0.3927865510357105,4420.1095570508105,1.7465005026935726e-05,0.2692887692817201,truncated,1.0,"Граница обхода, глубина 4: исходящие не выгружены. Получил 10 000 KZT от 1; P(переводит дальше)=27%.",0.1948,peripheral,6
100000001639766100,3,False,1,0,20000.0,0.0,1,0,0.0,False,0,1,0,0.0,0.0,1.23619985386e-313,0,0,,,1,2026-07-27,2026-07-27,20000.0,0.8052336389375987,17742.045103250322,7.010344492962118e-05,,peripheral,0.8,"Признаков роли нет: вход 20 000 KZT от 1, выход 0 KZT к 0; передано 0%.",0.1948,peripheral,4
100000004265639100,4,False,1,0,10000.0,0.0,1,0,0.0,True,0,7,0,0.0,0.0,0.0,0,0,,,1,2026-07-27,2026-07-27,10000.0,0.3927865510357105,4420.1095570508105,1.7465005026935726e-05,0.31494746586056177,truncated,1.0,"Граница обхода, глубина 4: исходящие не выгружены. Получил 10 000 KZT от 1; P(переводит дальше)=31%.",0.1948,peripheral,6
100000008762843100,4,False,1,0,7000.0,0.0,1,0,0.0,True,0,8,0,0.0,0.0,3.090697396070124e-08,0,0,,,1,2026-07-27,2026-07-27,7000.0,0.23672686357039252,2186.1763519528595,8.638152625719662e-06,0.31302090851810244,truncated,1.0,"Граница обхода, глубина 4: исходящие не выгружены. Получил 7 000 KZT от 1; P(переводит дальше)=31%.",0.1946,peripheral,5
100000008762885100,4,False,1,0,7000.0,0.0,1,0,0.0,True,0,8,0,0.0,0.0,3.090697396070124e-08,0,0,,,1,2026-07-27,2026-07-27,7000.0,0.23672686357039252,2186.1763519528595,8.638152625719662e-06,0.31302090851810244,truncated,1.0,"Граница обхода, глубина 4: исходящие не выгружены. Получил 7 000 KZT от 1; P(переводит дальше)=31%.",0.1946,peripheral,5
100000003561031100,3,False,1,1,13300.0,5000.0,1,1,0.37593984962406013,False,0,7,0,1.922024458454748e-05,0.0,0.0016044117305492448,0,0,0.0,,1,2026-07-26,2026-07-26,18300.0,0.44201095570508103,7042.9611485753385,3.6561077863560324e-05,,peripheral,0.8,"Признаков роли нет: вход 13 300 KZT от 1, выход 5 000 KZT к 1; передано 38%.",0.1945,peripheral,6
100000002723439100,4,False,1,0,18000.0,0.0,2,0,0.0,True,0,8,0,0.0,0.0,6.728017735336456e-282,0,0,,,1,2026-07-02,2026-07-27,18000.0,0.07666499791621202,1379.9699624918164,5.452621031346278e-06,0.31813641727402736,truncated,1.0,"Граница обхода, глубина 4: исходящие не выгружены. Получил 18 000 KZT от 1; P(переводит дальше)=32%.",0.1943,peripheral,11
100000004449824100,4,False,1,0,9000.0,0.0,1,0,0.0,True,0,1,0,0.0,0.0,3.6873817911951947e-06,0,0,,,1,2026-07-28,2026-07-28,9000.0,0.9128732533190334,8215.8592798713,3.2463001600102196e-05,0.3165483799760675,truncated,1.0,"Граница обхода, глубина 4: исходящие не выгружены. Получил 9 000 KZT от 1; P(переводит дальше)=32%.",0.1941,peripheral,9
100000004263867100,4,False,1,0,9000.0,0.0,1,0,0.0,True,0,1,0,0.0,0.0,3.6873817911951947e-06,0,0,,,1,2026-07-30,2026-07-30,9000.0,0.9128732533190334,8215.8592798713,3.2463001600102196e-05,0.32091375032186364,truncated,1.0,"Граница обхода, глубина 4: исходящие не выгружены. Получил 9 000 KZT от 1; P(переводит дальше)=32%.",0.1941,peripheral,9
100000005661528100,3,False,1,0,25000.0,0.0,1,0,0.0,False,0,7,0,0.0,0.0,0.0001302803722324665,0,0,,,1,2026-07-19,2026-07-19,25000.0,0.34642937421986486,10364.433864034869,4.0952579839872064e-05,,peripheral,0.8,"Признаков роли нет: вход 25 000 KZT от 1, выход 0 KZT к 0; передано 0%.",0.1938,peripheral,6
100000005496254100,1,False,1,0,12700.0,0.0,1,0,0.0,False,1,7,0,0.0,0.0,0.0021516815362503513,0,0,,,1,2026-07-17,2026-07-17,12700.0,1.0,12700.0,5.01810104429846e-05,,peripheral,0.8,"Признаков роли нет: вход 12 700 KZT от 1, выход 0 KZT к 0; передано 0%.",0.1938,peripheral,1
100000002742067100,2,False,1,0,12730.0,0.0,1,0,0.0,False,0,7,0,0.0,0.0,3.5676348106616587e-05,0,0,,,1,2026-07-30,2026-07-30,12730.0,0.9795583123763397,12640.613219208164,4.9946357792006525e-05,,peripheral,0.8,"Признаков роли нет: вход 12 730 KZT от 1, выход 0 KZT к 0; передано 0%.",0.1937,peripheral,15
100000003009900100,3,False,1,0,15998.0,0.0,1,0,0.0,False,0,7,0,0.0,0.0,6.407022137400362e-07,0,0,,,1,2026-07-02,2026-07-02,15998.0,0.7340348423324576,11960.749498587165,4.7260039015272544e-05,,peripheral,0.8,"Признаков роли нет: вход 15 998 KZT от 1, выход 0 KZT к 0; передано 0%.",0.1936,peripheral,9
100000003792647100,4,False,1,0,8000.0,0.0,1,0,0.0,True,0,7,0,0.0,0.0,1.23619985386e-313,0,0,,,1,2026-07-29,2026-07-29,8000.0,0.5302639840632501,4466.210245686071,1.7647160864446874e-05,0.3180860858246969,truncated,1.0,"Граница обхода, глубина 4: исходящие не выгружены. Получил 8 000 KZT от 1; P(переводит дальше)=32%.",0.1932,peripheral,8
100000001297206100,4,False,1,0,6758.0,0.0,1,0,0.0,True,0,7,0,0.0,0.0,1.821719827915924e-06,0,0,,,1,2026-07-16,2026-07-16,6758.0,0.6566599498858338,4521.640933794231,1.786618196201057e-05,0.28956692429126735,truncated,1.0,"Граница обхода, глубина 4: исходящие не выгружены. Получил 6 758 KZT от 1; P(переводит дальше)=29%.",0.1931,peripheral,1
100000003481025100,4,False,1,0,9000.0,0.0,1,0,0.0,True,0,7,0,0.0,0.0,0.0,0,0,,,1,2026-07-08,2026-07-08,9000.0,0.4468974658841761,4167.762012148432,1.6467914098879333e-05,0.2747369897124929,truncated,1.0,"Граница обхода, глубина 4: исходящие не выгружены. Получил 9 000 KZT от 1; P(переводит дальше)=27%.",0.1912,peripheral,1
100000000907277100,1,False,1,0,17534.0,0.0,1,0,0.0,False,1,1,0,0.0,0.0,5.95500058530398e-11,0,1,,,1,2026-07-24,2026-07-24,17534.0,1.0,17534.0,6.928140449663716e-05,,peripheral,0.8,"Признаков роли нет: вход 17 534 KZT от 1, выход 0 KZT к 0; передано 0%.",0.1904,peripheral,2
100000008691027100,1,False,1,0,17534.0,0.0,1,0,0.0,False,1,1,0,0.0,0.0,5.95500058530398e-11,0,1,,,1,2026-07-09,2026-07-09,17534.0,1.0,17534.0,6.928140449663716e-05,,peripheral,0.8,"Признаков роли нет: вход 17 534 KZT от 1, выход 0 KZT к 0; передано 0%.",0.1904,peripheral,2
100000008667058100,1,False,1,0,17534.0,0.0,1,0,0.0,False,1,1,0,0.0,0.0,5.95500058530398e-11,0,1,,,1,2026-07-03,2026-07-03,17534.0,1.0,17534.0,6.928140449663716e-05,,peripheral,0.8,"Признаков роли нет: вход 17 534 KZT от 1, выход 0 KZT к 0; передано 0%.",0.1904,peripheral,2
100000008729801100,1,False,1,0,17534.0,0.0,1,0,0.0,False,1,1,0,0.0,0.0,5.95500058530398e-11,0,1,,,1,2026-07-18,2026-07-18,17534.0,1.0,17534.0,6.928140449663716e-05,,peripheral,0.8,"Признаков роли нет: вход 17 534 KZT от 1, выход 0 KZT к 0; передано 0%.",0.1904,peripheral,2
100000005367180100,4,False,1,0,7700.0,0.0,1,0,0.0,True,0,7,0,0.0,0.0,0.0,0,0,,,1,2026-07-23,2026-07-23,7700.0,0.46827393130325023,4161.212301628284,1.644203448536679e-05,0.3049466162699752,truncated,1.0,"Граница обхода, глубина 4: исходящие не выгружены. Получил 7 700 KZT от 1; P(переводит дальше)=30%.",0.1899,peripheral,6
100000005834479100,2,False,1,2,7500.0,14470.0,1,2,1.9293333333333333,False,0,7,0,1.9811752130374257e-06,0.0027141374993078287,0.0001421681899391104,0,0,0.0,,1,2026-07-15,2026-07-15,21970.0,0.623412894157695,5113.988943167287,5.692220673010052e-05,,peripheral,0.8,"Признаков роли нет: вход 7 500 KZT от 1, выход 14 470 KZT к 2; передано 193% (возможны поступления вне выборки).",0.1896,peripheral,6
100000003093299100,3,False,1,0,15000.0,0.0,1,0,0.0,False,0,7,0,0.0,0.0,0.0029057815328092595,0,0,,,1,2026-07-22,2026-07-22,15000.0,0.6659430358381553,11349.63455140995,4.4845364562847136e-05,,peripheral,0.8,"Признаков роли нет: вход 15 000 KZT от 1, выход 0 KZT к 0; передано 0%.",0.1885,peripheral,1
100000003241965100,3,False,1,0,15000.0,0.0,1,0,0.0,False,0,7,0,0.0,0.0,6.407022137400362e-07,0,0,,,1,2026-07-06,2026-07-06,15000.0,0.7340348423324576,11214.604480485528,4.431182555501317e-05,,peripheral,0.8,"Признаков роли нет: вход 15 000 KZT от 1, выход 0 KZT к 0; передано 0%.",0.1881,peripheral,9
100000006787636100,2,False,1,0,20000.0,0.0,1,0,0.0,False,0,7,0,0.0,0.0,1.23619985386e-313,0,0,,,1,2026-07-07,2026-07-07,20000.0,0.492384104043639,10302.304189493903,4.0707089300690406e-05,,peripheral,0.8,"Признаков роли нет: вход 20 000 KZT от 1, выход 0 KZT к 0; передано 0%.",0.1879,peripheral,53
100000005602999100,2,False,1,2,5000.0,16000.0,1,3,3.2,False,0,8,0,4.200713249406253e-05,5.3540688490185076e-05,1.6242871664535988e-281,1,0,0.6875,2.0,1,2026-07-26,2026-07-26,21000.0,0.3235764769337134,1617.8823846685668,8.069470280082665e-06,,peripheral,0.8,"Признаков роли нет: вход 5 000 KZT от 1, выход 16 000 KZT к 2; передано 320% (возможны поступления вне выборки).",0.1877,peripheral,11
100000004491881100,1,False,1,0,17144.0,0.0,1,0,0.0,False,1,1,0,0.0,0.0,5.95500058530398e-11,0,1,,,1,2026-07-16,2026-07-16,17144.0,1.0,17144.0,6.77404128373644e-05,,peripheral,0.8,"Признаков роли нет: вход 17 144 KZT от 1, выход 0 KZT к 0; передано 0%.",0.1872,peripheral,2
100000003084870100,4,False,1,0,6500.0,0.0,1,0,0.0,True,0,2,0,0.0,0.0,0.0,0,0,,,1,2026-07-08,2026-07-08,6500.0,0.9002021292975896,6212.42455679174,2.4546908784300978e-05,0.27311397031064943,truncated,1.0,"Граница обхода, глубина 4: исходящие не выгружены. Получил 6 500 KZT от 1; P(переводит дальше)=27%.",0.1872,peripheral,12
100000001111763100,1,False,1,0,17144.0,0.0,1,0,0.0,False,1,1,0,0.0,0.0,5.95500058530398e-11,0,1,,,1,2026-07-07,2026-07-07,17144.0,1.0,17144.0,6.77404128373644e-05,,peripheral,0.8,"Признаков роли нет: вход 17 144 KZT от 1, выход 0 KZT к 0; передано 0%.",0.1872,peripheral,2
100000008749406100,1,False,1,0,17144.0,0.0,1,0,0.0,False,1,1,0,0.0,0.0,5.95500058530398e-11,0,1,,,1,2026-07-23,2026-07-23,17144.0,1.0,17144.0,6.77404128373644e-05,,peripheral,0.8,"Признаков роли нет: вход 17 144 KZT от 1, выход 0 KZT к 0; передано 0%.",0.1872,peripheral,2
100000008767925100,1,False,1,0,17144.0,0.0,1,0,0.0,False,1,1,0,0.0,0.0,5.95500058530398e-11,0,1,,,1,2026-07-28,2026-07-28,17144.0,1.0,17144.0,6.77404128373644e-05,,peripheral,0.8,"Признаков роли нет: вход 17 144 KZT от 1, выход 0 KZT к 0; передано 0%.",0.1872,peripheral,2
100000008724279100,1,False,1,0,11750.0,0.0,1,0,0.0,False,1,7,0,0.0,0.0,0.0002952416008836587,0,0,,,1,2026-07-20,2026-07-20,11750.0,1.0,11750.0,4.642731281142276e-05,,peripheral,0.8,"Признаков роли нет: вход 11 750 KZT от 1, выход 0 KZT к 0; передано 0%.",0.1867,peripheral,7
100000001299443100,4,False,1,0,8000.0,0.0,1,0,0.0,True,0,1,0,0.0,0.0,3.6873817911951947e-06,0,0,,,1,2026-07-24,2026-07-24,8000.0,0.9128732533190332,7302.986026552266,2.885600142232615e-05,0.307285329965713,truncated,1.0,"Граница обхода, глубина 4: исходящие не выгружены. Получил 8 000 KZT от 1; P(переводит дальше)=31%.",0.1867,peripheral,9
100000002653187100,4,False,1,0,15000.0,0.0,1,0,0.0,True,0,8,0,0.0,0.0,3.088206810369692e-298,0,0,,,1,2026-07-31,2026-07-31,15000.0,0.04808368454832481,1103.665606627638,4.360870498524185e-06,0.32591633195850545,truncated,1.0,"Граница обхода, глубина 4: исходящие не выгружены. Получил 15 000 KZT от 1; P(переводит дальше)=33%.",0.1864,peripheral,10
100000005561741100,2,False,1,0,25000.0,0.0,1,0,0.0,False,0,9,0,0.0,0.0,9.023756758629543e-290,0,0,,,1,2026-07-10,2026-07-10,25000.0,0.20926860449196816,5456.6653252859005,2.1560707060783353e-05,,peripheral,0.8,"Признаков роли нет: вход 25 000 KZT от 1, выход 0 KZT к 0; передано 0%.",0.1862,peripheral,9
100000008758607100,4,False,1,0,5000.0,0.0,1,0,0.0,True,0,8,0,0.0,0.0,1.276147972494963e-06,0,0,,,1,2026-07-28,2026-07-28,5000.0,0.30249927077752825,1784.1872087190216,7.049788736426888e-06,0.3133682709487838,truncated,1.0,"Граница обхода, глубина 4: исходящие не выгружены. Получил 5 000 KZT от 1; P(переводит дальше)=31%.",0.1858,peripheral,5
100000008775747100,4,False,1,0,5000.0,0.0,1,0,0.0,True,0,8,0,0.0,0.0,1.276147972494963e-06,0,0,,,1,2026-07-31,2026-07-31,5000.0,0.30249927077752825,1784.1872087190216,7.049788736426888e-06,0.31989313415701237,truncated,1.0,"Граница обхода, глубина 4: исходящие не выгружены. Получил 5 000 KZT от 1; P(переводит дальше)=32%.",0.1858,peripheral,5
100000008766764100,4,False,1,0,5000.0,0.0,1,0,0.0,True,0,8,0,0.0,0.0,1.276147972494963e-06,0,0,,,1,2026-07-28,2026-07-28,5000.0,0.30249927077752825,1784.1872087190216,7.049788736426888e-06,0.3133682709487838,truncated,1.0,"Граница обхода, глубина 4: исходящие не выгружены. Получил 5 000 KZT от 1; P(переводит дальше)=31%.",0.1858,peripheral,5
100000002404112100,4,False,1,0,60000.0,0.0,1,0,0.0,True,0,7,0,0.0,0.0,4.0337773258533445e-08,0,0,,,1,2026-07-30,2026-07-30,60000.0,0.007629862125019349,479.0257278493904,1.8927555158355053e-06,0.3313691503166825,truncated,1.0,"Граница обхода, глубина 4: исходящие не выгружены. Получил 60 000 KZT от 1; P(переводит дальше)=33%.",0.1849,peripheral,25
100000008766031100,4,False,1,0,5000.0,0.0,1,0,0.0,True,0,8,0,0.0,0.0,3.309598923107044e-07,0,0,,,1,2026-07-29,2026-07-29,5000.0,0.28820617224407774,1720.4358397514145,6.797890459889722e-06,0.3155351963242773,truncated,1.0,"Граница обхода, глубина 4: исходящие не выгружены. Получил 5 000 KZT от 1; P(переводит дальше)=32%.",0.1846,peripheral,5
100000003001138100,4,False,1,0,30000.0,0.0,1,0,0.0,True,0,7,0,0.0,0.0,3.0386804526261044e-11,0,0,,,1,2026-07-15,2026-07-15,30000.0,0.05830610406029438,1761.792336984238,6.961300760621283e-06,0.2952204288262219,truncated,1.0,"Граница обхода, глубина 4: исходящие не выгружены. Получил 30 000 KZT от 1; P(переводит дальше)=30%.",0.1845,peripheral,27
100000001256409100,4,False,1,0,8000.0,0.0,1,0,0.0,True,0,1,0,0.0,0.0,0.0,0,0,,,1,2026-07-27,2026-07-27,8000.0,0.8946973593964336,7157.578875171469,2.828145986461431e-05,0.31374140920463056,truncated,1.0,"Граница обхода, глубина 4: исходящие не выгружены. Получил 8 000 KZT от 1; P(переводит дальше)=31%.",0.1841,peripheral,6
100000002945031100,3,False,1,0,15000.0,0.0,1,0,0.0,False,0,7,0,0.0,0.0,0.00025946007686321234,0,0,,,1,2026-07-08,2026-07-08,15000.0,0.6464047554220197,10908.334650673594,4.310167362367065e-05,,peripheral,0.8,"Признаков роли нет: вход 15 000 KZT от 1, выход 0 KZT к 0; передано 0%.",0.1837,peripheral,13
100000000018102100,4,False,1,0,7000.0,0.0,1,0,0.0,True,0,7,0,0.0,0.0,1.23619985386e-313,0,0,,,1,2026-07-18,2026-07-18,7000.0,0.48545785661686525,3670.2304385700804,1.4502037162641868e-05,0.2939031699252557,truncated,1.0,"Граница обхода, глубина 4: исходящие не выгружены. Получил 7 000 KZT от 1; P(переводит дальше)=29%.",0.1836,peripheral,1
100000008688881100,2,False,1,0,44211.0,0.0,1,0,0.0,False,0,1,0,0.0,0.0,7.619950610759462e-13,0,1,,,1,2026-07-08,2026-07-08,44211.0,0.2986981541591034,13205.74409352812,5.2179337186116806e-05,,peripheral,0.8,"Признаков роли нет: вход 44 211 KZT от 1, выход 0 KZT к 0; передано 0%.",0.1835,peripheral,2
100000004286573100,1,False,1,0,16590.0,0.0,1,0,0.0,False,1,1,0,0.0,0.0,1.0100033243240566e-05,0,0,,,1,2026-07-14,2026-07-14,16590.0,1.0,16590.0,6.555141442906413e-05,,peripheral,0.8,"Признаков роли нет: вход 16 590 KZT от 1, выход 0 KZT к 0; передано 0%.",0.1835,peripheral,10
100000004206046100,1,False,1,0,11075.0,0.0,1,0,0.0,False,1,7,0,0.0,0.0,0.0002952416008836587,0,0,,,1,2026-07-05,2026-07-05,11075.0,1.0,11075.0,4.376021186268145e-05,,peripheral,0.8,"Признаков роли нет: вход 11 075 KZT от 1, выход 0 KZT к 0; передано 0%.",0.183,peripheral,7
100000008255655100,4,False,1,0,5400.0,0.0,1,0,0.0,True,0,7,0,0.0,0.0,0.0,0,0,,,1,2026-07-02,2026-07-02,5400.0,0.6679792556793708,3716.9192510492176,1.4686516830936822e-05,0.2604094213314571,truncated,1.0,"Граница обхода, глубина 4: исходящие не выгружены. Получил 5 400 KZT от 1; P(переводит дальше)=26%.",0.183,peripheral,16
100000002793851100,1,False,1,0,11052.0,0.0,1,0,0.0,False,1,7,0,0.0,0.0,0.0002952416008836587,0,0,,,1,2026-07-04,2026-07-04,11052.0,1.0,11052.0,4.3669332867391004e-05,,peripheral,0.8,"Признаков роли нет: вход 11 052 KZT от 1, выход 0 KZT к 0; передано 0%.",0.1827,peripheral,7
100000005209352100,4,False,1,0,5000.0,0.0,1,0,0.0,True,0,7,0,0.0,0.0,0.0,0,0,,,1,2026-07-07,2026-07-07,5000.0,0.7465035198821421,3797.2187599972613,1.5003801121971889e-05,0.2698248550153534,truncated,1.0,"Граница обхода, глубина 4: исходящие не выгружены. Получил 5 000 KZT от 1; P(переводит дальше)=27%.",0.1826,peripheral,1
100000003214786100,4,False,1,0,5000.0,0.0,1,0,0.0,True,0,7,0,0.0,0.0,0.0,0,0,,,1,2026-07-22,2026-07-22,5000.0,0.7465035198821421,3797.2187599972613,1.5003801121971889e-05,0.3005392939760358,truncated,1.0,"Граница обхода, глубина 4: исходящие не выгружены. Получил 5 000 KZT от 1; P(переводит дальше)=30%.",0.1826,peripheral,1
100000004013952100,4,False,1,0,5500.0,0.0,1,0,0.0,True,0,7,0,0.0,0.0,0.0,0,0,,,1,2026-07-25,2026-07-25,5500.0,0.6566599498858338,3679.938611404006,1.454039668406408e-05,0.30742504392241216,truncated,1.0,"Граница обхода, глубина 4: исходящие не выгружены. Получил 5 500 KZT от 1; P(переводит дальше)=31%.",0.1822,peripheral,1
100000003594472100,3,False,1,0,20000.0,0.0,1,0,0.0,False,0,7,0,0.0,0.0,4.747355765062003e-05,0,0,,,1,2026-07-28,2026-07-28,20000.0,0.39582931483669814,9922.2093729289,3.920523560321774e-05,,peripheral,0.8,"Признаков роли нет: вход 20 000 KZT от 1, выход 0 KZT к 0; передано 0%.",0.1822,peripheral,30
100000002558173100,2,False,1,0,9300.0,0.0,1,0,0.0,False,0,8,0,0.0,0.0,4.870880269675223e-241,0,0,,,1,2026-07-23,2026-07-23,9300.0,0.7656303616192779,7749.472975053753,3.06201877392427e-05,,peripheral,0.8,"Признаков роли нет: вход 9 300 KZT от 1, выход 0 KZT к 0; передано 0%.",0.182,peripheral,31
100000000627521100,4,False,1,0,6500.0,0.0,1,0,0.0,True,0,7,0,0.0,0.0,3.8798761239758137e-256,0,0,,,1,2026-07-11,2026-07-11,6500.0,0.5119191887828877,3512.3249917469707,1.3878111581834743e-05,0.2791414148306804,truncated,1.0,"Граница обхода, глубина 4: исходящие не выгружены. Получил 6 500 KZT от 1; P(переводит дальше)=28%.",0.1817,peripheral,37
100000008762005100,4,False,1,0,5000.0,0.0,1,0,0.0,True,0,8,0,0.0,0.0,3.090697396070124e-08,0,0,,,1,2026-07-27,2026-07-27,5000.0,0.23672686357039252,1561.5545371091853,6.170109018337543e-06,0.3112094606945456,truncated,1.0,"Граница обхода, глубина 4: исходящие не выгружены. Получил 5 000 KZT от 1; P(переводит дальше)=31%.",0.1816,peripheral,5
100000002721825100,2,False,1,0,11000.0,0.0,1,0,0.0,False,0,7,0,0.0,0.0,0.0,0,0,,,1,2026-07-08,2026-07-08,11000.0,1.0,11000.0,4.346386731282131e-05,,peripheral,0.8,"Признаков роли нет: вход 11 000 KZT от 1, выход 0 KZT к 0; передано 0%.",0.1814,peripheral,1
100000008654653100,0,True,0,1,0.0,54000.0,0,1,,False,0,0,1,0.0,1.135280671152267e-08,0.0,0,0,0.0,,0,,,54000.0,1.0,0.0,0.0002133680758993046,,peripheral,0.8,"Признаков роли нет: вход 0 KZT от 0, выход 54 000 KZT к 1; передано н/д.",0.1812,peripheral,7
100000003036198100,2,False,1,0,15000.0,0.0,1,0,0.0,False,0,7,0,0.0,0.0,0.0001421681899391104,0,0,,,1,2026-07-02,2026-07-02,15000.0,0.623412894157695,10227.977886334575,4.0413406702676955e-05,,peripheral,0.8,"Признаков роли нет: вход 15 000 KZT от 1, выход 0 KZT к 0; передано 0%.",0.1807,peripheral,3
100000002891765100,3,False,1,0,55576.0,0.0,1,0,0.0,False,0,7,0,0.0,0.0,2.4413789354590045e-05,0,0,,,1,2026-07-03,2026-07-03,55576.0,0.08962681696565522,6566.4014127302435,2.5945563611401934e-05,,peripheral,0.8,"Признаков роли нет: вход 55 576 KZT от 1, выход 0 KZT к 0; передано 0%.",0.1805,peripheral,14
100000001389255100,1,False,1,0,16136.0,0.0,1,0,0.0,False,1,1,0,0.0,0.0,5.95500058530398e-11,0,1,,,1,2026-07-18,2026-07-18,16136.0,1.0,16136.0,6.375754208724405e-05,,peripheral,0.8,"Признаков роли нет: вход 16 136 KZT от 1, выход 0 KZT к 0; передано 0%.",0.1802,peripheral,2
100000004584730100,4,False,1,0,47000.0,0.0,1,0,0.0,True,0,7,0,0.0,0.0,7.661109122360097e-07,0,0,,,1,2026-07-28,2026-07-28,47000.0,0.011969295077907168,565.4119680376162,2.2340900686558905e-06,0.32558383647974903,truncated,1.0,"Граница обхода, глубина 4: исходящие не выгружены. Получил 47 000 KZT от 1; P(переводит дальше)=33%.",0.1798,peripheral,43
100000008474391100,3,False,1,0,20000.0,0.0,1,0,0.0,False,0,7,0,0.0,0.0,1.23619985386e-313,0,0,,,1,2026-07-06,2026-07-06,20000.0,0.44222463219611635,9476.287283844573,3.7443281192991066e-05,,peripheral,0.8,"Признаков роли нет: вход 20 000 KZT от 1, выход 0 KZT к 0; передано 0%.",0.1796,peripheral,21
100000000912487100,2,False,1,0,10000.0,0.0,1,0,0.0,False,0,9,0,0.0,0.0,0.0001427672909306537,0,0,,,1,2026-07-23,2026-07-23,10000.0,0.5957146489028127,6615.280054252735,2.6138695864972943e-05,,peripheral,0.8,"Признаков роли нет: вход 10 000 KZT от 1, выход 0 KZT к 0; передано 0%.",0.1795,peripheral,3
100000005025629100,4,False,1,0,5227.0,0.0,1,0,0.0,True,0,7,0,0.0,0.0,1.0823443362913924e-05,0,0,,,1,2026-07-27,2026-07-27,5227.0,0.6426246989670265,3467.840175503346,1.370234047719259e-05,0.31144815707445966,truncated,1.0,"Граница обхода, глубина 4: исходящие не выгружены. Получил 5 227 KZT от 1; P(переводит дальше)=31%.",0.1793,peripheral,8
100000008259451100,3,False,1,0,55000.0,0.0,1,0,0.0,False,0,7,0,0.0,0.0,2.4413789354590045e-05,0,0,,,1,2026-07-03,2026-07-03,55000.0,0.08962681696565522,6498.346007272265,2.567665896486783e-05,,peripheral,0.8,"Признаков роли нет: вход 55 000 KZT от 1, выход 0 KZT к 0; передано 0%.",0.1792,peripheral,14
100000004064431100,3,False,1,1,26000.0,10000.0,1,1,0.38461538461538464,False,0,1,0,9.90734256935437e-07,0.0,3.403941910066223e-179,0,2,1.0,2.0,1,2026-07-24,2026-07-24,36000.0,0.335983500332423,10111.936241254334,5.3230479803822816e-05,,peripheral,0.8,"Признаков роли нет: вход 26 000 KZT от 1, выход 10 000 KZT к 1; передано 38%.",0.1789,peripheral,23
100000003786516100,4,False,1,0,5000.0,0.0,1,0,0.0,True,0,7,0,0.0,0.0,2.77264042489674e-05,0,0,,,1,2026-07-28,2026-07-28,5000.0,0.681909236518862,3497.178331097234,1.3818263177500382e-05,0.3133682709487838,truncated,1.0,"Граница обхода, глубина 4: исходящие не выгружены. Получил 5 000 KZT от 1; P(переводит дальше)=31%.",0.1788,peripheral,1
100000003650146100,3,False,1,0,14400.0,0.0,1,0,0.0,False,0,7,0,0.0,0.0,2.447514911523943e-05,0,0,,,1,2026-07-02,2026-07-02,14400.0,0.6122415724327214,10058.055383403276,3.974199860088322e-05,,peripheral,0.8,"Признаков роли нет: вход 14 400 KZT от 1, выход 0 KZT к 0; передано 0%.",0.1783,peripheral,7
100000000733373100,2,False,1,0,10710.0,0.0,1,0,0.0,False,0,7,0,0.0,0.0,1.7907846980216076e-06,0,0,,,1,2026-07-24,2026-07-24,10710.0,0.9973679998407046,10688.570917117015,4.2233329827682067e-05,,peripheral,0.8,"Признаков роли нет: вход 10 710 KZT от 1, выход 0 KZT к 0; передано 0%.",0.1781,peripheral,7
100000000957746100,4,False,1,0,5300.0,0.0,1,0,0.0,True,0,7,0,0.0,0.0,0.0,0,0,,,1,2026-07-06,2026-07-06,5300.0,0.5468900148565442,3256.9640499112875,1.2869113937065767e-05,0.26813562387857026,truncated,1.0,"Граница обхода, глубина 4: исходящие не выгружены. Получил 5 300 KZT от 1; P(переводит дальше)=27%.",0.1775,peripheral,16
100000005910895100,4,False,1,0,5100.0,0.0,1,0,0.0,True,0,8,0,0.0,0.0,0.0,0,0,,,1,2026-07-30,2026-07-30,5100.0,0.2541284766188996,1296.0552307563878,5.121052052738606e-06,0.3178178182967995,truncated,1.0,"Граница обхода, глубина 4: исходящие не выгружены. Получил 5 100 KZT от 1; P(переводит дальше)=32%.",0.1773,peripheral,11
100000004616845100,4,False,1,0,20200.0,0.0,2,0,0.0,True,0,7,0,0.0,0.0,1.23619985386e-313,0,0,,,1,2026-07-26,2026-07-27,20200.0,0.08079673372007973,1810.4617027062354,7.1536061110263514e-06,0.3187640521279571,truncated,1.0,"Граница обхода, глубина 4: исходящие не выгружены. Получил 20 200 KZT от 1; P(переводит дальше)=32%.",0.1773,peripheral,56
100000006735545100,4,False,1,0,5000.0,0.0,1,0,0.0,True,0,7,0,0.0,0.0,2.995296467708153e-05,0,0,,,1,2026-07-03,2026-07-03,5000.0,0.6382293779412199,3291.6185801072384,1.3006043019091873e-05,0.2619767758987699,truncated,1.0,"Граница обхода, глубина 4: исходящие не выгружены. Получил 5 000 KZT от 1; P(переводит дальше)=26%.",0.1766,peripheral,6
100000008732098100,1,False,1,0,15677.0,0.0,1,0,0.0,False,1,1,0,0.0,0.0,5.95500058530398e-11,0,1,,,1,2026-07-18,2026-07-18,15677.0,1.0,15677.0,6.194391344209997e-05,,peripheral,0.8,"Признаков роли нет: вход 15 677 KZT от 1, выход 0 KZT к 0; передано 0%.",0.1764,peripheral,2
100000008716773100,1,False,1,0,15677.0,0.0,1,0,0.0,False,1,1,0,0.0,0.0,5.95500058530398e-11,0,1,,,1,2026-07-15,2026-07-15,15677.0,1.0,15677.0,6.194391344209997e-05,,peripheral,0.8,"Признаков роли нет: вход 15 677 KZT от 1, выход 0 KZT к 0; передано 0%.",0.1764,peripheral,2
100000003134937100,1,False,1,0,10286.0,0.0,1,0,0.0,False,1,7,0,0.0,0.0,0.0002952416008836587,0,0,,,1,2026-07-21,2026-07-21,10286.0,1.0,10286.0,4.0642667198152725e-05,,peripheral,0.8,"Признаков роли нет: вход 10 286 KZT от 1, выход 0 KZT к 0; передано 0%.",0.1763,peripheral,7
100000004472936100,4,False,1,0,5000.0,0.0,1,0,0.0,True,0,7,0,0.0,0.0,0.0,0,0,,,1,2026-07-21,2026-07-21,5000.0,0.6315835235709054,3232.0237771100983,1.2770568418149792e-05,0.2984304508706798,truncated,1.0,"Граница обхода, глубина 4: исходящие не выгружены. Получил 5 000 KZT от 1; P(переводит дальше)=30%.",0.1762,peripheral,13
100000003005167100,4,False,1,0,7000.0,0.0,1,0,0.0,True,0,1,0,0.0,0.0,3.6873817911951947e-06,0,0,,,1,2026-07-26,2026-07-26,7000.0,0.9128732533190332,6390.1127732332325,2.5249001244432344e-05,0.3108634078636411,truncated,1.0,"Граница обхода, глубина 4: исходящие не выгружены. Получил 7 000 KZT от 1; P(переводит дальше)=31%.",0.1761,peripheral,9
100000004467157100,2,False,1,1,20000.0,7000.0,3,1,0.35,False,0,7,0,0.0,0.0009306950059719198,3.6495900757598262e-09,1,0,0.0,16.0,1,2026-07-09,2026-07-31,27000.0,0.6236917926849361,12629.418340310514,1.670552614593709e-05,,peripheral,0.8,"Признаков роли нет: вход 20 000 KZT от 1, выход 7 000 KZT к 1; передано 35%.",0.176,peripheral,32
100000003192309100,3,False,1,1,17200.0,213000.0,1,1,12.383720930232558,False,0,1,0,1.387027959709612e-06,0.0,3.0588951023382876e-10,0,1,0.0,16.0,1,2026-07-07,2026-07-07,230200.0,0.06726664348977997,1554.9320672291844,6.275679496077243e-05,,peripheral,0.8,"Признаков роли нет: вход 17 200 KZT от 1, выход 213 000 KZT к 1; передано 1238% (возможны поступления вне выборки).",0.1758,peripheral,2
100000002708624100,3,False,1,0,25000.0,0.0,1,0,0.0,False,0,7,0,0.0,0.0,2.5006816366679155e-06,0,0,,,1,2026-07-24,2026-07-24,25000.0,0.2622063603196312,8333.16185314231,3.2926494643718884e-05,,peripheral,0.8,"Признаков роли нет: вход 25 000 KZT от 1, выход 0 KZT к 0; передано 0%.",0.1757,peripheral,24
100000007597382100,3,False,1,0,15700.0,0.0,1,0,0.0,False,0,7,0,0.0,0.0,0.0029401739563140994,0,0,,,1,2026-07-10,2026-07-10,15700.0,0.5403576910379955,9721.095625254284,3.8410582762834564e-05,,peripheral,0.8,"Признаков роли нет: вход 15 700 KZT от 1, выход 0 KZT к 0; передано 0%.",0.1757,peripheral,8
100000001953577100,1,False,1,0,15600.0,0.0,1,0,0.0,False,1,1,0,0.0,0.0,5.95500058530398e-11,0,1,,,1,2026-07-20,2026-07-20,15600.0,1.0,15600.0,6.163966637091022e-05,,peripheral,0.8,"Признаков роли нет: вход 15 600 KZT от 1, выход 0 KZT к 0; передано 0%.",0.1756,peripheral,2
100000004800452100,4,False,1,0,6544.53,0.0,1,0,0.0,True,0,7,0,0.0,0.0,0.0,0,0,,,1,2026-07-24,2026-07-24,6544.53,0.398401667324641,2978.6814884016235,1.1769546998067813e-05,0.30621449107700865,truncated,1.0,"Граница обхода, глубина 4: исходящие не выгружены. Получил 6 545 KZT от 1; P(переводит дальше)=31%.",0.1756,peripheral,8
100000008778753100,4,False,1,0,10000.0,0.0,1,0,0.0,True,0,7,0,0.0,0.0,2.0657129242753332e-08,0,0,,,1,2026-07-30,2026-07-30,10000.0,0.2622063603196312,2622.0636031963118,1.0360456775903628e-05,0.3214898150475086,truncated,1.0,"Граница обхода, глубина 4: исходящие не выгружены. Получил 10 000 KZT от 1; P(переводит дальше)=32%.",0.1753,peripheral,24
100000001418900100,2,False,1,0,40140.0,0.0,2,0,0.0,False,0,1,0,0.0,0.0,7.619950610759462e-13,0,1,,,1,2026-07-18,2026-07-28,40140.0,0.2986981541591034,11989.74390794641,4.7374603484564165e-05,,peripheral,0.8,"Признаков роли нет: вход 40 140 KZT от 1, выход 0 KZT к 0; передано 0%.",0.1752,peripheral,2
100000001714883100,4,False,1,0,6900.0,0.0,1,0,0.0,True,0,1,0,0.0,0.0,3.6873817911951947e-06,0,0,,,1,2026-07-29,2026-07-29,6900.0,0.9128732533190332,6298.825447901329,2.4888301226690065e-05,0.31728205963859835,truncated,1.0,"Граница обхода, глубина 4: исходящие не выгружены. Получил 6 900 KZT от 1; P(переводит дальше)=32%.",0.1751,peripheral,9
100000008672162100,1,False,1,0,15550.0,0.0,1,0,0.0,False,1,1,0,0.0,0.0,5.95500058530398e-11,0,1,,,1,2026-07-03,2026-07-03,15550.0,1.0,15550.0,6.144210333767013e-05,,peripheral,0.8,"Признаков роли нет: вход 15 550 KZT от 1, выход 0 KZT к 0; передано 0%.",0.175,peripheral,2
100000005744674100,0,True,0,1,0.0,50066.0,0,2,,False,0,0,1,0.0,4.605582209465205e-07,0.0,0,0,0.0,,0,,,50066.0,1.0,0.0,0.00019782381644397378,,peripheral,0.8,"Признаков роли нет: вход 0 KZT от 0, выход 50 066 KZT к 1; передано н/д.",0.175,peripheral,18
100000001380107100,3,False,1,0,6000.0,0.0,1,0,0.0,False,0,10,0,0.0,0.0,3.283226523281586e-08,0,0,,,1,2026-07-22,2026-07-22,6000.0,1.0,6000.0,2.370756398881162e-05,,peripheral,0.8,"Признаков роли нет: вход 6 000 KZT от 1, выход 0 KZT к 0; передано 0%.",0.1744,peripheral,54
100000008720798100,1,False,1,0,15534.0,0.0,1,0,0.0,False,1,1,0,0.0,0.0,5.95500058530398e-11,0,1,,,1,2026-07-20,2026-07-20,15534.0,1.0,15534.0,6.137888316703329e-05,,peripheral,0.8,"Признаков роли нет: вход 15 534 KZT от 1, выход 0 KZT к 0; передано 0%.",0.1743,peripheral,2
100000004497606100,1,False,1,0,15534.0,0.0,1,0,0.0,False,1,1,0,0.0,0.0,5.95500058530398e-11,0,1,,,1,2026-07-15,2026-07-15,15534.0,1.0,15534.0,6.137888316703329e-05,,peripheral,0.8,"Признаков роли нет: вход 15 534 KZT от 1, выход 0 KZT к 0; передано 0%.",0.1743,peripheral,2
100000008331280100,4,False,1,0,41000.0,0.0,2,0,0.0,True,0,7,0,0.0,0.0,1.23619985386e-313,0,0,,,1,2026-07-05,2026-07-27,41000.0,0.0076298621250193484,327.33424736375014,1.29338293579934e-06,0.32263151111321015,truncated,1.0,"Граница обхода, глубина 4: исходящие не выгружены. Получил 41 000 KZT от 1; P(переводит дальше)=32%.",0.1743,peripheral,25
100000008670667100,1,False,1,0,15534.0,0.0,1,0,0.0,False,1,1,0,0.0,0.0,5.95500058530398e-11,0,1,,,1,2026-07-03,2026-07-03,15534.0,1.0,15534.0,6.137888316703329e-05,,peripheral,0.8,"Признаков роли нет: вход 15 534 KZT от 1, выход 0 KZT к 0; передано 0%.",0.1743,peripheral,2
100000008718089100,1,False,1,0,15534.0,0.0,1,0,0.0,False,1,1,0,0.0,0.0,5.95500058530398e-11,0,1,,,1,2026-07-15,2026-07-15,15534.0,1.0,15534.0,6.137888316703329e-05,,peripheral,0.8,"Признаков роли нет: вход 15 534 KZT от 1, выход 0 KZT к 0; передано 0%.",0.1743,peripheral,2
100000008074304100,4,False,1,0,5500.0,0.0,1,0,0.0,True,0,7,0,0.0,0.0,0.0,0,0,,,1,2026-07-03,2026-07-03,5500.0,0.5119191887828877,2971.967300708975,1.1743017492267355e-05,0.2624391109513131,truncated,1.0,"Граница обхода, глубина 4: исходящие не выгружены. Получил 5 500 KZT от 1; P(переводит дальше)=26%.",0.1742,peripheral,8
100000003194831100,4,False,1,0,6265.0,0.0,1,0,0.0,True,0,1,0,0.0,0.0,0.0,0,0,,,1,2026-07-25,2026-07-25,6265.0,1.0,6265.0,2.4754648064984134e-05,0.308120769779597,truncated,1.0,"Граница обхода, глубина 4: исходящие не выгружены. Получил 6 265 KZT от 1; P(переводит дальше)=31%.",0.174,peripheral,9
100000008029279100,3,False,1,0,17000.0,0.0,1,0,0.0,False,0,7,0,0.0,0.0,0.0016044117305492448,0,0,,,1,2026-07-10,2026-07-10,17000.0,0.44201095570508103,9002.281167351935,3.557035947006956e-05,,peripheral,0.8,"Признаков роли нет: вход 17 000 KZT от 1, выход 0 KZT к 0; передано 0%.",0.1729,peripheral,6
100000002474570100,4,False,1,0,6750.0,0.0,1,0,0.0,True,0,1,0,0.0,0.0,3.6873817911951947e-06,0,0,,,1,2026-07-24,2026-07-24,6750.0,0.9128732533190331,6161.894459903474,2.434725120007665e-05,0.30637919786423323,truncated,1.0,"Граница обхода, глубина 4: исходящие не выгружены. Получил 6 750 KZT от 1; P(переводит дальше)=31%.",0.1727,peripheral,9
100000008767065100,3,False,1,0,10000.0,0.0,1,0,0.0,False,0,9,0,0.0,0.0,3.5591269374705266e-07,0,0,,,1,2026-07-29,2026-07-29,10000.0,0.5209871392294793,5967.734305045209,2.3580073817548792e-05,,peripheral,0.8,"Признаков роли нет: вход 10 000 KZT от 1, выход 0 KZT к 0; передано 0%.",0.1725,peripheral,19
100000005172860100,3,False,1,0,15209.2,0.0,1,0,0.0,False,0,7,0,0.0,0.0,0.0006428156575478821,0,0,,,1,2026-07-01,2026-07-01,15209.2,0.46308466801649245,9227.127025081962,3.645878406328134e-05,,peripheral,0.8,"Признаков роли нет: вход 15 209 KZT от 1, выход 0 KZT к 0; передано 0%.",0.1724,peripheral,1
100000007631637100,1,False,1,0,15341.0,0.0,1,0,0.0,False,1,1,0,0.0,0.0,5.95500058530398e-11,0,1,,,1,2026-07-01,2026-07-01,15341.0,1.0,15341.0,6.0616289858726516e-05,,peripheral,0.8,"Признаков роли нет: вход 15 341 KZT от 1, выход 0 KZT к 0; передано 0%.",0.1724,peripheral,2
100000004107228100,4,False,1,0,5000.0,0.0,1,0,0.0,True,0,7,0,0.0,0.0,1.1987358305559333e-05,0,0,,,1,2026-07-02,2026-07-02,5000.0,0.5601769703912859,2966.921776645457,1.1723081311512896e-05,0.2600379244633147,truncated,1.0,"Граница обхода, глубина 4: исходящие не выгружены. Получил 5 000 KZT от 1; P(переводит дальше)=26%.",0.1723,peripheral,3
100000003449074100,1,False,1,0,10000.0,0.0,1,0,0.0,False,1,7,0,0.0,0.0,0.0021516815362503513,0,0,,,1,2026-07-02,2026-07-02,10000.0,1.0,10000.0,3.9512606648019366e-05,,peripheral,0.8,"Признаков роли нет: вход 10 000 KZT от 1, выход 0 KZT к 0; передано 0%.",0.1718,peripheral,1
100000002809568100,1,False,1,0,10000.0,0.0,1,0,0.0,False,1,7,0,0.0,0.0,0.0021516815362503513,0,0,,,1,2026-07-05,2026-07-05,10000.0,1.0,10000.0,3.9512606648019366e-05,,peripheral,0.8,"Признаков роли нет: вход 10 000 KZT от 1, выход 0 KZT к 0; передано 0%.",0.1718,peripheral,1
100000001690439100,3,False,1,0,14200.0,0.0,1,0,0.0,False,0,7,0,0.0,0.0,9.315522664100047e-05,0,0,,,1,2026-07-01,2026-07-01,14200.0,0.5286562198375779,9445.779981630822,3.7322738889839395e-05,,peripheral,0.8,"Признаков роли нет: вход 14 200 KZT от 1, выход 0 KZT к 0; передано 0%.",0.1715,peripheral,1
100000002975287100,3,False,1,0,15000.0,0.0,1,0,0.0,False,0,7,0,0.0,0.0,0.0004659017954226318,0,0,,,1,2026-07-08,2026-07-08,15000.0,0.4973411187126133,9153.05576143446,3.616610919286401e-05,,peripheral,0.8,"Признаков роли нет: вход 15 000 KZT от 1, выход 0 KZT к 0; передано 0%.",0.1712,peripheral,16
100000008011573100,3,False,1,0,15000.0,0.0,1,0,0.0,False,0,7,0,0.0,0.0,0.0004659017954226318,0,0,,,1,2026-07-08,2026-07-08,15000.0,0.4973411187126133,9153.05576143446,3.616610919286401e-05,,peripheral,0.8,"Признаков роли нет: вход 15 000 KZT от 1, выход 0 KZT к 0; передано 0%.",0.1712,peripheral,16
100000005010159100,4,False,1,0,7092.0,0.0,1,0,0.0,True,0,7,0,0.0,0.0,0.0,0,0,,,1,2026-07-22,2026-07-22,7092.0,0.2535875723968892,2456.8771219672817,9.707761930233201e-06,0.30238495882415284,truncated,1.0,"Граница обхода, глубина 4: исходящие не выгружены. Получил 7 092 KZT от 1; P(переводит дальше)=30%.",0.1701,peripheral,6
100000005030592100,2,False,1,0,10000.0,0.0,1,0,0.0,False,0,7,0,0.0,0.0,3.5676348106616587e-05,0,0,,,1,2026-07-30,2026-07-30,10000.0,0.9795583123763397,9929.782575968708,3.923515930244587e-05,,peripheral,0.8,"Признаков роли нет: вход 10 000 KZT от 1, выход 0 KZT к 0; передано 0%.",0.1697,peripheral,15
100000008733049100,2,False,1,0,10000.0,0.0,1,0,0.0,False,0,7,0,0.0,0.0,3.5676348106616587e-05,0,0,,,1,2026-07-23,2026-07-23,10000.0,0.9795583123763397,9929.782575968708,3.923515930244587e-05,,peripheral,0.8,"Признаков роли нет: вход 10 000 KZT от 1, выход 0 KZT к 0; передано 0%.",0.1697,peripheral,15
100000000968253100,1,False,1,0,15000.0,0.0,1,0,0.0,False,1,1,0,0.0,0.0,5.95500058530398e-11,0,1,,,1,2026-07-20,2026-07-20,15000.0,1.0,15000.0,5.926890997202905e-05,,peripheral,0.8,"Признаков роли нет: вход 15 000 KZT от 1, выход 0 KZT к 0; передано 0%.",0.1697,peripheral,2
100000000369781100,4,False,1,0,5000.0,0.0,1,0,0.0,True,0,7,0,0.0,0.0,0.0,0,0,,,1,2026-07-04,2026-07-04,5000.0,0.5119191887828877,2701.7884551899774,1.067547044760142e-05,0.2639249273515365,truncated,1.0,"Граница обхода, глубина 4: исходящие не выгружены. Получил 5 000 KZT от 1; P(переводит дальше)=26%.",0.1697,peripheral,8
100000005293969100,4,False,1,0,5466.97,0.0,1,0,0.0,True,0,7,0,0.0,0.0,0.0,0,0,,,1,2026-07-02,2026-07-02,5466.97,0.4468974658841761,2531.669987506124,1.0003288037867231e-05,0.26046895028663164,truncated,1.0,"Граница обхода, глубина 4: исходящие не выгружены. Получил 5 467 KZT от 1; P(переводит дальше)=26%.",0.1687,peripheral,1
100000004573782100,2,False,1,0,15000.0,0.0,1,0,0.0,False,0,1,0,0.0,0.0,2.141511818252024e-241,0,0,,,1,2026-07-26,2026-07-26,15000.0,0.9876543209876544,14814.814814814816,5.853719503406788e-05,,peripheral,0.8,"Признаков роли нет: вход 15 000 KZT от 1, выход 0 KZT к 0; передано 0%.",0.1685,peripheral,4
100000001290243100,2,False,1,0,10000.0,0.0,1,0,0.0,False,0,7,0,0.0,0.0,1.2596486780937674e-05,0,0,,,1,2026-07-12,2026-07-12,10000.0,0.9446053428260784,9600.765566902315,3.793512733641943e-05,,peripheral,0.8,"Признаков роли нет: вход 10 000 KZT от 1, выход 0 KZT к 0; передано 0%.",0.1676,peripheral,7
100000004569637100,4,False,1,0,5500.0,0.0,1,0,0.0,True,0,7,0,0.0,0.0,0.0,0,0,,,1,2026-07-28,2026-07-28,5500.0,0.3927865510357105,2431.0602563779457,9.605752764726331e-06,0.3138827284717386,truncated,1.0,"Граница обхода, глубина 4: исходящие не выгружены. Получил 5 500 KZT от 1; P(переводит дальше)=31%.",0.1675,peripheral,6
100000008776576100,1,False,1,0,14765.0,0.0,1,0,0.0,False,1,1,0,0.0,0.0,5.95500058530398e-11,0,1,,,1,2026-07-30,2026-07-30,14765.0,1.0,14765.0,5.83403637158006e-05,,peripheral,0.8,"Признаков роли нет: вход 14 765 KZT от 1, выход 0 KZT к 0; передано 0%.",0.1674,peripheral,2
100000001597424100,3,False,1,0,48100.0,0.0,1,0,0.0,False,0,7,0,0.0,0.0,2.4413789354590045e-05,0,0,,,1,2026-07-01,2026-07-01,48100.0,0.08962681696565522,5683.098962723563,2.2455405385588854e-05,,peripheral,0.8,"Признаков роли нет: вход 48 100 KZT от 1, выход 0 KZT к 0; передано 0%.",0.1673,peripheral,14
100000008649416100,4,False,1,0,5000.0,0.0,1,0,0.0,True,0,7,0,0.0,0.0,0.0,0,0,,,1,2026-07-08,2026-07-08,5000.0,0.47221136237588146,2486.705593563066,9.82562199676143e-06,0.27180987348295377,truncated,1.0,"Граница обхода, глубина 4: исходящие не выгружены. Получил 5 000 KZT от 1; P(переводит дальше)=27%.",0.167,peripheral,16
100000003962994100,3,False,1,0,10000.0,0.0,1,0,0.0,False,0,7,0,0.0,0.0,1.23619985386e-313,0,0,,,1,2026-07-30,2026-07-30,10000.0,0.8983703703703703,9525.728395061727,3.763863591104518e-05,,peripheral,0.8,"Признаков роли нет: вход 10 000 KZT от 1, выход 0 KZT к 0; передано 0%.",0.1669,peripheral,36
100000005621418100,4,False,1,0,30000.0,0.0,1,0,0.0,True,0,7,0,0.0,0.0,4.0337773258533445e-08,0,0,,,1,2026-07-07,2026-07-07,30000.0,0.007629862125019349,239.5128639246952,9.463777578588743e-07,0.2787684090377942,truncated,1.0,"Граница обхода, глубина 4: исходящие не выгружены. Получил 30 000 KZT от 1; P(переводит дальше)=28%.",0.1666,peripheral,25
100000008151098100,4,False,1,0,30000.0,0.0,1,0,0.0,True,0,7,0,0.0,0.0,1.23619985386e-313,0,0,,,1,2026-07-19,2026-07-19,30000.0,0.0076298621250193484,239.5128639246952,9.463777578588743e-07,0.3036546429960932,truncated,1.0,"Граница обхода, глубина 4: исходящие не выгружены. Получил 30 000 KZT от 1; P(переводит дальше)=30%.",0.1666,peripheral,25
100000008717341100,1,False,1,0,14627.0,0.0,1,0,0.0,False,1,1,0,0.0,0.0,5.95500058530398e-11,0,1,,,1,2026-07-15,2026-07-15,14627.0,1.0,14627.0,5.7795089744057934e-05,,peripheral,0.8,"Признаков роли нет: вход 14 627 KZT от 1, выход 0 KZT к 0; передано 0%.",0.166,peripheral,2
100000008755361100,1,False,1,0,14627.0,0.0,1,0,0.0,False,1,1,0,0.0,0.0,5.95500058530398e-11,0,1,,,1,2026-07-24,2026-07-24,14627.0,1.0,14627.0,5.7795089744057934e-05,,peripheral,0.8,"Признаков роли нет: вход 14 627 KZT от 1, выход 0 KZT к 0; передано 0%.",0.166,peripheral,2
100000002992171100,1,False,1,0,14627.0,0.0,1,0,0.0,False,1,1,0,0.0,0.0,5.95500058530398e-11,0,1,,,1,2026-07-16,2026-07-16,14627.0,1.0,14627.0,5.7795089744057934e-05,,peripheral,0.8,"Признаков роли нет: вход 14 627 KZT от 1, выход 0 KZT к 0; передано 0%.",0.166,peripheral,2
100000004158362100,2,False,1,0,12000.0,0.0,1,0,0.0,False,0,7,0,0.0,0.0,9.275512440433417e-05,0,0,,,1,2026-07-02,2026-07-02,12000.0,0.7360402209646079,8971.410012176975,3.544837948884136e-05,,peripheral,0.8,"Признаков роли нет: вход 12 000 KZT от 1, выход 0 KZT к 0; передано 0%.",0.1659,peripheral,1
100000002878483100,4,False,1,0,6000.0,0.0,1,0,0.0,True,0,1,0,0.0,0.0,3.6873817911951947e-06,0,0,,,1,2026-07-24,2026-07-24,6000.0,0.9128732533190332,5477.239519914199,2.164200106677405e-05,0.3057519085463271,truncated,1.0,"Граница обхода, глубина 4: исходящие не выгружены. Получил 6 000 KZT от 1; P(переводит дальше)=31%.",0.1656,peripheral,9
100000002512742100,4,False,1,0,6000.0,0.0,1,0,0.0,True,0,1,0,0.0,0.0,3.6873817911951947e-06,0,0,,,1,2026-07-26,2026-07-26,6000.0,0.9128732533190332,5477.239519914199,2.164200106677405e-05,0.31003593075306013,truncated,1.0,"Граница обхода, глубина 4: исходящие не выгружены. Получил 6 000 KZT от 1; P(переводит дальше)=31%.",0.1656,peripheral,9
100000002862113100,3,False,1,0,47405.0,0.0,2,0,0.0,False,0,7,0,0.0,0.0,2.4413789354590045e-05,0,0,,,1,2026-07-03,2026-07-04,47405.0,0.08962681696565522,5600.983499540758,2.2130945785885644e-05,,peripheral,0.8,"Признаков роли нет: вход 47 405 KZT от 1, выход 0 KZT к 0; передано 0%.",0.1655,peripheral,14
100000004400361100,2,False,1,0,10000.0,0.0,1,0,0.0,False,0,7,0,0.0,0.0,4.0407558618990766e-06,0,0,,,1,2026-07-03,2026-07-03,10000.0,0.9068077100485716,9148.08396162326,3.614646431579936e-05,,peripheral,0.8,"Признаков роли нет: вход 10 000 KZT от 1, выход 0 KZT к 0; передано 0%.",0.1647,peripheral,7
100000002838519100,3,False,1,0,46900.0,0.0,1,0,0.0,False,0,7,0,0.0,0.0,2.4413789354590045e-05,0,0,,,1,2026-07-18,2026-07-18,46900.0,0.08962681696565522,5541.31686801944,2.1895187371760248e-05,,peripheral,0.8,"Признаков роли нет: вход 46 900 KZT от 1, выход 0 KZT к 0; передано 0%.",0.1639,peripheral,14
100000001549194100,3,False,1,0,46500.0,0.0,1,0,0.0,False,0,7,0,0.0,0.0,2.4413789354590045e-05,0,0,,,1,2026-07-08,2026-07-08,46500.0,0.08962681696565522,5494.056169784733,2.1708448033856634e-05,,peripheral,0.8,"Признаков роли нет: вход 46 500 KZT от 1, выход 0 KZT к 0; передано 0%.",0.1635,peripheral,14
100000002986245100,4,False,1,0,5750.0,0.0,1,0,0.0,True,0,1,0,0.0,0.0,3.6873817911951947e-06,0,0,,,1,2026-07-26,2026-07-26,5750.0,0.9128732533190331,5249.021206584441,2.07402510223006e-05,0.30980768914795115,truncated,1.0,"Граница обхода, глубина 4: исходящие не выгружены. Получил 5 750 KZT от 1; P(переводит дальше)=31%.",0.1628,peripheral,9
100000005187208100,3,False,1,0,14160.0,0.0,1,0,0.0,False,0,7,0,0.0,0.0,0.00010694238652270059,0,0,,,1,2026-07-17,2026-07-17,14160.0,0.45761333981763813,8378.458443611598,3.3105473279921204e-05,,peripheral,0.8,"Признаков роли нет: вход 14 160 KZT от 1, выход 0 KZT к 0; передано 0%.",0.1625,peripheral,8
100000004970752100,3,False,1,0,10000.0,0.0,1,0,0.0,False,0,7,0,0.0,0.0,0.0,0,0,,,1,2026-07-01,2026-07-01,10000.0,0.8414054973690738,8821.419216544344,3.4855726758055995e-05,,peripheral,0.8,"Признаков роли нет: вход 10 000 KZT от 1, выход 0 KZT к 0; передано 0%.",0.1624,peripheral,1
100000008663007100,1,False,1,0,14000.0,0.0,1,0,0.0,False,1,1,0,0.0,0.0,5.95500058530398e-11,0,1,,,1,2026-07-01,2026-07-01,14000.0,1.0,14000.0,5.531764930722712e-05,,peripheral,0.8,"Признаков роли нет: вход 14 000 KZT от 1, выход 0 KZT к 0; передано 0%.",0.1622,peripheral,2
100000005370558100,4,False,1,0,5000.0,0.0,1,0,0.0,True,0,7,0,0.0,0.0,5.553943429951723e-06,0,0,,,1,2026-07-09,2026-07-09,5000.0,0.4468974658841761,2315.423340082462,9.14884116603099e-06,0.2738040191652083,truncated,1.0,"Граница обхода, глубина 4: исходящие не выгружены. Получил 5 000 KZT от 1; P(переводит дальше)=27%.",0.1622,peripheral,1
100000002830055100,1,False,1,0,14000.0,0.0,1,0,0.0,False,1,1,0,0.0,0.0,5.95500058530398e-11,0,1,,,1,2026-07-15,2026-07-15,14000.0,1.0,14000.0,5.531764930722712e-05,,peripheral,0.8,"Признаков роли нет: вход 14 000 KZT от 1, выход 0 KZT к 0; передано 0%.",0.1622,peripheral,2
100000006658598100,1,False,1,0,9000.0,0.0,1,0,0.0,False,1,7,0,0.0,0.0,0.0002952416008836587,0,0,,,1,2026-07-19,2026-07-19,9000.0,1.0,9000.0,3.556134598321743e-05,,peripheral,0.8,"Признаков роли нет: вход 9 000 KZT от 1, выход 0 KZT к 0; передано 0%.",0.1618,peripheral,7
100000004403548100,4,False,1,0,5000.0,0.0,1,0,0.0,True,0,7,0,0.0,0.0,0.0,0,0,,,1,2026-07-02,2026-07-02,5000.0,0.3927865510357105,2210.0547785254053,8.732502513408984e-06,0.2600379244633147,truncated,1.0,"Граница обхода, глубина 4: исходящие не выгружены. Получил 5 000 KZT от 1; P(переводит дальше)=26%.",0.1615,peripheral,6
100000002994441100,4,False,1,0,5000.0,0.0,1,0,0.0,True,0,7,0,0.0,0.0,0.0,0,0,,,1,2026-07-13,2026-07-13,5000.0,0.3927865510357105,2210.0547785254053,8.732502513408984e-06,0.2818710880347106,truncated,1.0,"Граница обхода, глубина 4: исходящие не выгружены. Получил 5 000 KZT от 1; P(переводит дальше)=28%.",0.1615,peripheral,6
100000003626268100,4,False,1,0,5000.0,0.0,1,0,0.0,True,0,7,0,0.0,0.0,0.0,0,0,,,1,2026-07-04,2026-07-04,5000.0,0.3927865510357104,2210.0547785254053,8.732502513408984e-06,0.2639249273515365,truncated,1.0,"Граница обхода, глубина 4: исходящие не выгружены. Получил 5 000 KZT от 1; P(переводит дальше)=26%.",0.1615,peripheral,6
100000001716579100,1,False,1,0,13916.0,0.0,1,0,0.0,False,1,1,0,0.0,0.0,5.95500058530398e-11,0,1,,,1,2026-07-03,2026-07-03,13916.0,1.0,13916.0,5.498574341138375e-05,,peripheral,0.8,"Признаков роли нет: вход 13 916 KZT от 1, выход 0 KZT к 0; передано 0%.",0.1613,peripheral,2
100000003218308100,3,False,1,0,11165.0,0.0,1,0,0.0,False,0,7,0,0.0,0.0,0.0029057815328092595,0,0,,,1,2026-07-20,2026-07-20,11165.0,0.6659430358381553,8447.91131776614,3.3379899689622756e-05,,peripheral,0.8,"Признаков роли нет: вход 11 165 KZT от 1, выход 0 KZT к 0; передано 0%.",0.1612,peripheral,1
100000006177176100,1,False,1,0,8911.0,0.0,1,0,0.0,False,1,7,0,0.0,0.0,0.0002952416008836587,0,0,,,1,2026-07-16,2026-07-16,8911.0,1.0,8911.0,3.520968378405006e-05,,peripheral,0.8,"Признаков роли нет: вход 8 911 KZT от 1, выход 0 KZT к 0; передано 0%.",0.1607,peripheral,7
100000004268036100,4,False,1,0,5500.0,0.0,1,0,0.0,True,0,1,0,0.0,0.0,3.6873817911951947e-06,0,0,,,1,2026-07-24,2026-07-24,5500.0,0.9128732533190332,5020.802893254683,1.983850097782715e-05,0.3052889727751223,truncated,1.0,"Граница обхода, глубина 4: исходящие не выгружены. Получил 5 500 KZT от 1; P(переводит дальше)=31%.",0.1596,peripheral,9
100000002707106100,4,False,1,0,15000.0,0.0,2,0,0.0,True,0,7,0,0.0,0.0,5.9204628229038967e-08,0,0,,,1,2026-07-08,2026-07-14,15000.0,0.08079673372007973,1344.4022544848283,5.3120837458454585e-06,0.2895443937222018,truncated,1.0,"Граница обхода, глубина 4: исходящие не выгружены. Получил 15 000 KZT от 1; P(переводит дальше)=29%.",0.1589,peripheral,14
100000001632325100,3,False,1,0,85600.0,0.0,3,0,0.0,False,0,1,0,0.0,0.0,3.0588951023382876e-10,0,1,,,1,2026-07-02,2026-07-07,85600.0,0.06726664348977997,7738.4991252801265,3.057682719829159e-05,,peripheral,0.8,"Признаков роли нет: вход 85 600 KZT от 1, выход 0 KZT к 0; передано 0%.",0.1588,peripheral,2
100000002299948100,2,False,1,0,6750.0,0.0,1,0,0.0,False,0,8,0,0.0,0.0,4.870880269675223e-241,0,0,,,1,2026-07-11,2026-07-11,6750.0,0.7656303616192779,5624.6174818938525,2.222432981073877e-05,,peripheral,0.8,"Признаков роли нет: вход 6 750 KZT от 1, выход 0 KZT к 0; передано 0%.",0.1586,peripheral,31
100000004765639100,2,False,1,2,5000.0,11000.0,1,2,2.2,False,0,7,0,0.0,0.0009381956880719871,1.420636304176135e-07,2,0,0.5454545454545454,0.0,1,2026-07-24,2026-07-24,16000.0,0.9912750352029176,4972.775542247579,4.489394806381988e-05,,peripheral,0.8,"Признаков роли нет: вход 5 000 KZT от 1, выход 11 000 KZT к 2; передано 220% (возможны поступления вне выборки).",0.1578,peripheral,1
100000002818726100,3,False,1,0,10879.0,0.0,1,0,0.0,False,0,7,0,0.0,0.0,0.00025946007686321234,0,0,,,1,2026-07-22,2026-07-22,10879.0,0.6464047554220197,7911.451510978535,3.126020715676711e-05,,peripheral,0.8,"Признаков роли нет: вход 10 879 KZT от 1, выход 0 KZT к 0; передано 0%.",0.1563,peripheral,13
100000002635746100,4,False,1,0,5300.0,0.0,1,0,0.0,True,0,1,0,0.0,0.0,3.6873817911951947e-06,0,0,,,1,2026-07-30,2026-07-30,5300.0,0.9128732533190332,4838.228242590876,1.9117100942224834e-05,0.3180269752026422,truncated,1.0,"Граница обхода, глубина 4: исходящие не выгружены. Получил 5 300 KZT от 1; P(переводит дальше)=32%.",0.1554,peripheral,9
100000004750897100,3,False,1,0,10000.0,0.0,1,0,0.0,False,0,7,0,0.0,0.0,9.023756758629543e-290,0,0,,,1,2026-07-21,2026-07-21,10000.0,0.6981348423440028,8187.955711777725,3.2352747329104475e-05,,peripheral,0.8,"Признаков роли нет: вход 10 000 KZT от 1, выход 0 KZT к 0; передано 0%.",0.1552,peripheral,15
100000008745676100,4,False,1,0,34547.0,0.0,1,0,0.0,True,0,1,0,0.0,0.0,0.0,0,1,,,1,2026-07-22,2026-07-22,34547.0,0.06726664348977997,2323.8607326414285,9.182179503377194e-06,0.31082622281397787,truncated,1.0,"Граница обхода, глубина 4: исходящие не выгружены. Получил 34 547 KZT от 1; P(переводит дальше)=31%.",0.1545,peripheral,2
100000000424935100,4,False,1,0,15000.0,0.0,1,0,0.0,True,0,7,0,0.0,0.0,3.0386804526261044e-11,0,0,,,1,2026-07-05,2026-07-05,15000.0,0.05830610406029438,880.896168492119,3.4806503803695202e-06,0.2712942509731906,truncated,1.0,"Граница обхода, глубина 4: исходящие не выгружены. Получил 15 000 KZT от 1; P(переводит дальше)=27%.",0.1544,peripheral,27
100000005052998100,3,False,1,1,9500.0,28400.0,1,1,2.9894736842105263,False,0,7,0,4.333353000324481e-06,0.00023534294944821117,0.0029057815328092595,1,0,0.0,,1,2026-07-14,2026-07-14,37900.0,0.6659430358381553,7188.101882559636,-0.0011078807028590098,,peripheral,0.8,"Признаков роли нет: вход 9 500 KZT от 1, выход 28 400 KZT к 1; передано 299% (возможны поступления вне выборки).",0.1543,peripheral,1
100000008648783100,4,False,1,0,5200.0,0.0,1,0,0.0,True,0,1,0,0.0,0.0,3.6873817911951947e-06,0,0,,,1,2026-07-28,2026-07-28,5200.0,0.9128732533190332,4746.940917258973,1.875640092448256e-05,0.3135799166881987,truncated,1.0,"Граница обхода, глубина 4: исходящие не выгружены. Получил 5 200 KZT от 1; P(переводит дальше)=31%.",0.1535,peripheral,9
100000002514975100,4,False,1,0,17920.0,0.0,1,0,0.0,True,0,7,0,0.0,0.0,0.0,0,0,,,1,2026-07-25,2026-07-25,17920.0,0.0076298621250193484,143.06901738435127,5.653029807273395e-07,0.3137673165489958,truncated,1.0,"Граница обхода, глубина 4: исходящие не выгружены. Получил 17 920 KZT от 1; P(переводит дальше)=31%.",0.1529,peripheral,25
100000005754335100,3,False,1,0,44037.0,0.0,1,0,0.0,False,0,7,0,0.0,0.0,2.4284365594566553e-05,0,0,,,1,2026-07-11,2026-07-11,44037.0,0.08416429932669178,4870.511156469187,1.9244659150037257e-05,,peripheral,0.8,"Признаков роли нет: вход 44 037 KZT от 1, выход 0 KZT к 0; передано 0%.",0.1526,peripheral,40
100000008141170100,2,False,1,0,11000.0,0.0,1,0,0.0,False,0,7,0,0.0,0.0,0.0,0,0,,,1,2026-07-06,2026-07-06,11000.0,0.680073842183275,7480.812264016025,2.9558639239492984e-05,,peripheral,0.8,"Признаков роли нет: вход 11 000 KZT от 1, выход 0 KZT к 0; передано 0%.",0.1526,peripheral,7
100000004564736100,3,False,1,0,15000.0,0.0,2,0,0.0,False,0,7,0,0.0,0.0,1.23619985386e-313,0,0,,,1,2026-07-20,2026-07-23,15000.0,0.4422246321961164,7107.215462883429,2.8082460894802178e-05,,peripheral,0.8,"Признаков роли нет: вход 15 000 KZT от 1, выход 0 KZT к 0; передано 0%.",0.1525,peripheral,21
100000004445291100,3,False,1,0,19500.0,0.0,2,0,0.0,False,0,7,0,0.0,0.0,2.5006816366679155e-06,0,0,,,1,2026-07-04,2026-07-05,19500.0,0.2622063603196312,6499.866245451001,2.5682665822114862e-05,,peripheral,0.8,"Признаков роли нет: вход 19 500 KZT от 1, выход 0 KZT к 0; передано 0%.",0.1522,peripheral,24
100000004691350100,4,False,1,0,13300.0,0.0,1,0,0.0,True,0,7,0,0.0,0.0,0.0,0,0,,,1,2026-07-05,2026-07-05,13300.0,0.06058906092324415,805.8345102791471,3.1840622027570637e-06,0.2706983165119594,truncated,1.0,"Граница обхода, глубина 4: исходящие не выгружены. Получил 13 300 KZT от 1; P(переводит дальше)=27%.",0.1521,peripheral,49
100000003086040100,2,False,1,0,10500.0,0.0,1,0,0.0,False,0,7,0,0.0,0.0,5.180959268770881e-06,0,0,,,1,2026-07-04,2026-07-04,10500.0,0.6619533278594576,7441.375775336818,2.940281539309997e-05,,peripheral,0.8,"Признаков роли нет: вход 10 500 KZT от 1, выход 0 KZT к 0; передано 0%.",0.1517,peripheral,1
100000002671806100,1,False,1,0,12440.0,0.0,1,0,0.0,False,1,1,0,0.0,0.0,1.0100033243240566e-05,0,0,,,1,2026-07-15,2026-07-15,12440.0,1.0,12440.0,4.9153682670136094e-05,,peripheral,0.8,"Признаков роли нет: вход 12 440 KZT от 1, выход 0 KZT к 0; передано 0%.",0.1514,peripheral,10
100000002748581100,3,False,1,0,41180.0,0.0,1,0,0.0,False,0,7,0,0.0,0.0,2.4413789354590045e-05,0,0,,,1,2026-07-09,2026-07-09,41180.0,0.08962681696565522,4865.488883263125,1.922481483944414e-05,,peripheral,0.8,"Признаков роли нет: вход 41 180 KZT от 1, выход 0 KZT к 0; передано 0%.",0.1514,peripheral,14
100000001590795100,4,False,1,0,5060.0,0.0,1,0,0.0,True,0,1,0,0.0,0.0,3.6873817911951947e-06,0,0,,,1,2026-07-27,2026-07-27,5060.0,0.9128732533190332,4619.138661794308,1.8251420899525613e-05,0.3112735797633045,truncated,1.0,"Граница обхода, глубина 4: исходящие не выгружены. Получил 5 060 KZT от 1; P(переводит дальше)=31%.",0.1512,peripheral,9
100000006476758100,3,False,1,0,5200.0,0.0,1,0,0.0,False,0,8,0,0.0,0.0,9.897390083166396e-07,0,0,,,1,2026-07-15,2026-07-15,5200.0,0.9766763848396501,5165.347771761766,2.040963547059264e-05,,peripheral,0.8,"Признаков роли нет: вход 5 200 KZT от 1, выход 0 KZT к 0; передано 0%.",0.1509,peripheral,11
100000004456564100,2,False,1,0,10000.0,0.0,2,0,0.0,False,0,8,0,0.0,0.0,9.023756758629543e-290,0,0,,,1,2026-07-24,2026-07-27,10000.0,0.4751136860413071,4823.155903862911,1.9057546203074032e-05,,peripheral,0.8,"Признаков роли нет: вход 10 000 KZT от 1, выход 0 KZT к 0; передано 0%.",0.1508,peripheral,14
100000005032294100,2,False,1,0,10000.0,0.0,1,0,0.0,False,0,8,0,0.0,0.0,9.023756758629543e-290,0,0,,,1,2026-07-08,2026-07-08,10000.0,0.4751136860413071,4823.155903862911,1.9057546203074032e-05,,peripheral,0.8,"Признаков роли нет: вход 10 000 KZT от 1, выход 0 KZT к 0; передано 0%.",0.1508,peripheral,14
100000006912294100,2,False,1,2,6335.09,30000.0,1,2,4.7355286191672095,False,0,1,0,5.944405541612623e-07,9.917415156426794e-06,0.0,1,0,0.0,,1,2026-07-28,2026-07-28,36335.09,0.7460148247636876,4726.07105621219,6.045374776916694e-05,,peripheral,0.8,"Признаков роли нет: вход 6 335 KZT от 1, выход 30 000 KZT к 2; передано 474% (возможны поступления вне выборки).",0.1506,peripheral,4
100000007289427100,2,False,1,0,12300.0,0.0,1,0,0.0,False,0,1,0,0.0,0.0,1.148544469993621e-281,0,0,,,1,2026-07-10,2026-07-10,12300.0,1.0,12300.0,4.860050617706382e-05,,peripheral,0.8,"Признаков роли нет: вход 12 300 KZT от 1, выход 0 KZT к 0; передано 0%.",0.1503,peripheral,3
100000005588444100,1,False,1,0,12300.0,0.0,1,0,0.0,False,1,1,0,0.0,0.0,4.341414826156218e-06,0,0,,,1,2026-07-23,2026-07-23,12300.0,1.0,12300.0,4.860050617706382e-05,,peripheral,0.8,"Признаков роли нет: вход 12 300 KZT от 1, выход 0 KZT к 0; передано 0%.",0.1503,peripheral,4
100000005941908100,3,False,1,0,10000.0,0.0,1,0,0.0,False,0,8,0,0.0,0.0,0.0,0,0,,,1,2026-07-25,2026-07-25,10000.0,0.4604579516431327,4751.136860413071,1.8772980189590822e-05,,peripheral,0.8,"Признаков роли нет: вход 10 000 KZT от 1, выход 0 KZT к 0; передано 0%.",0.1498,peripheral,14
100000008716439100,1,False,1,0,12267.0,0.0,1,0,0.0,False,1,1,0,0.0,0.0,5.95500058530398e-11,0,1,,,1,2026-07-15,2026-07-15,12267.0,1.0,12267.0,4.847011457512536e-05,,peripheral,0.8,"Признаков роли нет: вход 12 267 KZT от 1, выход 0 KZT к 0; передано 0%.",0.1498,peripheral,2
100000007982908100,2,False,1,0,31080.0,0.0,1,0,0.0,False,0,1,0,0.0,0.0,7.619950610759462e-13,0,1,,,1,2026-07-20,2026-07-20,31080.0,0.2986981541591034,9283.538631264933,3.668168102386841e-05,,peripheral,0.8,"Признаков роли нет: вход 31 080 KZT от 1, выход 0 KZT к 0; передано 0%.",0.1497,peripheral,2
100000006523053100,2,False,1,0,5000.0,0.0,1,0,0.0,False,0,10,0,0.0,0.0,0.0,0,0,,,1,2026-07-17,2026-07-17,5000.0,0.8474747464946524,4281.808892246868,1.6918543050146822e-05,,peripheral,0.8,"Признаков роли нет: вход 5 000 KZT от 1, выход 0 KZT к 0; передано 0%.",0.1497,peripheral,3
100000008547295100,3,False,1,0,15000.0,0.0,1,0,0.0,False,0,1,0,0.0,0.0,1.23619985386e-313,0,0,,,1,2026-07-31,2026-07-31,15000.0,0.6776286335763291,11684.366345786175,4.616797713526746e-05,,peripheral,0.8,"Признаков роли нет: вход 15 000 KZT от 1, выход 0 KZT к 0; передано 0%.",0.149,peripheral,4
100000005357034100,3,False,1,0,9754.0,0.0,1,0,0.0,False,0,7,0,0.0,0.0,0.0029057815328092595,0,0,,,1,2026-07-16,2026-07-16,9754.0,0.6659430358381553,7380.289027630178,2.9161445729748823e-05,,peripheral,0.8,"Признаков роли нет: вход 9 754 KZT от 1, выход 0 KZT к 0; передано 0%.",0.1484,peripheral,1
100000004714705100,0,True,0,1,0.0,36550.0,0,1,,False,0,0,1,0.0,0.0,0.0,0,0,0.0,,0,,,36550.0,1.0,0.0,0.0001444185772985108,,peripheral,0.8,"Признаков роли нет: вход 0 KZT от 0, выход 36 550 KZT к 1; передано н/д.",0.1481,peripheral,18
100000008586731100,1,False,1,0,12000.0,0.0,1,0,0.0,False,1,1,0,0.0,0.0,1.0100033243240566e-05,0,0,,,1,2026-07-16,2026-07-16,12000.0,1.0,12000.0,4.741512797762324e-05,,peripheral,0.8,"Признаков роли нет: вход 12 000 KZT от 1, выход 0 KZT к 0; передано 0%.",0.1481,peripheral,10
100000002744581100,2,False,1,0,12000.0,0.0,1,0,0.0,False,0,1,0,0.0,0.0,0.0,0,0,,,1,2026-07-21,2026-07-21,12000.0,1.0,12000.0,4.741512797762324e-05,,peripheral,0.8,"Признаков роли нет: вход 12 000 KZT от 1, выход 0 KZT к 0; передано 0%.",0.1481,peripheral,4
100000002951898100,3,False,1,0,39990.0,0.0,1,0,0.0,False,0,7,0,0.0,0.0,2.4413789354590045e-05,0,0,,,1,2026-07-08,2026-07-08,39990.0,0.08962681696565522,4724.888306014871,1.866926530916616e-05,,peripheral,0.8,"Признаков роли нет: вход 39 990 KZT от 1, выход 0 KZT к 0; передано 0%.",0.1479,peripheral,14
100000008712827100,3,False,1,0,76000.0,0.0,1,0,0.0,False,0,1,0,0.0,0.0,3.0588951023382876e-10,0,1,,,1,2026-07-14,2026-07-14,76000.0,0.06726664348977997,6870.630064501047,2.714765031633264e-05,,peripheral,0.8,"Признаков роли нет: вход 76 000 KZT от 1, выход 0 KZT к 0; передано 0%.",0.1478,peripheral,2
100000007140834100,3,False,1,0,10200.0,0.0,2,0,0.0,False,0,7,0,0.0,0.0,0.0,0,0,,,1,2026-07-19,2026-07-22,10200.0,0.6183997525384883,7046.042893981744,2.7840752129474466e-05,,peripheral,0.8,"Признаков роли нет: вход 10 200 KZT от 1, выход 0 KZT к 0; передано 0%.",0.1473,peripheral,4
100000004388209100,1,False,1,0,11800.0,0.0,1,0,0.0,False,1,1,0,0.0,0.0,5.95500058530398e-11,0,1,,,1,2026-07-30,2026-07-30,11800.0,1.0,11800.0,4.6624875844662854e-05,,peripheral,0.8,"Признаков роли нет: вход 11 800 KZT от 1, выход 0 KZT к 0; передано 0%.",0.1462,peripheral,2
100000004825069100,2,False,1,0,30000.0,0.0,4,0,0.0,False,0,1,0,0.0,0.0,7.619950610759462e-13,0,1,,,1,2026-07-08,2026-07-28,30000.0,0.2986981541591034,8960.944624773101,3.540702801525016e-05,,peripheral,0.8,"Признаков роли нет: вход 30 000 KZT от 1, выход 0 KZT к 0; передано 0%.",0.1455,peripheral,2
100000008718811100,3,False,1,0,73300.0,0.0,1,0,0.0,False,0,1,0,0.0,0.0,3.0588951023382876e-10,0,1,,,1,2026-07-15,2026-07-15,73300.0,0.06726664348977997,6626.541891156931,2.618319431819337e-05,,peripheral,0.8,"Признаков роли нет: вход 73 300 KZT от 1, выход 0 KZT к 0; передано 0%.",0.1447,peripheral,2
100000002750332100,1,False,1,0,11360.0,0.0,1,0,0.0,False,1,1,0,0.0,0.0,2.274780450186003e-05,0,0,,,1,2026-07-17,2026-07-17,11360.0,1.0,11360.0,4.488632115215e-05,,peripheral,0.8,"Признаков роли нет: вход 11 360 KZT от 1, выход 0 KZT к 0; передано 0%.",0.144,peripheral,4
100000000704700100,4,False,1,0,10000.0,0.0,1,0,0.0,True,0,1,0,0.0,0.0,0.0,0,2,,,1,2026-07-26,2026-07-26,10000.0,0.303023184830138,3359.8350033242305,1.3275583888828786e-05,0.31278273225436926,truncated,1.0,"Граница обхода, глубина 4: исходящие не выгружены. Получил 10 000 KZT от 1; P(переводит дальше)=31%.",0.1433,peripheral,23
100000008283183100,2,False,1,0,29000.0,0.0,1,0,0.0,False,0,1,0,0.0,0.0,7.619950610759462e-13,0,1,,,1,2026-07-08,2026-07-08,29000.0,0.2986981541591034,8662.246470613998,3.422679374810263e-05,,peripheral,0.8,"Признаков роли нет: вход 29 000 KZT от 1, выход 0 KZT к 0; передано 0%.",0.1425,peripheral,2
100000003838587100,4,False,1,0,6000.0,0.0,1,0,0.0,True,0,7,0,0.0,0.0,0.0,0,0,,,1,2026-07-19,2026-07-19,6000.0,0.08079673372007973,537.7609017939313,2.124833498267529e-06,0.295188668558662,truncated,1.0,"Граница обхода, глубина 4: исходящие не выгружены. Получил 6 000 KZT от 1; P(переводит дальше)=30%.",0.1412,peripheral,14
100000004629688100,3,False,1,1,5000.0,15000.0,1,2,3.0,False,0,7,0,0.0,1.5429536631932864e-05,9.023756758629543e-290,1,0,0.0,3.0,1,2026-07-21,2026-07-21,20000.0,0.6981348423440028,4093.9778558888625,2.8740257107470858e-05,,peripheral,0.8,"Признаков роли нет: вход 5 000 KZT от 1, выход 15 000 KZT к 1; передано 300% (возможны поступления вне выборки).",0.1409,peripheral,15
100000008686247100,3,False,1,1,22000.0,5000.0,2,1,0.22727272727272727,False,0,1,0,0.0,0.0,2.063413074803692e-248,1,0,0.0,11.0,1,2026-07-15,2026-07-16,27000.0,0.988260706235913,21941.303531179565,-5.197003239993844e-05,,peripheral,0.8,"Признаков роли нет: вход 22 000 KZT от 1, выход 5 000 KZT к 1; передано 23%.",0.1407,peripheral,22
100000008776420100,3,False,1,0,69500.0,0.0,1,0,0.0,False,0,1,0,0.0,0.0,3.0588951023382876e-10,0,1,,,1,2026-07-30,2026-07-30,69500.0,0.06726664348977997,6283.0103879318785,2.4825811802359073e-05,,peripheral,0.8,"Признаков роли нет: вход 69 500 KZT от 1, выход 0 KZT к 0; передано 0%.",0.1402,peripheral,2
100000005685783100,4,False,1,0,26150.0,0.0,1,0,0.0,True,0,1,0,0.0,0.0,0.0,0,1,,,1,2026-07-29,2026-07-29,26150.0,0.06726664348977997,1759.022727257746,6.950357310679712e-06,0.3245632532763127,truncated,1.0,"Граница обхода, глубина 4: исходящие не выгружены. Получил 26 150 KZT от 1; P(переводит дальше)=32%.",0.1399,peripheral,2
100000005146665100,4,False,1,0,5500.0,0.0,1,0,0.0,True,0,7,0,0.0,0.0,1.23619985386e-313,0,0,,,1,2026-07-21,2026-07-21,5500.0,0.08079673372007973,492.9474933111037,1.94776404014726e-06,0.2989310614346482,truncated,1.0,"Граница обхода, глубина 4: исходящие не выгружены. Получил 5 500 KZT от 1; P(переводит дальше)=30%.",0.1399,peripheral,56
100000000870121100,3,False,1,0,12000.0,0.0,1,0,0.0,False,0,7,0,0.0,0.0,4.259945964858586e-08,0,0,,,1,2026-07-21,2026-07-21,12000.0,0.4762776808774982,6194.448646794185,2.447588127817253e-05,,peripheral,0.8,"Признаков роли нет: вход 12 000 KZT от 1, выход 0 KZT к 0; передано 0%.",0.1396,peripheral,13
100000005127767100,3,False,1,0,7000.0,0.0,1,0,0.0,False,0,7,0,0.0,0.0,1.23619985386e-313,0,0,,,1,2026-07-06,2026-07-06,7000.0,0.8983703703703703,6668.009876543209,2.6347045137719846e-05,,peripheral,0.8,"Признаков роли нет: вход 7 000 KZT от 1, выход 0 KZT к 0; передано 0%.",0.1395,peripheral,36
100000004377043100,4,False,1,0,5700.0,0.0,1,0,0.0,True,0,7,0,0.0,0.0,2.4980708508529283e-257,0,0,,,1,2026-07-21,2026-07-21,5700.0,0.058306104060294385,334.7405440270052,1.3226471445050906e-06,0.2991187946734851,truncated,1.0,"Граница обхода, глубина 4: исходящие не выгружены. Получил 5 700 KZT от 1; P(переводит дальше)=30%.",0.1393,peripheral,27
100000002916006100,0,True,0,1,0.0,32000.0,0,1,,False,0,0,1,0.0,8.203488390521243e-303,0.0,0,0,0.0,,0,,,32000.0,1.0,0.0,0.000126440341273662,,peripheral,0.8,"Признаков роли нет: вход 0 KZT от 0, выход 32 000 KZT к 1; передано н/д.",0.138,peripheral,18
100000002844897100,1,False,1,0,10800.0,0.0,1,0,0.0,False,1,1,0,0.0,0.0,2.274780450186003e-05,0,0,,,1,2026-07-21,2026-07-21,10800.0,1.0,10800.0,4.267361517986092e-05,,peripheral,0.8,"Признаков роли нет: вход 10 800 KZT от 1, выход 0 KZT к 0; передано 0%.",0.1376,peripheral,4
100000004185681100,3,False,1,0,10000.0,0.0,1,0,0.0,False,0,7,0,0.0,0.0,0.0,0,0,,,1,2026-07-14,2026-07-14,10000.0,0.558556317989969,6234.12894157695,2.4632668466112088e-05,,peripheral,0.8,"Признаков роли нет: вход 10 000 KZT от 1, выход 0 KZT к 0; передано 0%.",0.1374,peripheral,3
100000000581682100,4,False,1,0,5000.0,0.0,1,0,0.0,True,0,7,0,0.0,0.0,3.0386804526261044e-11,0,0,,,1,2026-07-11,2026-07-11,5000.0,0.05830610406029438,293.6320561640397,1.1602167933780022e-06,0.27781953752331306,truncated,1.0,"Граница обхода, глубина 4: исходящие не выгружены. Получил 5 000 KZT от 1; P(переводит дальше)=28%.",0.1372,peripheral,27
100000008712991100,3,False,1,0,66100.0,0.0,1,0,0.0,False,0,1,0,0.0,0.0,3.0588951023382876e-10,0,1,,,1,2026-07-14,2026-07-14,66100.0,0.06726664348977997,5975.640095572621,2.36113116566064e-05,,peripheral,0.8,"Признаков роли нет: вход 66 100 KZT от 1, выход 0 KZT к 0; передано 0%.",0.1363,peripheral,2
100000001308856100,2,False,1,0,27000.0,0.0,1,0,0.0,False,0,1,0,0.0,0.0,7.619950610759462e-13,0,1,,,1,2026-07-22,2026-07-22,27000.0,0.2986981541591034,8064.850162295792,3.186632521380758e-05,,peripheral,0.8,"Признаков роли нет: вход 27 000 KZT от 1, выход 0 KZT к 0; передано 0%.",0.1349,peripheral,2
100000003338583100,3,False,1,0,21765.0,0.0,1,0,0.0,False,0,1,0,0.0,0.0,3.403941910066223e-179,0,2,,,1,2026-07-27,2026-07-27,21765.0,0.335983500332423,8464.857395803869,3.344685806117427e-05,,peripheral,0.8,"Признаков роли нет: вход 21 765 KZT от 1, выход 0 KZT к 0; передано 0%.",0.1333,peripheral,23
100000008656043100,2,False,1,0,26200.0,0.0,1,0,0.0,False,0,1,0,0.0,0.0,7.619950610759462e-13,0,1,,,1,2026-07-28,2026-07-28,26200.0,0.2986981541591034,7825.891638968509,3.0922137800042454e-05,,peripheral,0.8,"Признаков роли нет: вход 26 200 KZT от 1, выход 0 KZT к 0; передано 0%.",0.1333,peripheral,2
100000004435304100,2,False,1,0,26200.0,0.0,1,0,0.0,False,0,1,0,0.0,0.0,7.619950610759462e-13,0,1,,,1,2026-07-31,2026-07-31,26200.0,0.2986981541591034,7825.891638968509,3.0922137800042454e-05,,peripheral,0.8,"Признаков роли нет: вход 26 200 KZT от 1, выход 0 KZT к 0; передано 0%.",0.1333,peripheral,2
100000008734364100,2,False,1,0,26200.0,0.0,1,0,0.0,False,0,1,0,0.0,0.0,7.619950610759462e-13,0,1,,,1,2026-07-20,2026-07-20,26200.0,0.2986981541591034,7825.891638968509,3.0922137800042454e-05,,peripheral,0.8,"Признаков роли нет: вход 26 200 KZT от 1, выход 0 KZT к 0; передано 0%.",0.1333,peripheral,2
100000008612257100,3,False,1,0,9500.0,0.0,1,0,0.0,False,0,7,0,0.0,0.0,0.0004659017954226318,0,0,,,1,2026-07-08,2026-07-08,9500.0,0.49734111871261333,5796.935315575158,2.29052024888492e-05,,peripheral,0.8,"Признаков роли нет: вход 9 500 KZT от 1, выход 0 KZT к 0; передано 0%.",0.1322,peripheral,16
100000008173359100,1,False,1,0,6110.0,0.0,1,0,0.0,False,1,7,0,0.0,0.0,0.0002952416008836587,0,0,,,1,2026-07-23,2026-07-23,6110.0,1.0,6110.0,2.4142202661939836e-05,,peripheral,0.8,"Признаков роли нет: вход 6 110 KZT от 1, выход 0 KZT к 0; передано 0%.",0.132,peripheral,7
100000003200071100,0,True,0,1,0.0,30000.0,0,1,,False,0,0,0,0.0,0.0,0.0,0,14,0.0,,0,,,30000.0,1.0,0.0,0.0001185378199440581,,peripheral,0.8,"Признаков роли нет: вход 0 KZT от 0, выход 30 000 KZT к 1; передано н/д.",0.1317,peripheral,67
100000000979567100,2,False,1,0,10000.0,0.0,1,0,0.0,False,0,1,0,0.0,0.0,0.0,0,1,,,1,2026-07-02,2026-07-02,10000.0,1.0,10000.0,3.9512606648019366e-05,,peripheral,0.8,"Признаков роли нет: вход 10 000 KZT от 1, выход 0 KZT к 0; передано 0%.",0.1308,peripheral,2
100000004950490100,2,False,1,0,10000.0,0.0,1,0,0.0,False,0,1,0,0.0,0.0,7.9835345953449e-303,0,0,,,1,2026-07-29,2026-07-29,10000.0,1.0,10000.0,3.9512606648019366e-05,,peripheral,0.8,"Признаков роли нет: вход 10 000 KZT от 1, выход 0 KZT к 0; передано 0%.",0.1308,peripheral,4
100000002603371100,3,False,1,0,9300.0,0.0,1,0,0.0,False,0,7,0,0.0,0.0,0.0006428156575478821,0,0,,,1,2026-07-03,2026-07-03,9300.0,0.46308466801649245,5642.129851225722,2.2293525746838444e-05,,peripheral,0.8,"Признаков роли нет: вход 9 300 KZT от 1, выход 0 KZT к 0; передано 0%.",0.1308,peripheral,1
100000008129393100,1,False,1,0,10000.0,0.0,1,0,0.0,False,1,1,0,0.0,0.0,7.983534595344907e-303,0,8,,,1,2026-07-30,2026-07-30,10000.0,1.0,10000.0,3.9512606648019366e-05,,peripheral,0.8,"Признаков роли нет: вход 10 000 KZT от 1, выход 0 KZT к 0; передано 0%.",0.1308,peripheral,52
100000006522972100,3,False,1,0,9515.0,0.0,1,0,0.0,False,0,7,0,0.0,0.0,0.00010694238652270059,0,0,,,1,2026-07-17,2026-07-17,9515.0,0.4576133398176381,5630.016390604827,2.2245662306335793e-05,,peripheral,0.8,"Признаков роли нет: вход 9 515 KZT от 1, выход 0 KZT к 0; передано 0%.",0.1307,peripheral,8
100000008767027100,3,False,1,0,5000.0,0.0,1,0,0.0,False,0,9,0,0.0,0.0,3.5591269374705266e-07,0,0,,,1,2026-07-29,2026-07-29,5000.0,0.5209871392294793,2983.8671525226046,1.1790036908715519e-05,,peripheral,0.8,"Признаков роли нет: вход 5 000 KZT от 1, выход 0 KZT к 0; передано 0%.",0.1303,peripheral,19
100000007005380100,3,False,1,0,9400.0,0.0,1,0,0.0,False,0,7,0,0.0,0.0,0.00010694238652270059,0,0,,,1,2026-07-15,2026-07-15,9400.0,0.4576133398176381,5561.971000702614,2.1976797233839675e-05,,peripheral,0.8,"Признаков роли нет: вход 9 400 KZT от 1, выход 0 KZT к 0; передано 0%.",0.1295,peripheral,8
100000005730108100,2,False,1,0,8000.0,0.0,1,0,0.0,False,0,7,0,0.0,0.0,0.0,0,0,,,1,2026-07-14,2026-07-14,8000.0,0.6839741039215954,5626.635035973595,2.2232301692792554e-05,,peripheral,0.8,"Признаков роли нет: вход 8 000 KZT от 1, выход 0 KZT к 0; передано 0%.",0.1293,peripheral,1
100000003888527100,3,False,1,0,30000.0,0.0,1,0,0.0,False,0,7,0,0.0,0.0,2.4284365594566553e-05,0,0,,,1,2026-07-14,2026-07-14,30000.0,0.08416429932669178,3318.01291400585,1.3110333912400724e-05,,peripheral,0.8,"Признаков роли нет: вход 30 000 KZT от 1, выход 0 KZT к 0; передано 0%.",0.126,peripheral,40
100000008688476100,2,False,1,0,24000.0,0.0,1,0,0.0,False,0,1,0,0.0,0.0,7.619950610759462e-13,0,1,,,1,2026-07-08,2026-07-08,24000.0,0.2986981541591034,7168.755699818481,2.8325622412247234e-05,,peripheral,0.8,"Признаков роли нет: вход 24 000 KZT от 1, выход 0 KZT к 0; передано 0%.",0.1235,peripheral,2
100000008691168100,2,False,1,0,24000.0,0.0,1,0,0.0,False,0,1,0,0.0,0.0,7.619950610759462e-13,0,1,,,1,2026-07-09,2026-07-09,24000.0,0.2986981541591034,7168.755699818481,2.8325622412247234e-05,,peripheral,0.8,"Признаков роли нет: вход 24 000 KZT от 1, выход 0 KZT к 0; передано 0%.",0.1235,peripheral,2
100000008765494100,2,False,1,0,24000.0,0.0,1,0,0.0,False,0,1,0,0.0,0.0,7.619950610759462e-13,0,1,,,1,2026-07-27,2026-07-27,24000.0,0.2986981541591034,7168.755699818481,2.8325622412247234e-05,,peripheral,0.8,"Признаков роли нет: вход 24 000 KZT от 1, выход 0 KZT к 0; передано 0%.",0.1235,peripheral,2
100000003069463100,3,False,1,1,11500.0,17920.0,1,1,1.5582608695652174,False,0,7,0,1.9616538287321655e-05,0.0,2.8321519604650354e-232,0,0,0.0,9.0,1,2026-07-16,2026-07-16,29420.0,0.007983762130823174,147.84700751078492,1.1494850459223156e-06,,peripheral,0.8,"Признаков роли нет: вход 11 500 KZT от 1, выход 17 920 KZT к 1; передано 156% (возможны поступления вне выборки).",0.1234,peripheral,25
100000007173936100,2,False,1,0,10000.0,0.0,1,0,0.0,False,0,7,0,0.0,0.0,3.8766877888989646e-07,0,0,,,1,2026-07-14,2026-07-14,10000.0,0.4466569635225981,4999.261725729489,1.9753386209902077e-05,,peripheral,0.8,"Признаков роли нет: вход 10 000 KZT от 1, выход 0 KZT к 0; передано 0%.",0.1233,peripheral,29
100000004613582100,3,False,1,1,5000.0,9500.0,1,1,1.9,False,0,1,0,3.962937027741748e-07,1.0593952876384151e-241,0.0,0,0,0.0,15.0,1,2026-07-03,2026-07-03,14500.0,0.9629629629629629,4938.271604938272,5.467474942384902e-05,,peripheral,0.8,"Признаков роли нет: вход 5 000 KZT от 1, выход 9 500 KZT к 1; передано 190% (возможны поступления вне выборки).",0.1232,peripheral,4
100000002305007100,3,False,1,0,56000.0,0.0,1,0,0.0,False,0,1,0,0.0,0.0,3.0588951023382876e-10,0,1,,,1,2026-07-13,2026-07-13,56000.0,0.06726664348977997,5062.569521211298,2.0003531812015986e-05,,peripheral,0.8,"Признаков роли нет: вход 56 000 KZT от 1, выход 0 KZT к 0; передано 0%.",0.1231,peripheral,2
100000000481716100,3,False,1,0,8000.0,0.0,1,0,0.0,False,0,7,0,0.0,0.0,2.2795668875118483e-08,0,0,,,1,2026-07-22,2026-07-22,8000.0,0.6270671194111547,5133.540090666503,2.0283955031488136e-05,,peripheral,0.8,"Признаков роли нет: вход 8 000 KZT от 1, выход 0 KZT к 0; передано 0%.",0.123,peripheral,9
100000008771814100,2,False,1,0,23700.0,0.0,1,0,0.0,False,0,1,0,0.0,0.0,7.619950610759462e-13,0,1,,,1,2026-07-29,2026-07-29,23700.0,0.2986981541591034,7079.146253570751,2.7971552132055872e-05,,peripheral,0.8,"Признаков роли нет: вход 23 700 KZT от 1, выход 0 KZT к 0; передано 0%.",0.122,peripheral,2
100000000926766100,3,False,1,1,18750.0,6000.0,1,1,0.32,False,0,7,0,0.0,8.933928198287818e-09,2.5006816366679155e-06,1,0,1.0,0.0,1,2026-07-31,2026-07-31,24750.0,0.2622063603196312,6249.871389856732,-3.485845005786921e-05,,peripheral,0.8,"Признаков роли нет: вход 18 750 KZT от 1, выход 6 000 KZT к 1; передано 32%.",0.1196,peripheral,24
100000004991812100,3,False,1,0,10000.0,0.0,1,0,0.0,False,0,7,0,0.0,0.0,1.23619985386e-313,0,0,,,1,2026-07-23,2026-07-23,10000.0,0.44222463219611635,4738.143641922286,1.8721640596495533e-05,,peripheral,0.8,"Признаков роли нет: вход 10 000 KZT от 1, выход 0 KZT к 0; передано 0%.",0.1187,peripheral,21
100000000765628100,2,False,1,0,5000.0,0.0,1,0,0.0,False,0,7,0,0.0,0.0,2.4750489937720995e-06,0,0,,,1,2026-07-10,2026-07-10,5000.0,1.0,5000.0,1.9756303324009683e-05,,peripheral,0.8,"Признаков роли нет: вход 5 000 KZT от 1, выход 0 KZT к 0; передано 0%.",0.1175,peripheral,7
100000002621915100,2,False,1,0,5000.0,0.0,1,0,0.0,False,0,7,0,0.0,0.0,0.0,0,0,,,1,2026-07-23,2026-07-23,5000.0,1.0,5000.0,1.9756303324009683e-05,,peripheral,0.8,"Признаков роли нет: вход 5 000 KZT от 1, выход 0 KZT к 0; передано 0%.",0.1175,peripheral,7
100000008672200100,1,False,1,0,8511.0,0.0,1,0,0.0,False,1,1,0,0.0,0.0,5.95500058530398e-11,0,1,,,1,2026-07-03,2026-07-03,8511.0,1.0,8511.0,3.3629179518129284e-05,,peripheral,0.8,"Признаков роли нет: вход 8 511 KZT от 1, выход 0 KZT к 0; передано 0%.",0.1169,peripheral,2
100000005186109100,3,False,1,0,5000.0,0.0,1,0,0.0,False,0,7,0,0.0,0.0,0.0,0,0,,,1,2026-07-30,2026-07-30,5000.0,0.9731101397679064,4897.791561881699,1.9352451142822756e-05,,peripheral,0.8,"Признаков роли нет: вход 5 000 KZT от 1, выход 0 KZT к 0; передано 0%.",0.1149,peripheral,15
100000008454065100,3,False,1,0,24050.0,0.0,1,0,0.0,False,0,7,0,0.0,0.0,2.4413789354590045e-05,0,0,,,1,2026-07-01,2026-07-01,24050.0,0.08962681696565522,2841.5494813617815,1.1227702692794427e-05,,peripheral,0.8,"Признаков роли нет: вход 24 050 KZT от 1, выход 0 KZT к 0; передано 0%.",0.1146,peripheral,14
100000005807278100,1,False,1,0,8385.0,0.0,1,0,0.0,False,1,1,0,0.0,0.0,2.91876993847384e-271,0,5,,,1,2026-07-19,2026-07-19,8385.0,1.0,8385.0,3.313132067436424e-05,,peripheral,0.8,"Признаков роли нет: вход 8 385 KZT от 1, выход 0 KZT к 0; передано 0%.",0.1144,peripheral,44
100000007303047100,3,False,1,0,52250.0,0.0,1,0,0.0,False,0,1,0,0.0,0.0,3.0588951023382876e-10,0,1,,,1,2026-07-28,2026-07-28,52250.0,0.06726664348977997,4723.55816934447,1.8664009592397734e-05,,peripheral,0.8,"Признаков роли нет: вход 52 250 KZT от 1, выход 0 KZT к 0; передано 0%.",0.1143,peripheral,2
100000004257714100,3,False,1,0,52220.0,0.0,1,0,0.0,False,0,1,0,0.0,0.0,3.0588951023382876e-10,0,1,,,1,2026-07-10,2026-07-10,52220.0,0.06726664348977997,4720.846078529536,1.865329341473876e-05,,peripheral,0.8,"Признаков роли нет: вход 52 220 KZT от 1, выход 0 KZT к 0; передано 0%.",0.1141,peripheral,2
100000008684452100,3,False,1,0,51800.0,0.0,1,0,0.0,False,0,1,0,0.0,0.0,3.0588951023382876e-10,0,1,,,1,2026-07-08,2026-07-08,51800.0,0.06726664348977997,4682.87680712045,1.8503266926100068e-05,,peripheral,0.8,"Признаков роли нет: вход 51 800 KZT от 1, выход 0 KZT к 0; передано 0%.",0.1136,peripheral,2
100000007382152100,2,False,1,0,5860.0,0.0,1,0,0.0,False,0,7,0,0.0,0.0,5.172134115335331e-05,0,0,,,1,2026-07-30,2026-07-30,5860.0,0.7930851940305709,4723.786659052154,1.866491241474972e-05,,peripheral,0.8,"Признаков роли нет: вход 5 860 KZT от 1, выход 0 KZT к 0; передано 0%.",0.1134,peripheral,1
100000004553349100,3,False,1,0,7755.0,0.0,1,0,0.0,False,0,7,0,0.0,0.0,0.00010694238652270059,0,0,,,1,2026-07-15,2026-07-15,7755.0,0.45761333981763813,4588.626075579657,1.8130857717867685e-05,,peripheral,0.8,"Признаков роли нет: вход 7 755 KZT от 1, выход 0 KZT к 0; передано 0%.",0.1134,peripheral,8
100000002948492100,3,False,1,0,23660.0,0.0,1,0,0.0,False,0,7,0,0.0,0.0,2.4413789354590045e-05,0,0,,,1,2026-07-21,2026-07-21,23660.0,0.08962681696565522,2795.4703005829415,1.1045631838323681e-05,,peripheral,0.8,"Признаков роли нет: вход 23 660 KZT от 1, выход 0 KZT к 0; передано 0%.",0.113,peripheral,14
100000004493586100,3,False,1,0,7500.0,0.0,1,0,0.0,False,0,7,0,0.0,0.0,0.0006428156575478821,0,0,,,1,2026-07-05,2026-07-05,7500.0,0.46308466801649245,4550.10471873042,1.7978649795788072e-05,,peripheral,0.8,"Признаков роли нет: вход 7 500 KZT от 1, выход 0 KZT к 0; передано 0%.",0.113,peripheral,1
100000007999728100,3,False,1,0,23250.0,0.0,1,0,0.0,False,0,7,0,0.0,0.0,2.4413789354590045e-05,0,0,,,1,2026-07-04,2026-07-04,23250.0,0.08962681696565522,2747.0280848923667,1.0854224016987194e-05,,peripheral,0.8,"Признаков роли нет: вход 23 250 KZT от 1, выход 0 KZT к 0; передано 0%.",0.1122,peripheral,14
100000002871199100,3,False,1,0,23186.0,0.0,1,0,0.0,False,0,7,0,0.0,0.0,2.4413789354590045e-05,0,0,,,1,2026-07-06,2026-07-06,23186.0,0.08962681696565522,2739.4663731748133,1.0824345722875514e-05,,peripheral,0.8,"Признаков роли нет: вход 23 186 KZT от 1, выход 0 KZT к 0; передано 0%.",0.1119,peripheral,14
100000008742266100,2,False,1,0,21000.0,0.0,1,0,0.0,False,0,1,0,0.0,0.0,7.619950610759462e-13,0,1,,,1,2026-07-21,2026-07-21,21000.0,0.2986981541591034,6272.661237341171,2.478491961068689e-05,,peripheral,0.8,"Признаков роли нет: вход 21 000 KZT от 1, выход 0 KZT к 0; передано 0%.",0.1118,peripheral,2
100000001550419100,3,False,1,0,23000.0,0.0,1,0,0.0,False,0,7,0,0.0,0.0,2.4413789354590045e-05,0,0,,,1,2026-07-21,2026-07-21,23000.0,0.0896268169656552,2717.4901484956745,1.0737511930694397e-05,,peripheral,0.8,"Признаков роли нет: вход 23 000 KZT от 1, выход 0 KZT к 0; передано 0%.",0.1114,peripheral,14
100000001969496100,3,False,1,0,22740.0,0.0,1,0,0.0,False,0,7,0,0.0,0.0,2.4413789354590045e-05,0,0,,,1,2026-07-17,2026-07-17,22740.0,0.08962681696565522,2686.770694643115,1.0616131361086486e-05,,peripheral,0.8,"Признаков роли нет: вход 22 740 KZT от 1, выход 0 KZT к 0; передано 0%.",0.1103,peripheral,14
100000002369443100,3,False,1,0,50000.0,0.0,1,0,0.0,False,0,1,0,0.0,0.0,3.0588951023382876e-10,0,1,,,1,2026-07-27,2026-07-27,50000.0,0.06726664348977997,4520.151358224373,1.7860296260673886e-05,,peripheral,0.8,"Признаков роли нет: вход 50 000 KZT от 1, выход 0 KZT к 0; передано 0%.",0.1102,peripheral,2
100000007737775100,3,False,1,0,6000.0,0.0,1,0,0.0,False,0,8,0,0.0,0.0,9.977809130351899e-07,0,0,,,1,2026-07-06,2026-07-06,6000.0,0.2541284766188996,1941.4588616022804,7.67121003212947e-06,,peripheral,0.8,"Признаков роли нет: вход 6 000 KZT от 1, выход 0 KZT к 0; передано 0%.",0.1092,peripheral,11
100000008713685100,3,False,1,0,49700.0,0.0,1,0,0.0,False,0,1,0,0.0,0.0,3.0588951023382876e-10,0,1,,,1,2026-07-14,2026-07-14,49700.0,0.06726664348977997,4493.030450075027,1.775313448314211e-05,,peripheral,0.8,"Признаков роли нет: вход 49 700 KZT от 1, выход 0 KZT к 0; передано 0%.",0.1091,peripheral,2
100000005041905100,3,False,1,1,5000.0,1080351.0,1,5,216.0702,False,0,1,0,0.0,3.2713980939378665e-13,3.0588951023382876e-10,1,1,0.0,,1,2026-07-31,2026-07-31,1085351.0,0.06726664348977997,452.0151358224373,-0.008901622656886394,,peripheral,0.8,"Признаков роли нет: вход 5 000 KZT от 1, выход 1 080 351 KZT к 1; передано 21607% (возможны поступления вне выборки).",0.1086,peripheral,2
100000005205745100,2,False,1,0,6000.0,0.0,1,0,0.0,False,0,7,0,0.0,0.0,2.3525061209285672e-07,0,0,,,1,2026-07-19,2026-07-19,6000.0,0.6907885190178179,4280.746682428256,1.6914345982287888e-05,,peripheral,0.8,"Признаков роли нет: вход 6 000 KZT от 1, выход 0 KZT к 0; передано 0%.",0.1081,peripheral,4
100000008677518100,3,False,1,0,48700.0,0.0,1,0,0.0,False,0,1,0,0.0,0.0,3.0588951023382876e-10,0,1,,,1,2026-07-05,2026-07-05,48700.0,0.06726664348977997,4402.627422910539,1.7395928557879173e-05,,peripheral,0.8,"Признаков роли нет: вход 48 700 KZT от 1, выход 0 KZT к 0; передано 0%.",0.1067,peripheral,2
100000007337374100,2,False,1,0,20000.0,0.0,2,0,0.0,False,0,1,0,0.0,0.0,7.619950610759462e-13,0,1,,,1,2026-07-13,2026-07-27,20000.0,0.2986981541591034,5973.963083182068,2.3604685343539362e-05,,peripheral,0.8,"Признаков роли нет: вход 20 000 KZT от 1, выход 0 KZT к 0; передано 0%.",0.1067,peripheral,2
100000005756535100,3,False,1,0,20000.0,0.0,1,0,0.0,False,0,1,0,0.0,0.0,0.0,0,1,,,1,2026-07-18,2026-07-18,20000.0,0.27965640177137213,5973.963083182068,2.3604685343539362e-05,,peripheral,0.8,"Признаков роли нет: вход 20 000 KZT от 1, выход 0 KZT к 0; передано 0%.",0.1067,peripheral,2
100000003996562100,3,False,1,0,7700.0,0.0,1,0,0.0,False,0,7,0,0.0,0.0,2.350941696846872e-06,0,0,,,1,2026-07-01,2026-07-01,7700.0,0.47830888609990535,3905.200596804708,1.543046550633398e-05,,peripheral,0.8,"Признаков роли нет: вход 7 700 KZT от 1, выход 0 KZT к 0; передано 0%.",0.1064,peripheral,1
100000008677215100,3,False,1,0,9000.0,0.0,1,0,0.0,False,0,7,0,0.0,0.0,3.197873561503488e-06,0,0,,,1,2026-07-05,2026-07-05,9000.0,0.3625361275118355,3701.8663922092574,1.4627039061833252e-05,,peripheral,0.8,"Признаков роли нет: вход 9 000 KZT от 1, выход 0 KZT к 0; передано 0%.",0.1044,peripheral,21
100000002974256100,2,False,1,0,7200.0,0.0,1,0,0.0,False,0,1,0,0.0,0.0,0.0,0,0,,,1,2026-07-25,2026-07-25,7200.0,1.0,7200.0,2.8449076786573947e-05,,peripheral,0.8,"Признаков роли нет: вход 7 200 KZT от 1, выход 0 KZT к 0; передано 0%.",0.104,peripheral,10
100000008696692100,2,False,1,0,19000.0,0.0,1,0,0.0,False,0,1,0,0.0,0.0,7.619950610759462e-13,0,1,,,1,2026-07-10,2026-07-10,19000.0,0.2986981541591034,5675.264929022965,2.2424451076391833e-05,,peripheral,0.8,"Признаков роли нет: вход 19 000 KZT от 1, выход 0 KZT к 0; передано 0%.",0.1032,peripheral,2
100000008754747100,3,False,1,0,45500.0,0.0,1,0,0.0,False,0,1,0,0.0,0.0,3.0588951023382876e-10,0,1,,,1,2026-07-24,2026-07-24,45500.0,0.06726664348977997,4113.33773598418,1.625286959722619e-05,,peripheral,0.8,"Признаков роли нет: вход 45 500 KZT от 1, выход 0 KZT к 0; передано 0%.",0.1029,peripheral,2
100000008772246100,3,False,1,0,44500.0,0.0,1,0,0.0,False,0,1,0,0.0,0.0,3.0588951023382876e-10,0,1,,,1,2026-07-29,2026-07-29,44500.0,0.06726664348977997,4022.934708819692,1.589566367208101e-05,,peripheral,0.8,"Признаков роли нет: вход 44 500 KZT от 1, выход 0 KZT к 0; передано 0%.",0.1015,peripheral,2
100000002908521100,3,False,1,0,44500.0,0.0,1,0,0.0,False,0,1,0,0.0,0.0,3.0588951023382876e-10,0,1,,,1,2026-07-31,2026-07-31,44500.0,0.06726664348977997,4022.934708819692,1.589566367208101e-05,,peripheral,0.8,"Признаков роли нет: вход 44 500 KZT от 1, выход 0 KZT к 0; передано 0%.",0.1015,peripheral,2
100000008416433100,3,False,1,0,20000.0,0.0,1,0,0.0,False,0,7,0,0.0,0.0,2.4413789354590045e-05,0,0,,,1,2026-07-16,2026-07-16,20000.0,0.08962681696565522,2363.034911735369,9.336966896358394e-06,,peripheral,0.8,"Признаков роли нет: вход 20 000 KZT от 1, выход 0 KZT к 0; передано 0%.",0.1011,peripheral,14
100000002546921100,3,False,1,0,20000.0,0.0,1,0,0.0,False,0,7,0,0.0,0.0,2.4413789354590045e-05,0,0,,,1,2026-07-18,2026-07-18,20000.0,0.08962681696565522,2363.034911735369,9.336966896358394e-06,,peripheral,0.8,"Признаков роли нет: вход 20 000 KZT от 1, выход 0 KZT к 0; передано 0%.",0.1011,peripheral,14
100000008755754100,3,False,1,0,7000.0,0.0,1,0,0.0,False,0,1,0,0.0,0.0,0.0,0,0,,,1,2026-07-29,2026-07-29,7000.0,1.0,7000.0,2.765882465361356e-05,,peripheral,0.8,"Признаков роли нет: вход 7 000 KZT от 1, выход 0 KZT к 0; передано 0%.",0.101,peripheral,12
100000008682426100,3,False,1,0,20000.0,0.0,1,0,0.0,False,0,7,0,0.0,0.0,2.4413789354590045e-05,0,0,,,1,2026-07-18,2026-07-18,20000.0,0.08962681696565522,2363.034911735369,9.336966896240638e-06,,peripheral,0.8,"Признаков роли нет: вход 20 000 KZT от 1, выход 0 KZT к 0; передано 0%.",0.101,peripheral,14
100000003377795100,1,False,1,0,7000.0,0.0,1,0,0.0,False,1,1,0,0.0,0.0,4.341414826156218e-06,0,0,,,1,2026-07-08,2026-07-08,7000.0,1.0,7000.0,2.765882465361356e-05,,peripheral,0.8,"Признаков роли нет: вход 7 000 KZT от 1, выход 0 KZT к 0; передано 0%.",0.101,peripheral,4
100000008687617100,3,False,1,0,43350.0,0.0,2,0,0.0,False,0,1,0,0.0,0.0,3.0588951023382876e-10,0,1,,,1,2026-07-08,2026-07-15,43350.0,0.06726664348977997,3918.9712275805314,1.5484876858052184e-05,,peripheral,0.8,"Признаков роли нет: вход 43 350 KZT от 1, выход 0 KZT к 0; передано 0%.",0.1003,peripheral,2
100000000955444100,2,False,1,0,6910.0,0.0,1,0,0.0,False,0,1,0,0.0,0.0,1.23619985386e-313,0,4,,,1,2026-07-03,2026-07-03,6910.0,1.0,6910.0,2.7303211193781385e-05,,peripheral,0.8,"Признаков роли нет: вход 6 910 KZT от 1, выход 0 KZT к 0; передано 0%.",0.0998,peripheral,42
100000003671721100,3,False,1,0,5000.0,0.0,1,0,0.0,False,0,9,0,0.0,0.0,0.0,0,0,,,1,2026-07-16,2026-07-16,5000.0,0.1608444953177036,1046.3430224598408,4.134374026558713e-06,,peripheral,0.8,"Признаков роли нет: вход 5 000 KZT от 1, выход 0 KZT к 0; передано 0%.",0.0994,peripheral,9
100000003006633100,3,False,1,0,10000.0,0.0,1,0,0.0,False,0,7,0,0.0,0.0,2.3749511394193016e-243,0,0,,,1,2026-07-10,2026-07-10,10000.0,0.22416528827701412,2968.2143719353617,1.1728188692583585e-05,,peripheral,0.8,"Признаков роли нет: вход 10 000 KZT от 1, выход 0 KZT к 0; передано 0%.",0.0979,peripheral,33
100000004592467100,2,False,1,0,7000.0,0.0,1,0,0.0,False,0,1,0,0.0,0.0,6.211858071745701e-05,0,0,,,1,2026-07-27,2026-07-27,7000.0,0.9502737530483157,6651.91627133821,2.6283455108457955e-05,,peripheral,0.8,"Признаков роли нет: вход 7 000 KZT от 1, выход 0 KZT к 0; передано 0%.",0.0979,peripheral,3
100000006471232100,3,False,1,0,41800.0,0.0,1,0,0.0,False,0,1,0,0.0,0.0,3.0588951023382876e-10,0,1,,,1,2026-07-16,2026-07-16,41800.0,0.06726664348977997,3778.846535475576,1.4931207673941738e-05,,peripheral,0.8,"Признаков роли нет: вход 41 800 KZT от 1, выход 0 KZT к 0; передано 0%.",0.0974,peripheral,2
100000000782285100,3,False,1,0,6151.0,0.0,1,0,0.0,False,0,7,0,0.0,0.0,2.350941696846872e-06,0,0,,,1,2026-07-14,2026-07-14,6151.0,0.47830888609990535,3119.595957265683,1.2326336796072468e-05,,peripheral,0.8,"Признаков роли нет: вход 6 151 KZT от 1, выход 0 KZT к 0; передано 0%.",0.0968,peripheral,1
100000006746688100,3,False,1,0,41000.0,0.0,1,0,0.0,False,0,1,0,0.0,0.0,3.0588951023382876e-10,0,1,,,1,2026-07-21,2026-07-21,41000.0,0.06726664348977997,3706.524113743986,1.4645442933778493e-05,,peripheral,0.8,"Признаков роли нет: вход 41 000 KZT от 1, выход 0 KZT к 0; передано 0%.",0.0962,peripheral,2
100000003986141100,3,False,1,0,5286.32,0.0,1,0,0.0,False,0,7,0,0.0,0.0,0.0004659017954226318,0,0,,,1,2026-07-08,2026-07-08,5286.32,0.4973411187126133,3225.7321155190807,1.2745708423309402e-05,,peripheral,0.8,"Признаков роли нет: вход 5 286 KZT от 1, выход 0 KZT к 0; передано 0%.",0.0959,peripheral,16
100000006444163100,3,False,1,0,6026.0,0.0,1,0,0.0,False,0,7,0,0.0,0.0,2.350941696846872e-06,0,0,,,1,2026-07-10,2026-07-10,6026.0,0.47830888609990535,3056.199843681191,1.2075842226086453e-05,,peripheral,0.8,"Признаков роли нет: вход 6 026 KZT от 1, выход 0 KZT к 0; передано 0%.",0.0959,peripheral,1
100000005055454100,3,False,1,0,6500.0,0.0,1,0,0.0,False,0,1,0,0.0,0.0,7.942334779703306e-267,0,3,,,1,2026-07-14,2026-07-14,6500.0,0.9998291388430323,6499.938372982936,2.5682950816869346e-05,,peripheral,0.8,"Признаков роли нет: вход 6 500 KZT от 1, выход 0 KZT к 0; передано 0%.",0.0958,peripheral,28
100000008683818100,2,False,1,0,17400.0,0.0,1,0,0.0,False,0,1,0,0.0,0.0,7.619950610759462e-13,0,1,,,1,2026-07-07,2026-07-07,17400.0,0.2986981541591034,5197.347882368399,2.0536076248861582e-05,,peripheral,0.8,"Признаков роли нет: вход 17 400 KZT от 1, выход 0 KZT к 0; передано 0%.",0.0953,peripheral,2
100000000408846100,3,False,1,0,40500.0,0.0,1,0,0.0,False,0,7,0,0.0,0.0,2.8321519604650354e-232,0,0,,,1,2026-07-16,2026-07-16,40500.0,0.007983762130823174,520.6785916684164,2.0573368382646315e-06,,peripheral,0.8,"Признаков роли нет: вход 40 500 KZT от 1, выход 0 KZT к 0; передано 0%.",0.0946,peripheral,25
100000005996909100,3,False,1,0,5500.0,0.0,1,0,0.0,False,0,7,0,0.0,0.0,2.729958207537258e-06,0,0,,,1,2026-07-29,2026-07-29,5500.0,0.49183477453329266,3029.892868642433,1.1971896510413384e-05,,peripheral,0.8,"Признаков роли нет: вход 5 500 KZT от 1, выход 0 KZT к 0; передано 0%.",0.0946,peripheral,15
100000002095257100,3,False,1,0,8500.0,0.0,1,0,0.0,False,0,8,0,0.0,0.0,1.0252342405126814e-06,0,0,,,1,2026-07-17,2026-07-17,8500.0,0.0735777071085092,751.0426257439491,2.9675651847355766e-06,,peripheral,0.8,"Признаков роли нет: вход 8 500 KZT от 1, выход 0 KZT к 0; передано 0%.",0.0941,peripheral,10
100000000572276100,3,False,1,1,13075.0,34547.0,1,1,2.6422179732313578,False,0,1,0,1.387027959709612e-06,0.0,3.0588951023382876e-10,0,1,0.0,13.0,1,2026-07-09,2026-07-09,47622.0,0.06726664348977997,1182.0195801756736,1.3852646975471761e-05,,peripheral,0.8,"Признаков роли нет: вход 13 075 KZT от 1, выход 34 547 KZT к 1; передано 264% (возможны поступления вне выборки).",0.0914,peripheral,2
100000008671081100,3,False,1,0,37200.0,0.0,1,0,0.0,False,0,1,0,0.0,0.0,3.0588951023382876e-10,0,1,,,1,2026-07-03,2026-07-03,37200.0,0.06726664348977997,3362.992610518934,1.3288060417944198e-05,,peripheral,0.8,"Признаков роли нет: вход 37 200 KZT от 1, выход 0 KZT к 0; передано 0%.",0.0908,peripheral,2
100000008749405100,3,False,1,0,37150.0,0.0,1,0,0.0,False,0,1,0,0.0,0.0,3.0588951023382876e-10,0,1,,,1,2026-07-23,2026-07-23,37150.0,0.06726664348977997,3358.472459160709,1.3270200121728152e-05,,peripheral,0.8,"Признаков роли нет: вход 37 150 KZT от 1, выход 0 KZT к 0; передано 0%.",0.0901,peripheral,2
100000002369510100,3,False,1,0,37150.0,0.0,1,0,0.0,False,0,1,0,0.0,0.0,3.0588951023382876e-10,0,1,,,1,2026-07-31,2026-07-31,37150.0,0.06726664348977997,3358.472459160709,1.3270200121728152e-05,,peripheral,0.8,"Признаков роли нет: вход 37 150 KZT от 1, выход 0 KZT к 0; передано 0%.",0.0901,peripheral,2
100000003336565100,2,False,1,0,16550.0,0.0,1,0,0.0,False,0,1,0,0.0,0.0,7.619950610759462e-13,0,1,,,1,2026-07-09,2026-07-09,16550.0,0.2986981541591034,4943.454451333161,1.9532877121750857e-05,,peripheral,0.8,"Признаков роли нет: вход 16 550 KZT от 1, выход 0 KZT к 0; передано 0%.",0.0897,peripheral,2
100000008771627100,2,False,1,0,16500.0,0.0,1,0,0.0,False,0,1,0,0.0,0.0,7.619950610759462e-13,0,1,,,1,2026-07-29,2026-07-29,16500.0,0.2986981541591034,4928.519543625206,1.9473865408405254e-05,,peripheral,0.8,"Признаков роли нет: вход 16 500 KZT от 1, выход 0 KZT к 0; передано 0%.",0.0892,peripheral,2
100000008695133100,3,False,1,0,36610.0,0.0,1,0,0.0,False,0,1,0,0.0,0.0,3.0588951023382876e-10,0,1,,,1,2026-07-10,2026-07-10,36610.0,0.06726664348977997,3309.654824491886,1.3077308922100298e-05,,peripheral,0.8,"Признаков роли нет: вход 36 610 KZT от 1, выход 0 KZT к 0; передано 0%.",0.0891,peripheral,2
100000008736394100,2,False,1,0,16000.0,0.0,1,0,0.0,False,0,1,0,0.0,0.0,7.619950610759462e-13,0,1,,,1,2026-07-20,2026-07-20,16000.0,0.2986981541591034,4779.170466545655,1.888374827483149e-05,,peripheral,0.8,"Признаков роли нет: вход 16 000 KZT от 1, выход 0 KZT к 0; передано 0%.",0.0866,peripheral,2
100000008749989100,2,False,1,0,16000.0,0.0,1,0,0.0,False,0,1,0,0.0,0.0,7.619950610759462e-13,0,1,,,1,2026-07-23,2026-07-23,16000.0,0.2986981541591034,4779.170466545655,1.888374827483149e-05,,peripheral,0.8,"Признаков роли нет: вход 16 000 KZT от 1, выход 0 KZT к 0; передано 0%.",0.0866,peripheral,2
100000008667795100,3,False,1,0,34000.0,0.0,1,0,0.0,False,0,1,0,0.0,0.0,3.0588951023382876e-10,0,1,,,1,2026-07-02,2026-07-02,34000.0,0.06726664348977997,3073.702923592574,1.2145001457291214e-05,,peripheral,0.8,"Признаков роли нет: вход 34 000 KZT от 1, выход 0 KZT к 0; передано 0%.",0.0859,peripheral,2
100000008667799100,3,False,1,0,34000.0,0.0,1,0,0.0,False,0,1,0,0.0,0.0,3.0588951023382876e-10,0,1,,,1,2026-07-02,2026-07-02,34000.0,0.06726664348977997,3073.702923592574,1.2145001457291214e-05,,peripheral,0.8,"Признаков роли нет: вход 34 000 KZT от 1, выход 0 KZT к 0; передано 0%.",0.0859,peripheral,2
100000008695566100,3,False,1,0,33700.0,0.0,1,0,0.0,False,0,1,0,0.0,0.0,3.0588951023382876e-10,0,1,,,1,2026-07-10,2026-07-10,33700.0,0.06726664348977997,3046.5820154432276,1.2037839679759436e-05,,peripheral,0.8,"Признаков роли нет: вход 33 700 KZT от 1, выход 0 KZT к 0; передано 0%.",0.0851,peripheral,2
100000008769097100,3,False,1,0,31100.0,0.0,1,0,0.0,False,0,1,0,0.0,0.0,3.0588951023382876e-10,0,1,,,1,2026-07-28,2026-07-28,31100.0,0.06726664348977997,2811.53414481556,1.1109104274170009e-05,,peripheral,0.8,"Признаков роли нет: вход 31 100 KZT от 1, выход 0 KZT к 0; передано 0%.",0.0805,peripheral,2
100000008684767100,3,False,1,0,31100.0,0.0,1,0,0.0,False,0,1,0,0.0,0.0,3.0588951023382876e-10,0,1,,,1,2026-07-07,2026-07-07,31100.0,0.06726664348977997,2811.53414481556,1.1109104274052253e-05,,peripheral,0.8,"Признаков роли нет: вход 31 100 KZT от 1, выход 0 KZT к 0; передано 0%.",0.0804,peripheral,2
100000008687492100,2,False,1,0,15000.0,0.0,1,0,0.0,False,0,1,0,0.0,0.0,7.619950610759462e-13,0,1,,,1,2026-07-08,2026-07-08,15000.0,0.2986981541591034,4480.472312386551,1.7703514007566206e-05,,peripheral,0.8,"Признаков роли нет: вход 15 000 KZT от 1, выход 0 KZT к 0; передано 0%.",0.0801,peripheral,2
100000006831291100,0,True,0,1,0.0,15000.0,0,3,,False,0,0,0,0.0,4.805492240397117e-303,0.0,0,8,0.0,,0,,,15000.0,1.0,0.0,5.926890997202905e-05,,peripheral,0.8,"Признаков роли нет: вход 0 KZT от 0, выход 15 000 KZT к 1; передано н/д.",0.0795,peripheral,52
100000000783406100,3,False,1,0,6066.0,0.0,1,0,0.0,False,0,7,0,0.0,0.0,2.3749511394193016e-243,0,0,,,1,2026-07-22,2026-07-22,6066.0,0.22416528827701415,1800.5188380159902,7.114319260896121e-06,,peripheral,0.8,"Признаков роли нет: вход 6 066 KZT от 1, выход 0 KZT к 0; передано 0%.",0.0771,peripheral,33
100000002184107100,3,False,1,0,6066.0,0.0,1,0,0.0,False,0,7,0,0.0,0.0,2.3749511394193016e-243,0,0,,,1,2026-07-21,2026-07-21,6066.0,0.22416528827701415,1800.5188380159902,7.114319260896121e-06,,peripheral,0.8,"Признаков роли нет: вход 6 066 KZT от 1, выход 0 KZT к 0; передано 0%.",0.0771,peripheral,33
100000008738658100,3,False,1,0,29920.0,0.0,1,0,0.0,False,0,1,0,0.0,0.0,3.0588951023382876e-10,0,1,,,1,2026-07-21,2026-07-21,29920.0,0.06726664348977997,2704.858572761465,1.0687601282364456e-05,,peripheral,0.8,"Признаков роли нет: вход 29 920 KZT от 1, выход 0 KZT к 0; передано 0%.",0.077,peripheral,2
100000007930878100,2,False,1,0,5000.0,0.0,1,0,0.0,False,0,1,0,0.0,0.0,1.23619985386e-313,0,4,,,1,2026-07-09,2026-07-09,5000.0,1.0,5000.0,1.9756303324009683e-05,,peripheral,0.8,"Признаков роли нет: вход 5 000 KZT от 1, выход 0 KZT к 0; передано 0%.",0.0765,peripheral,42
100000000307908100,2,False,1,0,5000.0,0.0,1,0,0.0,False,0,1,0,0.0,0.0,3.259989328808774e-220,0,7,,,1,2026-07-16,2026-07-16,5000.0,0.9977787885674079,4995.319719933805,1.9737810317510026e-05,,peripheral,0.8,"Признаков роли нет: вход 5 000 KZT от 1, выход 0 KZT к 0; передано 0%.",0.0754,peripheral,41
100000008042075100,3,False,1,0,5000.0,0.0,1,0,0.0,False,0,1,0,0.0,0.0,2.063413074803692e-248,0,0,,,1,2026-07-01,2026-07-01,5000.0,0.988260706235913,4986.659893449902,1.9703593085746734e-05,,peripheral,0.8,"Признаков роли нет: вход 5 000 KZT от 1, выход 0 KZT к 0; передано 0%.",0.0752,peripheral,22
100000005198498100,3,False,1,0,28800.0,0.0,1,0,0.0,False,0,1,0,0.0,0.0,3.0588951023382876e-10,0,1,,,1,2026-07-09,2026-07-09,28800.0,0.06726664348977997,2603.607182337239,1.028753064611236e-05,,peripheral,0.8,"Признаков роли нет: вход 28 800 KZT от 1, выход 0 KZT к 0; передано 0%.",0.0751,peripheral,2
100000008507703100,3,False,1,0,28500.0,0.0,1,0,0.0,False,0,1,0,0.0,0.0,3.0588951023382876e-10,0,1,,,1,2026-07-03,2026-07-03,28500.0,0.06726664348977997,2576.486274187893,1.0180368868580582e-05,,peripheral,0.8,"Признаков роли нет: вход 28 500 KZT от 1, выход 0 KZT к 0; передано 0%.",0.0746,peripheral,2
100000008753061100,3,False,1,0,28400.0,0.0,2,0,0.0,False,0,1,0,0.0,0.0,3.0588951023382876e-10,0,1,,,1,2026-07-24,2026-07-28,28400.0,0.06726664348977997,2567.445971471444,1.0144648276030737e-05,,peripheral,0.8,"Признаков роли нет: вход 28 400 KZT от 1, выход 0 KZT к 0; передано 0%.",0.0742,peripheral,2
100000008055972100,3,False,1,0,28300.0,0.0,1,0,0.0,False,0,1,0,0.0,0.0,3.0588951023382876e-10,0,1,,,1,2026-07-10,2026-07-10,28300.0,0.06726664348977997,2558.405668754995,1.010892768359865e-05,,peripheral,0.8,"Признаков роли нет: вход 28 300 KZT от 1, выход 0 KZT к 0; передано 0%.",0.0739,peripheral,2
100000008653041100,3,False,1,0,28000.0,0.0,1,0,0.0,False,0,1,0,0.0,0.0,3.0588951023382876e-10,0,1,,,1,2026-07-22,2026-07-22,28000.0,0.06726664348977997,2531.284760605649,1.0001765905949114e-05,,peripheral,0.8,"Признаков роли нет: вход 28 000 KZT от 1, выход 0 KZT к 0; передано 0%.",0.0732,peripheral,2
100000008764436100,2,False,1,0,13100.0,0.0,1,0,0.0,False,0,1,0,0.0,0.0,7.619950610759462e-13,0,1,,,1,2026-07-27,2026-07-27,13100.0,0.2986981541591034,3912.9458194842546,1.5461068899962348e-05,,peripheral,0.8,"Признаков роли нет: вход 13 100 KZT от 1, выход 0 KZT к 0; передано 0%.",0.0728,peripheral,2
100000006701983100,3,False,1,0,27000.0,0.0,1,0,0.0,False,0,1,0,0.0,0.0,3.0588951023382876e-10,0,1,,,1,2026-07-03,2026-07-03,27000.0,0.06726664348977997,2440.8817334411615,9.644559980803936e-06,,peripheral,0.8,"Признаков роли нет: вход 27 000 KZT от 1, выход 0 KZT к 0; передано 0%.",0.0719,peripheral,2
100000002103448100,3,False,1,0,27000.0,0.0,1,0,0.0,False,0,1,0,0.0,0.0,3.0588951023382876e-10,0,1,,,1,2026-07-13,2026-07-13,27000.0,0.06726664348977997,2440.8817334411615,9.644559980803936e-06,,peripheral,0.8,"Признаков роли нет: вход 27 000 KZT от 1, выход 0 KZT к 0; передано 0%.",0.0719,peripheral,2
100000008672762100,2,False,1,0,13000.0,0.0,1,0,0.0,False,0,1,0,0.0,0.0,7.619950610759462e-13,0,1,,,1,2026-07-03,2026-07-03,13000.0,0.2986981541591034,3883.076004068344,1.5343045473271147e-05,,peripheral,0.8,"Признаков роли нет: вход 13 000 KZT от 1, выход 0 KZT к 0; передано 0%.",0.0715,peripheral,2
100000008672480100,2,False,1,0,13000.0,0.0,1,0,0.0,False,0,1,0,0.0,0.0,7.619950610759462e-13,0,1,,,1,2026-07-03,2026-07-03,13000.0,0.2986981541591034,3883.076004068344,1.5343045473271147e-05,,peripheral,0.8,"Признаков роли нет: вход 13 000 KZT от 1, выход 0 KZT к 0; передано 0%.",0.0715,peripheral,2
100000008690762100,3,False,1,0,26750.0,0.0,1,0,0.0,False,0,1,0,0.0,0.0,3.0588951023382876e-10,0,1,,,1,2026-07-09,2026-07-09,26750.0,0.06726664348977997,2418.2809766500395,9.555258499488202e-06,,peripheral,0.8,"Признаков роли нет: вход 26 750 KZT от 1, выход 0 KZT к 0; передано 0%.",0.071,peripheral,2
100000004007197100,3,False,1,0,10048.0,0.0,1,0,0.0,False,0,1,0,0.0,0.0,3.403941910066223e-179,0,2,,,1,2026-07-29,2026-07-29,10048.0,0.335983500332423,3907.8744366201367,1.544103054438938e-05,,peripheral,0.8,"Признаков роли нет: вход 10 048 KZT от 1, выход 0 KZT к 0; передано 0%.",0.07,peripheral,23
100000008707810100,3,False,1,0,26200.0,0.0,1,0,0.0,False,0,1,0,0.0,0.0,3.0588951023382876e-10,0,1,,,1,2026-07-13,2026-07-13,26200.0,0.06726664348977997,2368.5593117095714,9.35879524064069e-06,,peripheral,0.8,"Признаков роли нет: вход 26 200 KZT от 1, выход 0 KZT к 0; передано 0%.",0.0697,peripheral,2
100000006491272100,3,False,1,0,26200.0,0.0,1,0,0.0,False,0,1,0,0.0,0.0,3.0588951023382876e-10,0,1,,,1,2026-07-01,2026-07-01,26200.0,0.06726664348977997,2368.5593117095714,9.35879524064069e-06,,peripheral,0.8,"Признаков роли нет: вход 26 200 KZT от 1, выход 0 KZT к 0; передано 0%.",0.0697,peripheral,2
100000008695689100,3,False,1,0,26200.0,0.0,1,0,0.0,False,0,1,0,0.0,0.0,3.0588951023382876e-10,0,1,,,1,2026-07-10,2026-07-10,26200.0,0.06726664348977997,2368.5593117095714,9.35879524064069e-06,,peripheral,0.8,"Признаков роли нет: вход 26 200 KZT от 1, выход 0 KZT к 0; передано 0%.",0.0697,peripheral,2
100000005674387100,3,False,1,0,26200.0,0.0,1,0,0.0,False,0,1,0,0.0,0.0,3.0588951023382876e-10,0,1,,,1,2026-07-13,2026-07-13,26200.0,0.06726664348977997,2368.5593117095714,9.35879524064069e-06,,peripheral,0.8,"Признаков роли нет: вход 26 200 KZT от 1, выход 0 KZT к 0; передано 0%.",0.0697,peripheral,2
100000008671129100,3,False,1,0,26200.0,0.0,1,0,0.0,False,0,1,0,0.0,0.0,3.0588951023382876e-10,0,1,,,1,2026-07-03,2026-07-03,26200.0,0.06726664348977997,2368.5593117095714,9.35879524064069e-06,,peripheral,0.8,"Признаков роли нет: вход 26 200 KZT от 1, выход 0 KZT к 0; передано 0%.",0.0697,peripheral,2
100000008662216100,3,False,1,0,26200.0,0.0,1,0,0.0,False,0,1,0,0.0,0.0,3.0588951023382876e-10,0,1,,,1,2026-07-01,2026-07-01,26200.0,0.06726664348977997,2368.5593117095714,9.35879524064069e-06,,peripheral,0.8,"Признаков роли нет: вход 26 200 KZT от 1, выход 0 KZT к 0; передано 0%.",0.0697,peripheral,2
100000008776720100,3,False,1,0,26150.0,0.0,1,0,0.0,False,0,1,0,0.0,0.0,3.0588951023382876e-10,0,1,,,1,2026-07-30,2026-07-30,26150.0,0.06726664348977997,2364.039160351347,9.340934944306889e-06,,peripheral,0.8,"Признаков роли нет: вход 26 150 KZT от 1, выход 0 KZT к 0; передано 0%.",0.0681,peripheral,2
100000008717802100,3,False,1,0,26150.0,0.0,1,0,0.0,False,0,1,0,0.0,0.0,3.0588951023382876e-10,0,1,,,1,2026-07-15,2026-07-15,26150.0,0.06726664348977997,2364.039160351347,9.340934944306889e-06,,peripheral,0.8,"Признаков роли нет: вход 26 150 KZT от 1, выход 0 KZT к 0; передано 0%.",0.0681,peripheral,2
100000008764654100,3,False,1,0,26150.0,0.0,1,0,0.0,False,0,1,0,0.0,0.0,3.0588951023382876e-10,0,1,,,1,2026-07-27,2026-07-27,26150.0,0.06726664348977997,2364.039160351347,9.340934944306889e-06,,peripheral,0.8,"Признаков роли нет: вход 26 150 KZT от 1, выход 0 KZT к 0; передано 0%.",0.0681,peripheral,2
100000004634420100,3,False,1,0,26150.0,0.0,1,0,0.0,False,0,1,0,0.0,0.0,3.0588951023382876e-10,0,1,,,1,2026-07-22,2026-07-22,26150.0,0.06726664348977997,2364.039160351347,9.340934944306889e-06,,peripheral,0.8,"Признаков роли нет: вход 26 150 KZT от 1, выход 0 KZT к 0; передано 0%.",0.0681,peripheral,2
100000006490557100,2,False,1,0,5000.0,0.0,1,0,0.0,False,0,1,0,0.0,0.0,1.23619985386e-313,0,0,,,1,2026-07-23,2026-07-23,5000.0,0.8872389953130658,4436.194976565329,1.7528562712305967e-05,,peripheral,0.8,"Признаков роли нет: вход 5 000 KZT от 1, выход 0 KZT к 0; передано 0%.",0.0671,peripheral,48
100000008708025100,3,False,1,0,10000.0,0.0,1,0,0.0,False,0,7,0,0.0,0.0,2.91876993847384e-271,0,0,,,1,2026-07-25,2026-07-25,10000.0,0.05872641123280794,790.5420272541885,3.1236376162043168e-06,,peripheral,0.8,"Признаков роли нет: вход 10 000 KZT от 1, выход 0 KZT к 0; передано 0%.",0.0666,peripheral,27
100000006965162100,3,False,1,0,10000.0,0.0,1,0,0.0,False,0,7,0,0.0,0.0,2.91876993847384e-271,0,0,,,1,2026-07-03,2026-07-03,10000.0,0.05872641123280794,790.5420272541885,3.1236376162043168e-06,,peripheral,0.8,"Признаков роли нет: вход 10 000 KZT от 1, выход 0 KZT к 0; передано 0%.",0.0666,peripheral,27
100000008697670100,3,False,1,0,25350.0,0.0,1,0,0.0,False,0,1,0,0.0,0.0,3.0588951023382876e-10,0,1,,,1,2026-07-10,2026-07-10,25350.0,0.06726664348977997,2291.716738619757,9.055170204143643e-06,,peripheral,0.8,"Признаков роли нет: вход 25 350 KZT от 1, выход 0 KZT к 0; передано 0%.",0.0657,peripheral,2
100000008751349100,3,False,1,0,11630.0,0.0,1,0,0.0,False,0,7,0,0.0,0.0,2.8321519604650354e-232,0,0,,,1,2026-07-23,2026-07-23,11630.0,0.007983762130823174,149.51832150873292,5.907858623482329e-07,,peripheral,0.8,"Признаков роли нет: вход 11 630 KZT от 1, выход 0 KZT к 0; передано 0%.",0.0641,peripheral,25
100000008753897100,3,False,1,0,24050.0,0.0,1,0,0.0,False,0,1,0,0.0,0.0,3.0588951023382876e-10,0,1,,,1,2026-07-24,2026-07-24,24050.0,0.06726664348977997,2174.1928033059235,8.590802501466686e-06,,peripheral,0.8,"Признаков роли нет: вход 24 050 KZT от 1, выход 0 KZT к 0; передано 0%.",0.0625,peripheral,2
100000002373386100,3,False,1,0,24000.0,0.0,1,0,0.0,False,0,1,0,0.0,0.0,3.0588951023382876e-10,0,1,,,1,2026-07-29,2026-07-29,24000.0,0.06726664348977997,2169.6726519476993,8.572942205132886e-06,,peripheral,0.8,"Признаков роли нет: вход 24 000 KZT от 1, выход 0 KZT к 0; передано 0%.",0.062,peripheral,2
100000001860090100,3,False,1,0,5000.0,0.0,1,0,0.0,False,0,1,0,0.0,0.0,1.23619985386e-313,0,0,,,1,2026-07-31,2026-07-31,5000.0,0.6776286335763291,3894.7887819287253,1.5389325711677316e-05,,peripheral,0.8,"Признаков роли нет: вход 5 000 KZT от 1, выход 0 KZT к 0; передано 0%.",0.0617,peripheral,4
100000008744364100,3,False,1,0,23700.0,0.0,1,0,0.0,False,0,1,0,0.0,0.0,3.0588951023382876e-10,0,1,,,1,2026-07-22,2026-07-22,23700.0,0.06726664348977997,2142.551743798353,8.46578042748335e-06,,peripheral,0.8,"Признаков роли нет: вход 23 700 KZT от 1, выход 0 KZT к 0; передано 0%.",0.0614,peripheral,2
100000002216999100,3,False,1,0,23677.0,0.0,1,0,0.0,False,0,1,0,0.0,0.0,3.0588951023382876e-10,0,1,,,1,2026-07-20,2026-07-20,23677.0,0.06726664348977997,2140.4724741735695,8.457564691348793e-06,,peripheral,0.8,"Признаков роли нет: вход 23 677 KZT от 1, выход 0 KZT к 0; передано 0%.",0.061,peripheral,2
100000008688155100,3,False,1,0,23600.0,0.0,1,0,0.0,False,0,1,0,0.0,0.0,3.0588951023382876e-10,0,1,,,1,2026-07-08,2026-07-08,23600.0,0.06726664348977997,2133.511441081904,8.430059835051263e-06,,peripheral,0.8,"Признаков роли нет: вход 23 600 KZT от 1, выход 0 KZT к 0; передано 0%.",0.0602,peripheral,2
100000002913340100,3,False,1,0,23600.0,0.0,1,0,0.0,False,0,1,0,0.0,0.0,3.0588951023382876e-10,0,1,,,1,2026-07-21,2026-07-21,23600.0,0.06726664348977997,2133.511441081904,8.430059835051263e-06,,peripheral,0.8,"Признаков роли нет: вход 23 600 KZT от 1, выход 0 KZT к 0; передано 0%.",0.0602,peripheral,2
100000007510875100,3,False,1,0,5000.0,0.0,1,0,0.0,False,0,1,0,0.0,0.0,1.8482032690973996e-07,0,0,,,1,2026-07-05,2026-07-05,5000.0,0.6422280598123503,3730.0741238184382,1.473849516228346e-05,,peripheral,0.8,"Признаков роли нет: вход 5 000 KZT от 1, выход 0 KZT к 0; передано 0%.",0.06,peripheral,4
100000008745863100,3,False,1,0,22900.0,0.0,1,0,0.0,False,0,1,0,0.0,0.0,3.0588951023382876e-10,0,1,,,1,2026-07-22,2026-07-22,22900.0,0.06726664348977997,2070.229322066763,8.180015687437861e-06,,peripheral,0.8,"Признаков роли нет: вход 22 900 KZT от 1, выход 0 KZT к 0; передано 0%.",0.0588,peripheral,2
100000006573438100,3,False,1,0,5000.0,0.0,1,0,0.0,False,0,7,0,0.0,0.0,2.4284365594566553e-05,0,0,,,1,2026-07-11,2026-07-11,5000.0,0.08416429932669178,553.0021523343083,2.185055652027535e-06,,peripheral,0.8,"Признаков роли нет: вход 5 000 KZT от 1, выход 0 KZT к 0; передано 0%.",0.0586,peripheral,40
100000008661550100,3,False,1,0,22800.0,0.0,1,0,0.0,False,0,1,0,0.0,0.0,3.0588951023382876e-10,0,1,,,1,2026-07-01,2026-07-01,22800.0,0.06726664348977997,2061.189019350314,8.144295094888016e-06,,peripheral,0.8,"Признаков роли нет: вход 22 800 KZT от 1, выход 0 KZT к 0; передано 0%.",0.0586,peripheral,2
100000008478414100,2,False,1,0,10000.0,0.0,1,0,0.0,False,0,1,0,0.0,0.0,7.619950610759462e-13,0,1,,,1,2026-07-24,2026-07-24,10000.0,0.2986981541591034,2986.981541591034,1.180234267182856e-05,,peripheral,0.8,"Признаков роли нет: вход 10 000 KZT от 1, выход 0 KZT к 0; передано 0%.",0.0582,peripheral,2
100000000625169100,2,False,1,0,10000.0,0.0,1,0,0.0,False,0,1,0,0.0,0.0,7.619950610759462e-13,0,1,,,1,2026-07-29,2026-07-29,10000.0,0.2986981541591034,2986.981541591034,1.180234267182856e-05,,peripheral,0.8,"Признаков роли нет: вход 10 000 KZT от 1, выход 0 KZT к 0; передано 0%.",0.0582,peripheral,2
100000005543136100,0,True,0,1,0.0,10000.0,0,1,,False,0,0,1,0.0,1.842487578118373e-08,0.0,0,0,0.0,,0,,,10000.0,1.0,0.0,3.9512606648019366e-05,,peripheral,0.8,"Признаков роли нет: вход 0 KZT от 0, выход 10 000 KZT к 1; передано н/д.",0.0582,peripheral,3
100000001155773100,3,False,1,0,21500.0,0.0,1,0,0.0,False,0,1,0,0.0,0.0,3.0588951023382876e-10,0,1,,,1,2026-07-16,2026-07-16,21500.0,0.06726664348977997,1943.6650840364805,7.679927392093303e-06,,peripheral,0.8,"Признаков роли нет: вход 21 500 KZT от 1, выход 0 KZT к 0; передано 0%.",0.0573,peripheral,2
100000008712036100,3,False,1,0,21000.0,0.0,1,0,0.0,False,0,1,0,0.0,0.0,3.0588951023382876e-10,0,1,,,1,2026-07-14,2026-07-14,21000.0,0.06726664348977997,1898.4635704542368,7.5013244294618355e-06,,peripheral,0.8,"Признаков роли нет: вход 21 000 KZT от 1, выход 0 KZT к 0; передано 0%.",0.0562,peripheral,2
100000008740793100,3,False,1,0,21000.0,0.0,1,0,0.0,False,0,1,0,0.0,0.0,3.0588951023382876e-10,0,1,,,1,2026-07-21,2026-07-21,21000.0,0.06726664348977997,1898.4635704542368,7.5013244294618355e-06,,peripheral,0.8,"Признаков роли нет: вход 21 000 KZT от 1, выход 0 KZT к 0; передано 0%.",0.0562,peripheral,2
100000008763688100,3,False,1,0,21000.0,0.0,1,0,0.0,False,0,1,0,0.0,0.0,3.0588951023382876e-10,0,1,,,1,2026-07-27,2026-07-27,21000.0,0.06726664348977997,1898.4635704542368,7.5013244294618355e-06,,peripheral,0.8,"Признаков роли нет: вход 21 000 KZT от 1, выход 0 KZT к 0; передано 0%.",0.0562,peripheral,2
100000006710485100,3,False,1,0,20000.0,0.0,1,0,0.0,False,0,1,0,0.0,0.0,3.0588951023382876e-10,0,1,,,1,2026-07-24,2026-07-24,20000.0,0.06726664348977997,1808.0605432897491,7.144118504316657e-06,,peripheral,0.8,"Признаков роли нет: вход 20 000 KZT от 1, выход 0 KZT к 0; передано 0%.",0.0536,peripheral,2
100000008745884100,3,False,1,0,20000.0,0.0,1,0,0.0,False,0,1,0,0.0,0.0,3.0588951023382876e-10,0,1,,,1,2026-07-22,2026-07-22,20000.0,0.06726664348977997,1808.0605432897491,7.144118504316657e-06,,peripheral,0.8,"Признаков роли нет: вход 20 000 KZT от 1, выход 0 KZT к 0; передано 0%.",0.0536,peripheral,2
100000008776310100,3,False,1,0,19200.0,0.0,1,0,0.0,False,0,1,0,0.0,0.0,3.0588951023382876e-10,0,1,,,1,2026-07-30,2026-07-30,19200.0,0.06726664348977997,1735.7381215581593,6.858353764035654e-06,,peripheral,0.8,"Признаков роли нет: вход 19 200 KZT от 1, выход 0 KZT к 0; передано 0%.",0.0501,peripheral,2
100000004140994100,3,False,1,0,18650.0,0.0,1,0,0.0,False,0,1,0,0.0,0.0,3.0588951023382876e-10,0,1,,,1,2026-07-15,2026-07-15,18650.0,0.06726664348977997,1686.0164566176911,6.661890505188142e-06,,peripheral,0.8,"Признаков роли нет: вход 18 650 KZT от 1, выход 0 KZT к 0; передано 0%.",0.0494,peripheral,2
100000008712184100,3,False,1,0,18000.0,0.0,1,0,0.0,False,0,1,0,0.0,0.0,3.0588951023382876e-10,0,1,,,1,2026-07-14,2026-07-14,18000.0,0.06726664348977997,1627.2544889607743,6.429706653908543e-06,,peripheral,0.8,"Признаков роли нет: вход 18 000 KZT от 1, выход 0 KZT к 0; передано 0%.",0.0484,peripheral,2
100000008715887100,3,False,1,0,18000.0,0.0,1,0,0.0,False,0,1,0,0.0,0.0,3.0588951023382876e-10,0,1,,,1,2026-07-15,2026-07-15,18000.0,0.06726664348977997,1627.2544889607743,6.429706653790786e-06,,peripheral,0.8,"Признаков роли нет: вход 18 000 KZT от 1, выход 0 KZT к 0; передано 0%.",0.0483,peripheral,2
100000008754997100,3,False,1,0,18000.0,0.0,1,0,0.0,False,0,1,0,0.0,0.0,3.0588951023382876e-10,0,1,,,1,2026-07-24,2026-07-24,18000.0,0.06726664348977997,1627.2544889607743,6.429706653790786e-06,,peripheral,0.8,"Признаков роли нет: вход 18 000 KZT от 1, выход 0 KZT к 0; передано 0%.",0.0483,peripheral,2
100000002116705100,3,False,1,0,17600.0,0.0,1,0,0.0,False,0,1,0,0.0,0.0,3.0588951023382876e-10,0,1,,,1,2026-07-24,2026-07-24,17600.0,0.06726664348977997,1591.0932780949793,6.28682428382692e-06,,peripheral,0.8,"Признаков роли нет: вход 17 600 KZT от 1, выход 0 KZT к 0; передано 0%.",0.0466,peripheral,2
100000008735832100,3,False,1,0,17600.0,0.0,1,0,0.0,False,0,1,0,0.0,0.0,3.0588951023382876e-10,0,1,,,1,2026-07-20,2026-07-20,17600.0,0.06726664348977997,1591.0932780949793,6.286824283709163e-06,,peripheral,0.8,"Признаков роли нет: вход 17 600 KZT от 1, выход 0 KZT к 0; передано 0%.",0.0463,peripheral,2
100000008687990100,3,False,1,0,17600.0,0.0,1,0,0.0,False,0,1,0,0.0,0.0,3.0588951023382876e-10,0,1,,,1,2026-07-08,2026-07-08,17600.0,0.06726664348977997,1591.0932780949793,6.286824283709163e-06,,peripheral,0.8,"Признаков роли нет: вход 17 600 KZT от 1, выход 0 KZT к 0; передано 0%.",0.0463,peripheral,2
100000008755168100,3,False,1,0,17600.0,0.0,1,0,0.0,False,0,1,0,0.0,0.0,3.0588951023382876e-10,0,1,,,1,2026-07-24,2026-07-24,17600.0,0.06726664348977997,1591.0932780949793,6.286824283709163e-06,,peripheral,0.8,"Признаков роли нет: вход 17 600 KZT от 1, выход 0 KZT к 0; передано 0%.",0.0463,peripheral,2
100000002511581100,3,False,1,0,17600.0,0.0,1,0,0.0,False,0,1,0,0.0,0.0,3.0588951023382876e-10,0,1,,,1,2026-07-07,2026-07-07,17600.0,0.06726664348977997,1591.0932780949793,6.286824283709163e-06,,peripheral,0.8,"Признаков роли нет: вход 17 600 KZT от 1, выход 0 KZT к 0; передано 0%.",0.0463,peripheral,2
100000008767950100,3,False,1,0,17350.0,0.0,1,0,0.0,False,0,1,0,0.0,0.0,3.0588951023382876e-10,0,1,,,1,2026-07-28,2026-07-28,17350.0,0.06726664348977997,1568.4925213038575,6.197522802511186e-06,,peripheral,0.8,"Признаков роли нет: вход 17 350 KZT от 1, выход 0 KZT к 0; передано 0%.",0.0452,peripheral,2
100000007022818100,3,False,1,0,17200.0,0.0,1,0,0.0,False,0,1,0,0.0,0.0,3.0588951023382876e-10,0,1,,,1,2026-07-07,2026-07-07,17200.0,0.06726664348977997,1554.9320672291844,6.143941913745297e-06,,peripheral,0.8,"Признаков роли нет: вход 17 200 KZT от 1, выход 0 KZT к 0; передано 0%.",0.0442,peripheral,2
100000008706947100,3,False,1,0,17200.0,0.0,1,0,0.0,False,0,1,0,0.0,0.0,3.0588951023382876e-10,0,1,,,1,2026-07-13,2026-07-13,17200.0,0.06726664348977997,1554.9320672291844,6.14394191362754e-06,,peripheral,0.8,"Признаков роли нет: вход 17 200 KZT от 1, выход 0 KZT к 0; передано 0%.",0.0439,peripheral,2
100000008708595100,3,False,1,0,17200.0,0.0,1,0,0.0,False,0,1,0,0.0,0.0,3.0588951023382876e-10,0,1,,,1,2026-07-13,2026-07-13,17200.0,0.06726664348977997,1554.9320672291844,6.14394191362754e-06,,peripheral,0.8,"Признаков роли нет: вход 17 200 KZT от 1, выход 0 KZT к 0; передано 0%.",0.0439,peripheral,2
100000008309514100,3,False,1,0,17200.0,0.0,1,0,0.0,False,0,1,0,0.0,0.0,3.0588951023382876e-10,0,1,,,1,2026-07-09,2026-07-09,17200.0,0.06726664348977997,1554.9320672291844,6.14394191362754e-06,,peripheral,0.8,"Признаков роли нет: вход 17 200 KZT от 1, выход 0 KZT к 0; передано 0%.",0.0439,peripheral,2
100000005995391100,3,False,1,0,17200.0,0.0,1,0,0.0,False,0,1,0,0.0,0.0,3.0588951023382876e-10,0,1,,,1,2026-07-14,2026-07-14,17200.0,0.06726664348977997,1554.9320672291844,6.14394191362754e-06,,peripheral,0.8,"Признаков роли нет: вход 17 200 KZT от 1, выход 0 KZT к 0; передано 0%.",0.0439,peripheral,2
100000008684951100,3,False,1,0,17200.0,0.0,1,0,0.0,False,0,1,0,0.0,0.0,3.0588951023382876e-10,0,1,,,1,2026-07-07,2026-07-07,17200.0,0.06726664348977997,1554.9320672291844,6.14394191362754e-06,,peripheral,0.8,"Признаков роли нет: вход 17 200 KZT от 1, выход 0 KZT к 0; передано 0%.",0.0439,peripheral,2
100000008749900100,3,False,1,0,17150.0,0.0,1,0,0.0,False,0,1,0,0.0,0.0,3.0588951023382876e-10,0,1,,,1,2026-07-23,2026-07-23,17150.0,0.06726664348977997,1550.41191587096,6.126081617411496e-06,,peripheral,0.8,"Признаков роли нет: вход 17 150 KZT от 1, выход 0 KZT к 0; передано 0%.",0.0429,peripheral,2
100000008662805100,3,False,1,0,16500.0,0.0,1,0,0.0,False,0,1,0,0.0,0.0,3.0588951023382876e-10,0,1,,,1,2026-07-01,2026-07-01,16500.0,0.06726664348977997,1491.6499482140432,5.893897766014139e-06,,peripheral,0.8,"Признаков роли нет: вход 16 500 KZT от 1, выход 0 KZT к 0; передано 0%.",0.0419,peripheral,2
100000008664774100,3,False,1,0,16300.0,0.0,1,0,0.0,False,0,1,0,0.0,0.0,3.0588951023382876e-10,0,1,,,1,2026-07-02,2026-07-02,16300.0,0.06726664348977997,1473.5693427811457,5.822456581032206e-06,,peripheral,0.8,"Признаков роли нет: вход 16 300 KZT от 1, выход 0 KZT к 0; передано 0%.",0.0413,peripheral,2
100000005847078100,3,False,1,0,16300.0,0.0,1,0,0.0,False,0,1,0,0.0,0.0,3.0588951023382876e-10,0,1,,,1,2026-07-23,2026-07-23,16300.0,0.06726664348977997,1473.5693427811457,5.822456580914449e-06,,peripheral,0.8,"Признаков роли нет: вход 16 300 KZT от 1, выход 0 KZT к 0; передано 0%.",0.0412,peripheral,2
100000008755580100,3,False,1,0,16000.0,0.0,1,0,0.0,False,0,1,0,0.0,0.0,3.0588951023382876e-10,0,1,,,1,2026-07-24,2026-07-24,16000.0,0.06726664348977997,1446.4484346317995,5.715294803382672e-06,,peripheral,0.8,"Признаков роли нет: вход 16 000 KZT от 1, выход 0 KZT к 0; передано 0%.",0.0405,peripheral,2
100000008720668100,3,False,1,0,16000.0,0.0,1,0,0.0,False,0,1,0,0.0,0.0,3.0588951023382876e-10,0,1,,,1,2026-07-16,2026-07-16,16000.0,0.06726664348977997,1446.4484346317995,5.715294803382672e-06,,peripheral,0.8,"Признаков роли нет: вход 16 000 KZT от 1, выход 0 KZT к 0; передано 0%.",0.0405,peripheral,2
100000008686494100,3,False,1,0,15700.0,0.0,1,0,0.0,False,0,1,0,0.0,0.0,3.0588951023382876e-10,0,1,,,1,2026-07-08,2026-07-08,15700.0,0.06726664348977997,1419.327526482453,5.608133025850893e-06,,peripheral,0.8,"Признаков роли нет: вход 15 700 KZT от 1, выход 0 KZT к 0; передано 0%.",0.0396,peripheral,2
100000008668099100,3,False,1,0,15700.0,0.0,1,0,0.0,False,0,1,0,0.0,0.0,3.0588951023382876e-10,0,1,,,1,2026-07-02,2026-07-02,15700.0,0.06726664348977997,1419.327526482453,5.608133025850893e-06,,peripheral,0.8,"Признаков роли нет: вход 15 700 KZT от 1, выход 0 KZT к 0; передано 0%.",0.0396,peripheral,2
100000008663723100,3,False,1,0,15600.0,0.0,1,0,0.0,False,0,1,0,0.0,0.0,3.0588951023382876e-10,0,1,,,1,2026-07-01,2026-07-01,15600.0,0.06726664348977997,1410.2872237660044,5.572412433301049e-06,,peripheral,0.8,"Признаков роли нет: вход 15 600 KZT от 1, выход 0 KZT к 0; передано 0%.",0.0389,peripheral,2
100000000661131100,3,False,1,0,15600.0,0.0,1,0,0.0,False,0,1,0,0.0,0.0,3.0588951023382876e-10,0,1,,,1,2026-07-08,2026-07-08,15600.0,0.06726664348977997,1410.2872237660044,5.572412433301049e-06,,peripheral,0.8,"Признаков роли нет: вход 15 600 KZT от 1, выход 0 KZT к 0; передано 0%.",0.0389,peripheral,2
100000008708743100,3,False,1,0,15550.0,0.0,1,0,0.0,False,0,1,0,0.0,0.0,3.0588951023382876e-10,0,1,,,1,2026-07-13,2026-07-13,15550.0,0.06726664348977997,1405.76707240778,5.5545521370850045e-06,,peripheral,0.8,"Признаков роли нет: вход 15 550 KZT от 1, выход 0 KZT к 0; передано 0%.",0.0385,peripheral,2
100000008687733100,3,False,1,0,14650.0,0.0,1,0,0.0,False,0,1,0,0.0,0.0,3.0588951023382876e-10,0,1,,,1,2026-07-08,2026-07-08,14650.0,0.06726664348977997,1324.4043479597412,5.233066804371914e-06,,peripheral,0.8,"Признаков роли нет: вход 14 650 KZT от 1, выход 0 KZT к 0; передано 0%.",0.0358,peripheral,2
100000000718427100,2,False,1,0,6000.0,0.0,1,0,0.0,False,0,1,0,0.0,0.0,7.619950610759462e-13,0,1,,,1,2026-07-24,2026-07-24,6000.0,0.2986981541591034,1792.1889249546202,7.0814056030029305e-06,,peripheral,0.8,"Признаков роли нет: вход 6 000 KZT от 1, выход 0 KZT к 0; передано 0%.",0.0355,peripheral,2
100000008706846100,3,False,1,0,14200.0,0.0,1,0,0.0,False,0,1,0,0.0,0.0,3.0588951023382876e-10,0,1,,,1,2026-07-13,2026-07-13,14200.0,0.06726664348977997,1283.722985735722,5.07232413795649e-06,,peripheral,0.8,"Признаков роли нет: вход 14 200 KZT от 1, выход 0 KZT к 0; передано 0%.",0.035,peripheral,2
100000008672493100,3,False,1,0,14000.0,0.0,1,0,0.0,False,0,1,0,0.0,0.0,3.0588951023382876e-10,0,1,,,1,2026-07-03,2026-07-03,14000.0,0.06726664348977997,1265.6423803028244,5.000882952974557e-06,,peripheral,0.8,"Признаков роли нет: вход 14 000 KZT от 1, выход 0 KZT к 0; передано 0%.",0.0343,peripheral,2
100000008548853100,3,False,1,0,14000.0,0.0,1,0,0.0,False,0,1,0,0.0,0.0,3.0588951023382876e-10,0,1,,,1,2026-07-09,2026-07-09,14000.0,0.06726664348977997,1265.6423803028244,5.000882952974557e-06,,peripheral,0.8,"Признаков роли нет: вход 14 000 KZT от 1, выход 0 KZT к 0; передано 0%.",0.0343,peripheral,2
100000008190442100,3,False,1,0,13000.0,0.0,1,0,0.0,False,0,1,0,0.0,0.0,3.0588951023382876e-10,0,1,,,1,2026-07-16,2026-07-16,13000.0,0.06726664348977997,1175.239353138337,4.643677027829378e-06,,peripheral,0.8,"Признаков роли нет: вход 13 000 KZT от 1, выход 0 KZT к 0; передано 0%.",0.0327,peripheral,2
100000008688109100,3,False,1,0,12800.0,0.0,1,0,0.0,False,0,1,0,0.0,0.0,3.0588951023382876e-10,0,1,,,1,2026-07-08,2026-07-08,12800.0,0.06726664348977997,1157.1587477054395,4.572235842729689e-06,,peripheral,0.8,"Признаков роли нет: вход 12 800 KZT от 1, выход 0 KZT к 0; передано 0%.",0.0323,peripheral,2
100000008744799100,3,False,1,0,12600.0,0.0,1,0,0.0,False,0,1,0,0.0,0.0,3.0588951023382876e-10,0,1,,,1,2026-07-22,2026-07-22,12600.0,0.06726664348977997,1139.078142272542,4.500794657629998e-06,,peripheral,0.8,"Признаков роли нет: вход 12 600 KZT от 1, выход 0 KZT к 0; передано 0%.",0.0319,peripheral,2
100000005089460100,3,False,1,0,12300.0,0.0,1,0,0.0,False,0,1,0,0.0,0.0,3.0588951023382876e-10,0,1,,,1,2026-07-08,2026-07-08,12300.0,0.06726664348977997,1111.9572341231958,4.393632880098221e-06,,peripheral,0.8,"Признаков роли нет: вход 12 300 KZT от 1, выход 0 KZT к 0; передано 0%.",0.0311,peripheral,2
100000002646745100,3,False,1,0,12300.0,0.0,1,0,0.0,False,0,1,0,0.0,0.0,3.0588951023382876e-10,0,1,,,1,2026-07-10,2026-07-10,12300.0,0.06726664348977997,1111.9572341231958,4.393632880098221e-06,,peripheral,0.8,"Признаков роли нет: вход 12 300 KZT от 1, выход 0 KZT к 0; передано 0%.",0.0311,peripheral,2
100000008754608100,3,False,1,0,12300.0,0.0,1,0,0.0,False,0,1,0,0.0,0.0,3.0588951023382876e-10,0,1,,,1,2026-07-30,2026-07-30,12300.0,0.06726664348977997,1111.9572341231958,4.393632880098221e-06,,peripheral,0.8,"Признаков роли нет: вход 12 300 KZT от 1, выход 0 KZT к 0; передано 0%.",0.0311,peripheral,2
100000008716072100,3,False,1,0,12100.0,0.0,1,0,0.0,False,0,1,0,0.0,0.0,3.0588951023382876e-10,0,1,,,1,2026-07-15,2026-07-15,12100.0,0.06726664348977997,1093.8766286902983,4.322191695116287e-06,,peripheral,0.8,"Признаков роли нет: вход 12 100 KZT от 1, выход 0 KZT к 0; передано 0%.",0.0302,peripheral,2
100000001149815100,3,False,1,0,12000.0,0.0,1,0,0.0,False,0,1,0,0.0,0.0,3.0588951023382876e-10,0,1,,,1,2026-07-27,2026-07-27,12000.0,0.06726664348977997,1084.8363259738496,4.286471102566443e-06,,peripheral,0.8,"Признаков роли нет: вход 12 000 KZT от 1, выход 0 KZT к 0; передано 0%.",0.0298,peripheral,2
100000008489604100,3,False,1,0,11000.0,0.0,1,0,0.0,False,0,1,0,0.0,0.0,3.0588951023382876e-10,0,1,,,1,2026-07-02,2026-07-02,11000.0,0.06726664348977997,994.4332988093621,3.929265177303507e-06,,peripheral,0.8,"Признаков роли нет: вход 11 000 KZT от 1, выход 0 KZT к 0; передано 0%.",0.0287,peripheral,2
100000008463968100,3,False,1,0,10000.0,0.0,1,0,0.0,False,0,1,0,0.0,0.0,3.0588951023382876e-10,0,1,,,1,2026-07-30,2026-07-30,10000.0,0.06726664348977997,904.0302716448746,3.5720592520405717e-06,,peripheral,0.8,"Признаков роли нет: вход 10 000 KZT от 1, выход 0 KZT к 0; передано 0%.",0.0264,peripheral,2
100000008708061100,3,False,1,0,8650.0,0.0,1,0,0.0,False,0,1,0,0.0,0.0,3.0588951023382876e-10,0,1,,,1,2026-07-13,2026-07-13,8650.0,0.06726664348977997,781.9861849728165,3.0898312531475707e-06,,peripheral,0.8,"Признаков роли нет: вход 8 650 KZT от 1, выход 0 KZT к 0; передано 0%.",0.0231,peripheral,2
100000008750464100,3,False,1,0,8500.0,0.0,1,0,0.0,False,0,1,0,0.0,0.0,3.0588951023382876e-10,0,1,,,1,2026-07-23,2026-07-23,8500.0,0.06726664348977997,768.4257308981435,3.036250364381682e-06,,peripheral,0.8,"Признаков роли нет: вход 8 500 KZT от 1, выход 0 KZT к 0; передано 0%.",0.0227,peripheral,2
100000008537380100,3,False,1,0,8000.0,0.0,1,0,0.0,False,0,1,0,0.0,0.0,3.0588951023382876e-10,0,1,,,1,2026-07-21,2026-07-21,8000.0,0.06726664348977997,723.2242173158998,2.857647401750214e-06,,peripheral,0.8,"Признаков роли нет: вход 8 000 KZT от 1, выход 0 KZT к 0; передано 0%.",0.0219,peripheral,2
100000002346166100,3,False,1,0,6000.0,0.0,1,0,0.0,False,0,1,0,0.0,0.0,3.0588951023382876e-10,0,1,,,1,2026-07-23,2026-07-23,6000.0,0.06726664348977997,542.4181629869248,2.1432355513420996e-06,,peripheral,0.8,"Признаков роли нет: вход 6 000 KZT от 1, выход 0 KZT к 0; передано 0%.",0.0193,peripheral,2
100000008488166100,3,False,1,0,5600.0,0.0,1,0,0.0,False,0,1,0,0.0,0.0,3.0588951023382876e-10,0,1,,,1,2026-07-21,2026-07-21,5600.0,0.06726664348977997,506.2569521211298,2.0003531811427202e-06,,peripheral,0.8,"Признаков роли нет: вход 5 600 KZT от 1, выход 0 KZT к 0; передано 0%.",0.0183,peripheral,2
100000002614095100,3,False,1,0,5300.0,0.0,1,0,0.0,False,0,1,0,0.0,0.0,3.0588951023382876e-10,0,1,,,1,2026-07-09,2026-07-09,5300.0,0.06726664348977997,479.1360439717835,1.8931914036109422e-06,,peripheral,0.8,"Признаков роли нет: вход 5 300 KZT от 1, выход 0 KZT к 0; передано 0%.",0.0173,peripheral,2
100000003349739100,0,True,0,0,0.0,0.0,0,0,,False,0,0,0,0.0,0.0,0.0,0,18,,,0,,,0.0,1.0,0.0,0.0,,peripheral,1.0,В выборке 0 переводов ≥5 000 KZT. Роль не определить; нужен запрос по счёту.,0.0,peripheral,0
100000003770083100,0,True,0,0,0.0,0.0,0,0,,False,0,0,0,0.0,0.0,0.0,0,19,,,0,,,0.0,1.0,0.0,0.0,,peripheral,1.0,В выборке 0 переводов ≥5 000 KZT. Роль не определить; нужен запрос по счёту.,0.0,peripheral,0
100000000456947100,0,True,0,0,0.0,0.0,0,0,,False,0,0,0,0.0,0.0,0.0,0,16,,,0,,,0.0,1.0,0.0,0.0,,peripheral,1.0,В выборке 0 переводов ≥5 000 KZT. Роль не определить; нужен запрос по счёту.,0.0,peripheral,0
100000008669037100,0,True,0,0,0.0,0.0,0,0,,False,0,0,0,0.0,0.0,0.0,0,33,,,0,,,0.0,1.0,0.0,0.0,,peripheral,1.0,В выборке 0 переводов ≥5 000 KZT. Роль не определить; нужен запрос по счёту.,0.0,peripheral,0
100000008513251100,0,True,0,0,0.0,0.0,0,0,,False,0,0,0,0.0,0.0,0.0,0,32,,,0,,,0.0,1.0,0.0,0.0,,peripheral,1.0,В выборке 0 переводов ≥5 000 KZT. Роль не определить; нужен запрос по счёту.,0.0,peripheral,0
100000008701222100,0,True,0,0,0.0,0.0,0,0,,False,0,0,0,0.0,0.0,0.0,0,34,,,0,,,0.0,1.0,0.0,0.0,,peripheral,1.0,В выборке 0 переводов ≥5 000 KZT. Роль не определить; нужен запрос по счёту.,0.0,peripheral,0
100000005087431100,0,True,0,0,0.0,0.0,0,0,,False,0,0,0,0.0,0.0,0.0,0,23,,,0,,,0.0,1.0,0.0,0.0,,peripheral,1.0,В выборке 0 переводов ≥5 000 KZT. Роль не определить; нужен запрос по счёту.,0.0,peripheral,0
100000005017150100,0,True,0,0,0.0,0.0,0,0,,False,0,0,0,0.0,0.0,0.0,0,22,,,0,,,0.0,1.0,0.0,0.0,,peripheral,1.0,В выборке 0 переводов ≥5 000 KZT. Роль не определить; нужен запрос по счёту.,0.0,peripheral,0
100000005235389100,0,True,0,0,0.0,0.0,0,0,,False,0,0,0,0.0,0.0,0.0,0,24,,,0,,,0.0,1.0,0.0,0.0,,peripheral,1.0,В выборке 0 переводов ≥5 000 KZT. Роль не определить; нужен запрос по счёту.,0.0,peripheral,0
100000008117324100,0,True,0,0,0.0,0.0,0,0,,False,0,0,0,0.0,0.0,0.0,0,30,,,0,,,0.0,1.0,0.0,0.0,,peripheral,1.0,В выборке 0 переводов ≥5 000 KZT. Роль не определить; нужен запрос по счёту.,0.0,peripheral,0
100000005550592100,0,True,0,0,0.0,0.0,0,0,,False,0,0,0,0.0,0.0,0.0,0,27,,,0,,,0.0,1.0,0.0,0.0,,peripheral,1.0,В выборке 0 переводов ≥5 000 KZT. Роль не определить; нужен запрос по счёту.,0.0,peripheral,0
100000005568407100,0,True,0,0,0.0,0.0,0,0,,False,0,0,0,0.0,0.0,0.0,0,29,,,0,,,0.0,1.0,0.0,0.0,,peripheral,1.0,В выборке 0 переводов ≥5 000 KZT. Роль не определить; нужен запрос по счёту.,0.0,peripheral,0
100000005560900100,0,True,0,0,0.0,0.0,0,0,,False,0,0,0,0.0,0.0,0.0,0,28,,,0,,,0.0,1.0,0.0,0.0,,peripheral,1.0,В выборке 0 переводов ≥5 000 KZT. Роль не определить; нужен запрос по счёту.,0.0,peripheral,0
100000008205000100,0,True,0,0,0.0,0.0,0,0,,False,0,0,0,0.0,0.0,0.0,0,31,,,0,,,0.0,1.0,0.0,0.0,,peripheral,1.0,В выборке 0 переводов ≥5 000 KZT. Роль не определить; нужен запрос по счёту.,0.0,peripheral,0
100000005495722100,0,True,0,0,0.0,0.0,0,0,,False,0,0,0,0.0,0.0,0.0,0,26,,,0,,,0.0,1.0,0.0,0.0,,peripheral,1.0,В выборке 0 переводов ≥5 000 KZT. Роль не определить; нужен запрос по счёту.,0.0,peripheral,0
100000005480435100,0,True,0,0,0.0,0.0,0,0,,False,0,0,0,0.0,0.0,0.0,0,25,,,0,,,0.0,1.0,0.0,0.0,,peripheral,1.0,В выборке 0 переводов ≥5 000 KZT. Роль не определить; нужен запрос по счёту.,0.0,peripheral,0
100000004021459100,0,True,0,0,0.0,0.0,0,0,,False,0,0,0,0.0,0.0,0.0,0,20,,,0,,,0.0,1.0,0.0,0.0,,peripheral,1.0,В выборке 0 переводов ≥5 000 KZT. Роль не определить; нужен запрос по счёту.,0.0,peripheral,0
100000004174835100,0,True,0,0,0.0,0.0,0,0,,False,0,0,0,0.0,0.0,0.0,0,21,,,0,,,0.0,1.0,0.0,0.0,,peripheral,1.0,В выборке 0 переводов ≥5 000 KZT. Роль не определить; нужен запрос по счёту.,0.0,peripheral,0
100000003265658100,0,True,0,0,0.0,0.0,0,0,,False,0,0,0,0.0,0.0,0.0,0,17,,,0,,,0.0,1.0,0.0,0.0,,peripheral,1.0,В выборке 0 переводов ≥5 000 KZT. Роль не определить; нужен запрос по счёту.,0.0,peripheral,0
