src,dst,sum_kzt,n_tx,tainted_kzt,taint_share
100000003684369100,100000003037660100,53000.0,1,53000.0,1.0
100000003684369100,100000001527186100,678000.0,2,678000.0,1.0
100000008680731100,100000008229700100,23500.0,1,23500.0,1.0
100000003684369100,100000001072022100,740000.0,2,740000.0,1.0
100000002527114100,100000008768896100,47060.0,1,47060.0,1.0
100000003684369100,100000005432267100,250000.0,1,250000.0,1.0
100000002527114100,100000008755361100,14627.0,1,14627.0,1.0
100000007747786100,100000004159526100,100000.0,1,100000.0,1.0
100000008680731100,100000003970394100,85000.0,1,85000.0,1.0
100000002527114100,100000004254434100,44445.0,2,44445.0,1.0
100000007982728100,100000003977183100,41800.0,1,41800.0,1.0
100000003016635100,100000000440392100,105705.0,4,105705.0,1.0
100000002527114100,100000008744849100,44445.0,1,44445.0,1.0
100000000343175100,100000002774456100,50363.0,1,50363.0,1.0
100000001732159100,100000008232832100,337000.0,2,337000.0,1.0
100000003200071100,100000003980083100,30000.0,1,30000.0,1.0
100000006866783100,100000007055802100,200000.0,3,200000.0,1.0
100000006866783100,100000000661912100,25311.0,1,25311.0,1.0
100000003977183100,100000002824176100,144000.0,1,144000.0,1.0
100000008680731100,100000003265158100,80700.0,1,80700.0,1.0
100000007747786100,100000003589877100,26000.0,1,26000.0,1.0
100000002527114100,100000004739664100,12000.0,1,12000.0,1.0
100000000343175100,100000002618492100,178000.0,1,178000.0,1.0
100000000343175100,100000003635170100,25000.0,1,25000.0,1.0
100000005485830100,100000002462183100,107500.0,3,107500.0,1.0
100000006866783100,100000004847758100,18775.0,1,18775.0,1.0
100000003684369100,100000003739818100,57293.0,1,57293.0,1.0
100000006866783100,100000000011452100,75000.0,3,75000.0,1.0
100000004813068100,100000008383405100,25000.0,2,25000.0,1.0
100000000343175100,100000007334196100,150002.0,1,150002.0,1.0
100000003016635100,100000002704875100,30550.0,1,30550.0,1.0
100000008680731100,100000003239379100,92500.0,1,92500.0,1.0
100000004723755100,100000008748914100,95000.0,5,95000.0,1.0
100000004007116100,100000004144536100,113000.0,3,113000.0,1.0
100000006866783100,100000002214301100,21438.0,1,21438.0,1.0
100000002527114100,100000004494983100,35000.0,1,35000.0,1.0
100000003016635100,100000001851289100,109510.0,3,109510.0,1.0
100000003016635100,100000007544358100,300000.0,1,300000.0,1.0
100000003016635100,100000004664905100,234620.0,3,234620.0,1.0
100000003684369100,100000008628231100,50000.0,1,50000.0,1.0
100000000343175100,100000000979923100,97900.0,1,97900.0,1.0
100000008418835100,100000008730021100,75555.0,3,75555.0,1.0
100000003016635100,100000006177176100,8911.0,1,8911.0,1.0
100000008314203100,100000008637537100,232000.0,11,232000.0,1.0
100000003016635100,100000004790991100,239413.0,4,239413.0,1.0
100000003684369100,100000001924185100,36000.0,1,36000.0,1.0
100000002527114100,100000008672162100,15550.0,1,15550.0,1.0
100000003016635100,100000001805543100,59000.0,1,59000.0,1.0
100000003016635100,100000007442518100,6000.0,1,6000.0,1.0
100000003684369100,100000003022835100,125000.0,1,125000.0,1.0
100000007747786100,100000003377795100,7000.0,1,7000.0,1.0
100000003684369100,100000002565277100,483319.0,1,483319.0,1.0
100000008680731100,100000002864680100,55932.0,1,55932.0,1.0
100000002527114100,100000006369769100,40000.0,1,40000.0,1.0
100000003016635100,100000005634552100,25850.0,1,25850.0,1.0
100000005485830100,100000005895525100,120000.0,3,120000.0,1.0
100000006866783100,100000008304139100,23567.0,1,23567.0,1.0
100000008601794100,100000001872484100,871400.0,13,871400.0,1.0
100000008418835100,100000000343175100,31500.0,1,31500.0,1.0
100000007747786100,100000005514161100,30000.0,1,30000.0,1.0
100000003684369100,100000008671929100,75000.0,2,75000.0,1.0
100000007747786100,100000002836736100,193000.0,1,193000.0,1.0
100000003016635100,100000000507799100,5132.0,1,5132.0,1.0
100000007747786100,100000005778283100,205760.0,1,205760.0,1.0
100000007747786100,100000007641801100,200000.0,1,200000.0,1.0
100000003016635100,100000008188026100,63358.0,4,63358.0,1.0
100000006866783100,100000004299488100,337000.0,5,337000.0,1.0
100000003684369100,100000005133757100,25000.0,1,25000.0,1.0
100000003016635100,100000004948177100,341163.0,6,341163.0,1.0
100000002527114100,100000008666075100,26217.0,1,26217.0,1.0
100000006866783100,100000001330685100,130425.0,1,130425.0,1.0
100000003977183100,100000003923946100,282000.0,3,282000.0,1.0
100000003684369100,100000006446271100,50000.0,1,50000.0,1.0
100000003016635100,100000008173359100,6110.0,1,6110.0,1.0
100000002527114100,100000008737422100,76903.0,1,76903.0,1.0
100000002527114100,100000007631637100,15341.0,1,15341.0,1.0
100000002527114100,100000001953577100,15600.0,1,15600.0,1.0
100000008659445100,100000005456919100,263950.0,5,263950.0,1.0
100000004041163100,100000005523088100,700000.0,2,700000.0,1.0
100000006866783100,100000001126374100,20000.0,2,20000.0,1.0
100000003016635100,100000004394765100,451888.0,8,451888.0,1.0
100000003016635100,100000004330371100,96671.0,4,96671.0,1.0
100000003684369100,100000002988894100,306121.0,1,306121.0,1.0
100000003684369100,100000007181706100,163772.0,1,163772.0,1.0
100000004358004100,100000005527892100,70000.0,1,70000.0,1.0
100000007747786100,100000002844652100,61360.0,1,61360.0,1.0
100000002527114100,100000002810870100,33677.0,1,33677.0,1.0
100000003684369100,100000004004621100,25000.0,1,25000.0,1.0
100000003016635100,100000003134937100,10286.0,1,10286.0,1.0
100000007982728100,100000006788200100,93200.0,1,93200.0,1.0
100000006866783100,100000005620225100,43923.0,1,43923.0,1.0
100000007747786100,100000002894076100,741782.0,3,741782.0,1.0
100000002527114100,100000001389255100,16136.0,1,16136.0,1.0
100000002527114100,100000003187359100,19072.0,1,19072.0,1.0
100000001616816100,100000001641789100,17826.0,1,17826.0,1.0
100000008575624100,100000004094958100,39000.0,1,39000.0,1.0
100000003016635100,100000008116374100,31284.0,1,31284.0,1.0
100000006866783100,100000002603769100,149968.0,1,149968.0,1.0
100000005498992100,100000002324543100,30202.0,1,30202.0,1.0
100000006866783100,100000004180097100,76854.0,1,76854.0,1.0
100000008738325100,100000005668605100,54000.0,1,54000.0,1.0
100000008575624100,100000005546031100,31000.0,3,31000.0,1.0
100000003016635100,100000007641183100,28000.0,1,28000.0,1.0
100000003016635100,100000002609774100,7700.0,1,7700.0,1.0
100000006866783100,100000003102157100,96746.0,2,96746.0,1.0
100000002527114100,100000001952325100,77888.0,2,77888.0,1.0
100000008637537100,100000008314203100,60000.0,1,60000.0,1.0
100000007747786100,100000002670860100,200000.0,1,200000.0,1.0
100000004971871100,100000003148220100,5650.0,1,5650.0,1.0
100000005498992100,100000002958286100,257000.0,1,257000.0,1.0
100000002527114100,100000000907277100,17534.0,1,17534.0,1.0
100000008659445100,100000008193577100,87000.0,4,87000.0,1.0
100000003684369100,100000005093521100,15200.0,1,15200.0,1.0
100000003016635100,100000001567366100,824070.0,4,824070.0,1.0
100000008650785100,100000005519347100,50100.0,1,50100.0,1.0
100000007747786100,100000008349675100,46520.0,1,46520.0,1.0
100000006866783100,100000002606567100,14095.0,1,14095.0,1.0
100000006866783100,100000002511825100,65000.0,1,65000.0,1.0
100000006866783100,100000002306369100,73166.0,1,73166.0,1.0
100000003684369100,100000003205210100,137563.0,1,137563.0,1.0
100000006866783100,100000008665380100,10000.0,1,10000.0,1.0
100000006866783100,100000004076740100,46250.0,1,46250.0,1.0
100000008680731100,100000002679516100,29785.0,1,29785.0,1.0
100000004358004100,100000002479804100,46000.0,1,46000.0,1.0
100000002527114100,100000008745489100,55539.0,1,55539.0,1.0
100000003684369100,100000001194266100,50000.0,1,50000.0,1.0
100000000343175100,100000006972210100,93555.0,1,93555.0,1.0
100000002527114100,100000008695495100,21000.0,1,21000.0,1.0
100000006866783100,100000002182176100,42465.0,1,42465.0,1.0
100000003684369100,100000003877908100,40000.0,1,40000.0,1.0
100000003684369100,100000003832231100,35000.0,1,35000.0,1.0
100000003684369100,100000002864256100,135780.0,1,135780.0,1.0
100000002527114100,100000008749618100,47280.0,1,47280.0,1.0
100000008680731100,100000004286573100,16590.0,1,16590.0,1.0
100000003684369100,100000002939838100,93061.0,1,93061.0,1.0
100000007747786100,100000002762076100,89450.0,1,89450.0,1.0
100000003016635100,100000002793851100,11052.0,1,11052.0,1.0
100000002527114100,100000008736760100,54757.0,1,54757.0,1.0
100000002527114100,100000008769636100,23118.0,1,23118.0,1.0
100000007747786100,100000002870937100,83700.0,1,83700.0,1.0
100000005498992100,100000001929088100,186010.0,1,186010.0,1.0
100000005264990100,100000005382566100,53000.0,1,53000.0,1.0
100000006866783100,100000003873332100,23468.0,1,23468.0,1.0
100000003016635100,100000007281639100,147000.0,2,147000.0,1.0
100000003684369100,100000003946524100,113757.0,1,113757.0,1.0
100000005498992100,100000002615479100,220000.0,1,220000.0,1.0
100000002527114100,100000008690932100,23000.0,1,23000.0,1.0
100000008680731100,100000004692798100,190305.0,1,190305.0,1.0
100000008650785100,100000000817146100,70020.0,1,70020.0,1.0
100000004388983100,100000007283257100,192000.0,7,192000.0,1.0
100000008680731100,100000002692044100,97000.0,1,97000.0,1.0
100000002527114100,100000008687671100,37500.0,1,37500.0,1.0
100000003684369100,100000000810551100,100000.0,1,100000.0,1.0
100000006866783100,100000004071080100,67000.0,4,67000.0,1.0
100000006866783100,100000006687202100,50000.0,1,50000.0,1.0
100000000343175100,100000006745291100,82534.0,1,82534.0,1.0
100000002527114100,100000004792397100,73520.0,1,73520.0,1.0
100000008418835100,100000004156082100,27000.0,1,27000.0,1.0
100000003016635100,100000002952631100,48050.0,1,48050.0,1.0
100000005392290100,100000003865939100,81465.0,1,81465.0,1.0
100000000343175100,100000003809101100,146050.0,1,146050.0,1.0
100000008680731100,100000001253557100,30000.0,1,30000.0,1.0
100000007982728100,100000002152857100,105000.0,1,105000.0,1.0
100000002527114100,100000003119550100,21000.0,1,21000.0,1.0
100000007747786100,100000002838861100,108000.0,1,108000.0,1.0
100000006249740100,100000008129393100,10000.0,1,10000.0,1.0
100000005498992100,100000002838861100,289500.0,1,289500.0,1.0
100000003684369100,100000006889963100,311000.0,2,311000.0,1.0
100000004358004100,100000008172352100,43000.0,1,43000.0,1.0
100000008314203100,100000001732159100,95000.0,2,95000.0,1.0
100000008680731100,100000002748180100,9900.0,1,9900.0,1.0
100000003684369100,100000008747113100,92591.0,1,92591.0,1.0
100000006866783100,100000002934441100,36068.0,1,36068.0,1.0
100000006866783100,100000008094734100,150000.0,1,150000.0,1.0
100000002527114100,100000005901606100,35660.0,1,35660.0,1.0
100000000343175100,100000007908818100,165875.0,1,165875.0,1.0
100000002527114100,100000008749406100,17144.0,1,17144.0,1.0
100000000343175100,100000004677680100,45000.0,1,45000.0,1.0
100000002527114100,100000002158488100,31723.0,1,31723.0,1.0
100000002527114100,100000006656003100,20000.0,1,20000.0,1.0
100000002527114100,100000008028628100,57224.0,1,57224.0,1.0
100000000343175100,100000002760175100,187410.0,1,187410.0,1.0
100000003016635100,100000006518161100,521200.0,8,521200.0,1.0
100000007747786100,100000004015047100,170000.0,1,170000.0,1.0
100000007747786100,100000000267734100,120000.0,1,120000.0,1.0
100000003684369100,100000008555918100,139211.0,1,139211.0,1.0
100000008637537100,100000001732159100,2283100.0,28,2283100.0,1.0
100000003016635100,100000001049200100,6014.0,1,6014.0,1.0
100000003016635100,100000001987030100,7196.0,1,7196.0,1.0
100000002527114100,100000003567087100,62115.0,1,62115.0,1.0
100000004358004100,100000005612411100,65000.0,1,65000.0,1.0
100000006866783100,100000000945428100,89629.0,1,89629.0,1.0
100000005498992100,100000002844897100,10800.0,1,10800.0,1.0
100000003684369100,100000002957306100,188990.0,1,188990.0,1.0
100000005498992100,100000001074553100,15000.0,1,15000.0,1.0
100000003016635100,100000004188160100,79262.0,4,79262.0,1.0
100000002527114100,100000008771819100,38900.0,1,38900.0,1.0
100000008680731100,100000002762076100,50900.0,1,50900.0,1.0
100000003684369100,100000008566737100,104000.0,1,104000.0,1.0
100000002527114100,100000005092518100,26144.0,1,26144.0,1.0
100000007982728100,100000008748408100,360000.0,2,360000.0,1.0
100000003016635100,100000003713616100,15893.0,1,15893.0,1.0
100000005498992100,100000001162560100,331300.0,2,331300.0,1.0
100000004269433100,100000008418835100,1372000.0,67,1372000.0,1.0
100000006866783100,100000004737477100,30127.0,2,30127.0,1.0
100000002527114100,100000008708368100,23677.0,1,23677.0,1.0
100000002527114100,100000008782056100,29082.0,1,29082.0,1.0
100000002527114100,100000002289937100,20000.0,1,20000.0,1.0
100000000343175100,100000004105288100,25000.0,1,25000.0,1.0
100000000343175100,100000001899164100,21050.0,1,21050.0,1.0
100000002527114100,100000008718089100,15534.0,1,15534.0,1.0
100000000580561100,100000007939160100,795000.0,2,795000.0,1.0
100000003684369100,100000003115284100,193000.0,2,193000.0,1.0
100000002527114100,100000008745725100,47060.0,1,47060.0,1.0
100000003016635100,100000002173161100,869500.0,3,869500.0,1.0
100000002527114100,100000008777088100,18000.0,1,18000.0,1.0
100000002527114100,100000006326645100,25264.0,1,25264.0,1.0
100000003016635100,100000002890167100,118150.0,1,118150.0,1.0
100000002527114100,100000005877725100,70000.0,1,70000.0,1.0
100000002527114100,100000002211413100,37000.0,1,37000.0,1.0
100000006866783100,100000004679953100,40003.0,1,40003.0,1.0
100000002527114100,100000004497606100,15534.0,1,15534.0,1.0
100000000343175100,100000002605548100,93480.0,1,93480.0,1.0
100000002527114100,100000008767925100,17144.0,1,17144.0,1.0
100000003016635100,100000007511163100,14666.0,1,14666.0,1.0
100000003016635100,100000008724279100,11750.0,1,11750.0,1.0
100000003684369100,100000000041368100,160000.0,1,160000.0,1.0
100000003684369100,100000003476560100,50000.0,1,50000.0,1.0
100000004388983100,100000005034574100,258816.0,16,258816.0,1.0
100000004358004100,100000008165763100,148000.0,3,148000.0,1.0
100000006249740100,100000007347733100,23007.0,1,23007.0,1.0
100000003684369100,100000008237827100,40001.0,1,40001.0,1.0
100000002527114100,100000008736173100,31060.0,1,31060.0,1.0
100000006866783100,100000004070318100,64725.0,2,64725.0,1.0
100000002527114100,100000008779584100,31400.0,1,31400.0,1.0
100000000343175100,100000004388353100,34960.0,1,34960.0,1.0
100000005498992100,100000003071930100,227610.0,2,227610.0,1.0
100000003684369100,100000007311010100,38000.0,1,38000.0,1.0
100000002527114100,100000008667058100,17534.0,1,17534.0,1.0
100000008659445100,100000008736940100,252500.0,6,252500.0,1.0
100000006866783100,100000004351795100,66404.0,1,66404.0,1.0
100000006249740100,100000006562026100,60000.0,3,60000.0,1.0
100000007747786100,100000008219168100,53200.0,2,53200.0,1.0
100000000580561100,100000005183943100,680900.0,9,680900.0,1.0
100000002527114100,100000000968253100,15000.0,1,15000.0,1.0
100000000343175100,100000002941114100,25000.0,1,25000.0,1.0
100000007747786100,100000002794197100,30100.0,1,30100.0,1.0
100000003016635100,100000004588479100,177633.0,2,177633.0,1.0
100000003016635100,100000001530983100,333890.0,1,333890.0,1.0
100000002527114100,100000003942602100,30000.0,1,30000.0,1.0
100000007982728100,100000001411870100,700000.0,3,700000.0,1.0
100000003684369100,100000001362940100,81000.0,1,81000.0,1.0
100000003016635100,100000003701161100,208103.0,1,208103.0,1.0
100000002527114100,100000008670667100,15534.0,1,15534.0,1.0
100000008659445100,100000008751429100,271700.0,3,271700.0,1.0
100000002527114100,100000008737958100,31373.0,1,31373.0,1.0
100000006866783100,100000000555721100,95000.0,2,95000.0,1.0
100000003016635100,100000002600345100,47400.0,1,47400.0,1.0
100000004714705100,100000008738325100,36550.0,1,36550.0,1.0
100000000343175100,100000002596035100,231570.0,1,231570.0,1.0
100000006866783100,100000008137435100,43906.0,1,43906.0,1.0
100000008571433100,100000004135268100,1064000.0,2,1064000.0,1.0
100000003684369100,100000003284932100,69925.0,1,69925.0,1.0
100000006866783100,100000003004487100,47967.0,1,47967.0,1.0
100000005417257100,100000005394708100,26000.0,1,26000.0,1.0
100000006866783100,100000001524952100,103807.0,1,103807.0,1.0
100000006866783100,100000003449074100,10000.0,1,10000.0,1.0
100000007747786100,100000003044518100,34423.0,1,34423.0,1.0
100000002527114100,100000004491881100,17144.0,1,17144.0,1.0
100000003016635100,100000004186824100,437350.0,6,437350.0,1.0
100000002527114100,100000008716439100,12267.0,1,12267.0,1.0
100000002527114100,100000008746673100,53048.0,1,53048.0,1.0
100000008680731100,100000002881669100,18600.0,1,18600.0,1.0
100000008680731100,100000008304115100,51000.0,1,51000.0,1.0
100000005519347100,100000004019124100,99000.0,1,99000.0,1.0
100000002527114100,100000008745643100,20313.0,1,20313.0,1.0
100000008680731100,100000008002020100,73860.0,1,73860.0,1.0
100000006866783100,100000004403675100,47187.0,1,47187.0,1.0
100000003016635100,100000003886323100,7793.0,1,7793.0,1.0
100000002527114100,100000008753193100,35225.0,1,35225.0,1.0
100000008680731100,100000008586731100,12000.0,1,12000.0,1.0
100000008637537100,100000005940652100,8395.0,1,8395.0,1.0
100000003684369100,100000000941942100,130000.0,1,130000.0,1.0
100000002527114100,100000008732098100,15677.0,1,15677.0,1.0
100000005498992100,100000006707582100,22000.0,1,22000.0,1.0
100000003016635100,100000001684867100,30550.0,1,30550.0,1.0
100000003684369100,100000003366154100,125000.0,1,125000.0,1.0
100000002527114100,100000002214570100,26471.0,1,26471.0,1.0
100000006866783100,100000004664515100,37691.0,1,37691.0,1.0
100000003016635100,100000002938501100,8395.0,1,8395.0,1.0
100000003684369100,100000004509286100,40000.0,1,40000.0,1.0
100000000343175100,100000008728457100,45000.0,1,45000.0,1.0
100000002527114100,100000008671026100,23534.0,1,23534.0,1.0
100000001732159100,100000008314203100,322076.0,9,322076.0,1.0
100000003016635100,100000005958064100,5746.0,1,5746.0,1.0
100000003684369100,100000002188829100,400000.0,1,400000.0,1.0
100000007747786100,100000003158727100,176440.0,1,176440.0,1.0
100000005485830100,100000005056870100,20000.0,1,20000.0,1.0
100000007018630100,100000002371751100,200000.0,5,200000.0,1.0
100000006232815100,100000005669845100,20000.0,1,20000.0,1.0
100000006866783100,100000005584222100,136217.0,3,136217.0,1.0
100000002527114100,100000001697501100,25000.0,1,25000.0,1.0
100000003016635100,100000005539201100,45504.0,1,45504.0,1.0
100000007747786100,100000002921047100,175000.0,1,175000.0,1.0
100000000343175100,100000003014659100,280000.0,1,280000.0,1.0
100000003684369100,100000008556318100,116632.0,1,116632.0,1.0
100000008680731100,100000002603478100,23500.0,1,23500.0,1.0
100000003684369100,100000007274584100,38000.0,1,38000.0,1.0
100000002527114100,100000007938486100,39500.0,1,39500.0,1.0
100000006866783100,100000001530983100,58724.0,1,58724.0,1.0
100000007747786100,100000001929088100,210000.0,1,210000.0,1.0
100000000343175100,100000002957306100,209500.0,1,209500.0,1.0
100000003684369100,100000002480800100,230000.0,1,230000.0,1.0
100000002527114100,100000002243354100,20879.0,1,20879.0,1.0
100000002527114100,100000004783447100,26200.0,1,26200.0,1.0
100000002527114100,100000008680451100,23534.0,1,23534.0,1.0
100000003016635100,100000006952718100,71489.0,1,71489.0,1.0
100000005498992100,100000004403675100,23693.0,1,23693.0,1.0
100000002527114100,100000008745474100,40559.0,1,40559.0,1.0
100000002527114100,100000004841728100,52208.0,1,52208.0,1.0
100000003684369100,100000007129492100,25000.0,1,25000.0,1.0
100000003016635100,100000002991079100,51700.0,1,51700.0,1.0
100000003016635100,100000008486520100,35720.0,2,35720.0,1.0
100000003977183100,100000001960517100,200000.0,1,200000.0,1.0
100000005498992100,100000002981527100,168000.0,1,168000.0,1.0
100000006866783100,100000004622227100,24931.0,1,24931.0,1.0
100000003016635100,100000008723830100,454000.0,1,454000.0,1.0
100000006232815100,100000006734554100,16500.0,1,16500.0,1.0
100000000343175100,100000001463701100,248000.0,1,248000.0,1.0
100000002527114100,100000008672200100,8511.0,1,8511.0,1.0
100000000343175100,100000003115284100,622000.0,3,622000.0,1.0
100000005498992100,100000002784085100,200000.0,1,200000.0,1.0
100000006232815100,100000000607731100,20000.0,1,20000.0,1.0
100000004358004100,100000001696818100,53550.0,1,53550.0,1.0
100000008680731100,100000002973903100,42680.0,1,42680.0,1.0
100000008680731100,100000003239859100,18600.0,1,18600.0,1.0
100000003016635100,100000003057225100,236000.0,1,236000.0,1.0
100000003684369100,100000003131693100,353277.0,1,353277.0,1.0
100000002527114100,100000008722328100,23677.0,1,23677.0,1.0
100000003016635100,100000003900547100,23700.0,1,23700.0,1.0
100000006866783100,100000002750956100,47416.0,1,47416.0,1.0
100000003684369100,100000002847207100,46243.0,1,46243.0,1.0
100000000343175100,100000006445501100,91000.0,1,91000.0,1.0
100000002527114100,100000008691330100,21440.0,1,21440.0,1.0
100000007747786100,100000000274067100,217704.0,1,217704.0,1.0
100000003016635100,100000004559194100,282145.0,6,282145.0,1.0
100000002527114100,100000002982252100,20320.0,1,20320.0,1.0
100000002527114100,100000008782421100,49680.0,1,49680.0,1.0
100000002527114100,100000001870116100,24000.0,1,24000.0,1.0
100000002527114100,100000008776576100,14765.0,1,14765.0,1.0
100000002527114100,100000008679986100,19000.0,1,19000.0,1.0
100000003684369100,100000005074393100,193893.0,1,193893.0,1.0
100000002527114100,100000002992171100,14627.0,1,14627.0,1.0
100000005498992100,100000006972210100,245220.0,2,245220.0,1.0
100000002916006100,100000008516839100,32000.0,1,32000.0,1.0
100000008680731100,100000001074553100,13971.0,1,13971.0,1.0
100000005498992100,100000006443391100,25173.0,1,25173.0,1.0
100000002527114100,100000001111763100,17144.0,1,17144.0,1.0
100000008680731100,100000000922570100,47101.0,1,47101.0,1.0
100000003016635100,100000006658598100,9000.0,1,9000.0,1.0
100000002527114100,100000008717340100,41500.0,1,41500.0,1.0
100000006866783100,100000005844459100,150000.0,1,150000.0,1.0
100000002527114100,100000008661585100,43141.0,1,43141.0,1.0
100000003977183100,100000005778283100,140000.0,1,140000.0,1.0
100000004007116100,100000004005964100,10000.0,1,10000.0,1.0
100000003016635100,100000002861485100,29323.0,1,29323.0,1.0
100000003684369100,100000001746925100,65250.0,1,65250.0,1.0
100000008680731100,100000002757797100,100000.0,1,100000.0,1.0
100000003684369100,100000004315838100,25000.0,1,25000.0,1.0
100000008654653100,100000004019124100,54000.0,1,54000.0,1.0
100000002527114100,100000002858835100,24400.0,1,24400.0,1.0
100000004358004100,100000008094734100,47000.0,1,47000.0,1.0
100000002527114100,100000005961971100,47353.0,1,47353.0,1.0
100000002527114100,100000008717341100,14627.0,1,14627.0,1.0
100000003684369100,100000004480280100,146694.0,1,146694.0,1.0
100000002527114100,100000008470470100,33547.0,1,33547.0,1.0
100000002527114100,100000005228059100,26000.0,1,26000.0,1.0
100000003016635100,100000008003034100,12201.0,1,12201.0,1.0
100000003016635100,100000005505655100,13070.0,1,13070.0,1.0
100000003016635100,100000004741837100,25596.0,1,25596.0,1.0
100000002527114100,100000001103905100,18000.0,1,18000.0,1.0
100000007982728100,100000005316708100,90000.0,1,90000.0,1.0
100000003016635100,100000002592567100,5297.0,1,5297.0,1.0
100000006866783100,100000001363952100,69155.0,1,69155.0,1.0
100000002527114100,100000000978041100,44445.0,1,44445.0,1.0
100000006866783100,100000000961900100,27000.0,2,27000.0,1.0
100000002527114100,100000008696919100,31945.0,1,31945.0,1.0
100000005382566100,100000004041163100,50000.0,1,50000.0,1.0
100000008680731100,100000002671806100,12440.0,1,12440.0,1.0
100000003016635100,100000000706545100,721300.0,6,721300.0,1.0
100000005386383100,100000005382566100,29000.0,1,29000.0,1.0
100000006866783100,100000001660397100,19300.0,1,19300.0,1.0
100000006866783100,100000008686313100,225181.0,4,225181.0,1.0
100000008680731100,100000006008169100,70000.0,1,70000.0,1.0
100000002527114100,100000008716222100,18000.0,1,18000.0,1.0
100000006866783100,100000007639767100,23018.0,1,23018.0,1.0
100000003016635100,100000003042994100,286086.0,3,286086.0,1.0
100000002527114100,100000004058740100,30000.0,1,30000.0,1.0
100000005417257100,100000008673001100,80000.0,1,80000.0,1.0
100000003975102100,100000008650785100,56500.0,1,56500.0,1.0
100000002527114100,100000008716773100,15677.0,1,15677.0,1.0
100000002527114100,100000001716579100,13916.0,1,13916.0,1.0
100000002527114100,100000008782800100,43381.0,1,43381.0,1.0
100000004813068100,100000004784224100,23500.0,2,23500.0,1.0
100000003016635100,100000004408683100,81148.0,2,81148.0,1.0
100000006232815100,100000001380054100,120000.0,1,120000.0,1.0
100000007747786100,100000005473151100,60000.0,2,60000.0,1.0
100000002527114100,100000008741372100,35975.0,1,35975.0,1.0
100000002527114100,100000008749063100,19000.0,1,19000.0,1.0
100000004358004100,100000001477796100,182000.0,1,182000.0,1.0
100000005485830100,100000005807278100,8385.0,1,8385.0,1.0
100000006866783100,100000008686234100,39778.0,1,39778.0,1.0
100000007747786100,100000002591469100,235670.0,1,235670.0,1.0
100000002527114100,100000006030946100,73289.0,1,73289.0,1.0
100000006866783100,100000008443341100,24500.0,1,24500.0,1.0
100000005264990100,100000004744306100,69000.0,1,69000.0,1.0
100000004007116100,100000002731501100,10000.0,1,10000.0,1.0
100000008680731100,100000003123296100,86200.0,2,86200.0,1.0
100000003684369100,100000005852946100,23746.0,1,23746.0,1.0
100000002527114100,100000000703902100,25499.0,1,25499.0,1.0
100000005498992100,100000002750332100,11360.0,1,11360.0,1.0
100000003684369100,100000002621949100,164612.0,1,164612.0,1.0
100000000343175100,100000001924185100,115000.0,1,115000.0,1.0
100000002527114100,100000004218576100,26144.0,1,26144.0,1.0
100000006866783100,100000004390333100,45751.0,1,45751.0,1.0
100000006866783100,100000001550388100,50000.0,1,50000.0,1.0
100000004041163100,100000005382566100,166000.0,4,166000.0,1.0
100000006866783100,100000008221543100,20000.0,1,20000.0,1.0
100000002527114100,100000004213658100,25347.0,1,25347.0,1.0
100000003684369100,100000001554432100,53920.0,1,53920.0,1.0
100000006866783100,100000002597003100,17700.0,1,17700.0,1.0
100000004358004100,100000003684369100,233000.0,5,233000.0,1.0
100000007747786100,100000003831324100,200000.0,1,200000.0,1.0
100000002527114100,100000008773876100,26120.0,1,26120.0,1.0
100000007747786100,100000005588444100,12300.0,1,12300.0,1.0
100000006866783100,100000002681449100,11900.0,1,11900.0,1.0
100000000580561100,100000003888271100,12177.0,2,12177.0,1.0
100000003684369100,100000008664469100,25000.0,1,25000.0,1.0
100000007747786100,100000002648315100,132000.0,1,132000.0,1.0
100000004193835100,100000005382566100,5000.0,1,5000.0,1.0
100000003016635100,100000006069103100,29118.0,1,29118.0,1.0
100000005744674100,100000005382566100,50066.0,2,50066.0,1.0
100000007982728100,100000004015047100,264384.0,2,264384.0,1.0
100000003684369100,100000000998559100,100000.0,1,100000.0,1.0
100000001732159100,100000003404627100,465000.0,2,465000.0,1.0
100000003016635100,100000004206046100,11075.0,1,11075.0,1.0
100000008571433100,100000007507343100,370000.0,1,370000.0,1.0
100000006831291100,100000006562026100,15000.0,3,15000.0,1.0
100000004813068100,100000003835149100,248500.0,1,248500.0,1.0
100000003016635100,100000006579678100,42930.0,1,42930.0,1.0
100000006866783100,100000004759121100,50000.0,1,50000.0,1.0
100000003016635100,100000000667713100,106745.0,9,106745.0,1.0
100000006866783100,100000008071620100,46968.0,1,46968.0,1.0
100000001616816100,100000004015047100,110500.0,8,110500.0,1.0
100000006866783100,100000005496254100,12700.0,1,12700.0,1.0
100000002527114100,100000008691495100,27000.0,1,27000.0,1.0
100000007747786100,100000007536804100,100000.0,1,100000.0,1.0
100000000343175100,100000002720627100,199300.0,1,199300.0,1.0
100000006866783100,100000008066326100,19320.0,1,19320.0,1.0
100000000343175100,100000004318918100,75600.0,1,75600.0,1.0
100000003016635100,100000002580377100,37750.0,2,37750.0,1.0
100000006866783100,100000008560717100,45000.0,2,45000.0,1.0
100000002527114100,100000008693069100,20000.0,1,20000.0,1.0
100000003684369100,100000004226848100,301866.0,1,301866.0,1.0
100000003975102100,100000005382566100,32000.0,1,32000.0,1.0
100000008522127100,100000002781227100,145000.0,3,145000.0,1.0
100000008418835100,100000008701944100,52124.0,1,52124.0,1.0
100000007747786100,100000004130144100,200000.0,1,200000.0,1.0
100000008680731100,100000002589019100,34710.0,1,34710.0,1.0
100000002527114100,100000001307612100,38483.0,1,38483.0,1.0
100000006866783100,100000001609499100,93937.0,1,93937.0,1.0
100000000343175100,100000006789108100,37500.0,1,37500.0,1.0
100000001732159100,100000008637537100,381890.0,10,381890.0,1.0
100000002527114100,100000008663007100,14000.0,1,14000.0,1.0
100000000343175100,100000002894076100,80000.0,1,80000.0,1.0
100000004358004100,100000002662768100,84300.0,1,84300.0,1.0
100000003016635100,100000005287097100,110723.0,4,110723.0,1.0
100000003684369100,100000002666248100,70032.0,1,70032.0,1.0
100000001616816100,100000001937767100,53000.0,1,53000.0,1.0
100000005485830100,100000007175718100,20000.0,1,20000.0,1.0
100000003016635100,100000001164648100,6400.0,1,6400.0,1.0
100000002527114100,100000002830055100,14000.0,1,14000.0,1.0
100000003016635100,100000004707703100,232300.0,2,232300.0,1.0
100000006866783100,100000002845605100,57567.0,1,57567.0,1.0
100000006866783100,100000003235780100,15000.0,1,15000.0,1.0
100000006866783100,100000003066385100,10000.0,1,10000.0,1.0
100000002527114100,100000008746025100,22000.0,1,22000.0,1.0
100000002527114100,100000004388209100,11800.0,1,11800.0,1.0
100000006866783100,100000007648946100,19550.0,1,19550.0,1.0
100000006866783100,100000000089154100,10000.0,1,10000.0,1.0
100000003684369100,100000005124479100,48806.0,1,48806.0,1.0
100000002527114100,100000008691027100,17534.0,1,17534.0,1.0
100000000343175100,100000007129492100,25990.0,1,25990.0,1.0
100000003016635100,100000003001564100,23520.0,1,23520.0,1.0
100000006866783100,100000002809568100,10000.0,1,10000.0,1.0
100000002527114100,100000008720798100,15534.0,1,15534.0,1.0
100000000343175100,100000005897462100,98400.0,1,98400.0,1.0
100000002527114100,100000008776298100,42800.0,1,42800.0,1.0
100000007747786100,100000003265158100,18600.4,1,18600.4,1.0
100000002527114100,100000008735384100,39220.0,1,39220.0,1.0
100000008575624100,100000005363908100,19500.0,1,19500.0,1.0
100000003684369100,100000003299365100,200000.0,1,200000.0,1.0
100000005543136100,100000005493505100,10000.0,1,10000.0,1.0
100000006866783100,100000002645609100,46987.0,1,46987.0,1.0
100000003016635100,100000003163256100,13485.0,1,13485.0,1.0
100000002527114100,100000008729801100,17534.0,1,17534.0,1.0
100000008680731100,100000004662806100,97580.0,1,97580.0,1.0
100000003016635100,100000004360785100,94705.0,1,94705.0,1.0
100000003016635100,100000002778085100,66208.0,1,66208.0,1.0
100000006232815100,100000000703894100,120000.0,1,120000.0,1.0
100000003684369100,100000005079754100,70000.0,1,70000.0,1.0
100000000343175100,100000006889963100,220000.0,1,220000.0,1.0
100000004358004100,100000008244300100,9000.0,1,9000.0,1.0
100000003016635100,100000005339662100,26925.0,1,26925.0,1.0
100000004007116100,100000003616818100,15000.0,1,15000.0,1.0
100000003684369100,100000008438656100,55000.0,1,55000.0,1.0
100000007982728100,100000006972210100,150000.0,1,150000.0,1.0
100000003016635100,100000008169544100,137104.0,2,137104.0,1.0
100000006866783100,100000004325327100,47472.0,1,47472.0,1.0
100000003684369100,100000007908818100,235100.0,1,235100.0,1.0
100000008748408100,100000002488629100,73050.0,1,23788.448444299713,0.3256461114893869
100000001162560100,100000001380986100,70170.0,1,0.0,0.0
100000004076740100,100000004467157100,20000.0,3,0.0,0.0
100000004094958100,100000004331458100,40000.0,1,0.0,0.0
100000001872484100,100000008601794100,475400.0,7,475400.0,1.0
100000008165763100,100000003134934100,116000.0,1,0.0,0.0
100000000667713100,100000001290243100,10000.0,1,8430.120577293475,0.8430120577293475
100000002152857100,100000004015047100,70000.0,1,0.0,0.0
100000003923946100,100000002836736100,316000.0,1,33069.767441860466,0.10465116279069768
100000004070318100,100000008346837100,60059.0,4,35465.75342465753,0.5905152171141299
100000004403675100,100000000331309100,59435.0,1,47187.0,0.793926137797594
100000008723830100,100000005614315100,455000.0,1,454000.0,0.9978021978021978
100000008137435100,100000003824464100,200000.0,1,0.0,0.0
100000001697501100,100000004435304100,26200.0,1,0.0,0.0
100000008165763100,100000002432143100,81310.0,1,0.0,0.0
100000007908818100,100000008473207100,202000.0,4,0.0,0.0
100000004679953100,100000008461532100,5300.0,1,712.98237504942,0.13452497642441888
100000004135268100,100000002738256100,150200.0,1,0.0,0.0
100000005612411100,100000008717375100,29506.0,1,0.0,0.0
100000001530983100,100000000629812100,10000.0,1,0.0,0.0
100000002731501100,100000003031890100,215000.0,10,8307.628745152406,0.03864013369838328
100000004070318100,100000000489417100,28504.0,1,0.0,0.0
100000004156082100,100000006518161100,50000.0,1,0.0,0.0
100000008686313100,100000002826669100,159900.0,4,152752.04032258064,0.9552973128366519
100000000706545100,100000006901046100,75800.0,3,51347.23891810668,0.677404207362885
100000001746925100,100000005031696100,5000.0,1,0.0,0.0
100000004744306100,100000008406609100,34000.0,1,30000.000000000004,0.8823529411764707
100000004156082100,100000002028158100,34800.0,1,313.73963216732784,0.009015506671474938
100000003001564100,100000003191430100,180000.0,1,23519.999999999996,0.13066666666666665
100000007511163100,100000008389800100,49000.0,1,0.0,0.0
100000004188160100,100000000733373100,10710.0,1,10710.0,1.0
100000005473151100,100000008335401100,150000.0,3,0.0,0.0
100000002306369100,100000008111003100,51000.0,1,51000.0,1.0
100000004186824100,100000004707703100,7000.0,1,6965.088689835982,0.9950126699765689
100000004847758100,100000003044431100,30000.0,1,8554.57003128702,0.285152334376234
100000004156082100,100000004993576100,167000.0,1,0.0,0.0
100000008748914100,100000008477350100,222000.0,1,6143.911439114391,0.027675276752767528
100000008232832100,100000003404627100,138000.0,1,0.0,0.0
100000000089154100,100000006866783100,22000.0,1,0.0,0.0
100000003635170100,100000005602999100,5000.0,1,2380.9523809523807,0.47619047619047616
100000008748408100,100000003157333100,30000.0,1,30000.0,1.0
100000003835149100,100000002224132100,2900720.0,6,19843.888747129364,0.00684102179704672
100000001697501100,100000002863356100,45000.0,1,0.0,0.0
100000006707582100,100000002170580100,150000.0,1,0.0,0.0
100000006443391100,100000006385877100,53706.62,5,13256.766534928141,0.24683673139229653
100000008748408100,100000002870463100,100000.0,2,16282.305574469345,0.16282305574469344
100000001697501100,100000008672762100,13000.0,1,0.0,0.0
100000004156082100,100000001987030100,23668.0,1,0.0,0.0
100000004188160100,100000003016635100,18000.0,2,18000.0,1.0
100000004351795100,100000003971049100,55900.0,7,0.0,0.0
100000008555918100,100000006557763100,10000.0,1,0.0,0.0
100000002479804100,100000007289427100,12300.0,1,0.0,0.0
100000004159526100,100000005032294100,10000.0,1,0.0,0.0
100000008193577100,100000008736940100,125990.0,5,55295.77045573726,0.4388901536291552
100000004707703100,100000005519347100,23000.0,1,23000.0,1.0
100000003635170100,100000002156381100,10000.0,1,3986.2914862914868,0.39862914862914867
100000002941114100,100000005168487100,15000.0,1,5102.04081632653,0.3401360544217687
100000007442518100,100000001961048100,150000.0,1,0.0,0.0
100000004390333100,100000005612411100,36500.0,2,0.0,0.0
100000004156082100,100000007281639100,69770.0,2,0.0,0.0
100000001530983100,100000007777377100,456290.0,7,85199.21721105243,0.18672164020919246
100000008165763100,100000001339466100,30000.0,1,0.0,0.0
100000004480280100,100000003254723100,269850.0,6,120694.0,0.4472632944228275
100000005634552100,100000003278020100,190000.0,1,0.0,0.0
100000004180097100,100000000723383100,6800.0,1,0.0,0.0
100000000089154100,100000000332284100,9000.0,1,0.0,0.0
100000008169544100,100000004156082100,5000.0,1,5000.0,1.0
100000001697501100,100000007982908100,31080.0,1,0.0,0.0
100000002592567100,100000008547844100,8600.0,1,0.0,0.0
100000000667713100,100000004186824100,14350.0,1,12097.223028416138,0.8430120577293476
100000008304139100,100000003684369100,454000.0,10,0.0,0.0
100000005074393100,100000001232297100,5000.0,1,0.0,0.0
100000003004487100,100000002710570100,225015.0,1,47967.0,0.21317245516965536
100000008748408100,100000001648936100,92740.0,1,30200.420379525738,0.3256461114893869
100000008304139100,100000005782781100,38000.0,2,3927.833333333333,0.1033640350877193
100000003589877100,100000005413948100,23215.0,1,0.0,0.0
100000002152857100,100000002459093100,500000.0,2,43750.0,0.0875
100000004622227100,100000000332284100,6000.0,1,6000.0,1.0
100000008686313100,100000006866783100,48100.0,2,28388.959677419356,0.5902070619006103
100000005473151100,100000008545727100,30000.0,1,0.0,0.0
100000004390333100,100000000437046100,100000.0,2,0.0,0.0
100000008169544100,100000000343175100,15500.0,2,0.0,0.0
100000004156082100,100000005287097100,16450.0,1,0.0,0.0
100000005527892100,100000008758168100,65410.0,1,0.0,0.0
100000000089154100,100000006595426100,84800.0,3,0.0,0.0
100000001697501100,100000008688476100,24000.0,1,461.5009133872244,0.019229204724467684
100000004662806100,100000001083990100,49900.0,2,49900.0,1.0
100000004188160100,100000008762728100,17026.0,1,77.53335737468447,0.004553821060418447
100000007908818100,100000008060273100,10000.0,2,7708.691533036247,0.7708691533036247
100000008165763100,100000003115284100,130000.0,1,0.0,0.0
100000006889963100,100000006755850100,443475.8,3,173501.2712955363,0.3912305277887459
100000004351795100,100000004962193100,90000.0,1,66404.0,0.7378222222222223
100000004156082100,100000008289539100,14912.0,1,0.0,0.0
100000004156082100,100000000790311100,46300.0,1,0.0,0.0
100000003635170100,100000003321423100,100000.0,2,19931.457431457435,0.19931457431457436
100000008304139100,100000001857829100,52000.0,1,0.0,0.0
100000008003034100,100000008346837100,28500.0,1,0.0,0.0
100000002748180100,100000005242320100,180000.0,1,0.0,0.0
100000005527892100,100000008752616100,54510.0,1,36510.381781647695,0.6697923643670464
100000001937767100,100000001904863100,500000.0,1,0.0,0.0
100000004679953100,100000008730846100,12800.0,1,1721.919698232562,0.1345249764244189
100000004707703100,100000008213966100,23000.0,1,0.0,0.0
100000008748408100,100000003509750100,34590.0,1,34590.0,1.0
100000002731501100,100000001330595100,22000.0,2,0.0,0.0
100000004180097100,100000002293421100,36000.0,5,23040.539311256118,0.6400149808682255
100000001697501100,100000002199091100,65000.0,1,0.0,0.0
100000005539201100,100000008531133100,25000.0,1,0.0,0.0
100000005612411100,100000002964966100,200000.0,1,0.0,0.0
100000004847758100,100000008106997100,15000.0,1,0.0,0.0
100000002762076100,100000008655035100,30000.0,1,0.0,0.0
100000007442518100,100000006567935100,200000.0,1,0.0,0.0
100000004156082100,100000005339662100,25164.0,1,0.0,0.0
100000003923946100,100000004015047100,77000.0,1,0.0,0.0
100000007442518100,100000002911170100,300000.0,2,0.0,0.0
100000003265158100,100000007242833100,107500.0,3,18600.4,0.17302697674418607
100000000274067100,100000005608515100,64000.0,4,50000.0,0.78125
100000000089154100,100000008111003100,53700.0,3,3344.4816053511704,0.062280849261660526
100000002748180100,100000002680477100,25000.0,1,0.0,0.0
100000007639767100,100000006866783100,10000.0,1,0.0,0.0
100000004070318100,100000005942793100,10000.0,1,0.0,0.0
100000008172352100,100000002628146100,30500.0,2,0.0,0.0
100000006579678100,100000002489253100,51000.0,1,3999.6894409937886,0.07842528315674095
100000002609774100,100000008104567100,27500.0,1,0.0,0.0
100000008304139100,100000003166755100,24010.0,1,0.0,0.0
100000007639767100,100000008701256100,58250.0,1,11170.884393804909,0.19177483937862505
100000004351795100,100000000437046100,542000.0,9,0.0,0.0
100000003115284100,100000003360542100,307000.0,2,147000.0,0.4788273615635179
100000005124479100,100000004285800100,5000.0,1,0.0,0.0
100000008748408100,100000004698193100,70000.0,1,12915.183526619972,0.18450262180885674
100000007639767100,100000000489417100,20000.0,1,0.0,0.0
100000008736940100,100000008193577100,67300.0,2,20870.706106870228,0.3101145038167939
100000006707582100,100000004732589100,227520.0,1,0.0,0.0
100000008748914100,100000000331309100,242000.0,1,0.0,0.0
100000004156082100,100000000795129100,332000.0,1,0.0,0.0
100000003946524100,100000007898453100,24750.0,1,0.0,0.0
100000007908818100,100000001641951100,25000.0,4,7708.691533036247,0.30834766132144986
100000001162560100,100000008497298100,600000.0,1,0.0,0.0
100000007055802100,100000004299488100,605000.0,7,19218.68705404293,0.03176642488271559
100000003873332100,100000003854444100,210000.0,4,23468.0,0.11175238095238095
100000008686313100,100000008477350100,25800.0,1,1343.593357394328,0.052077261914508836
100000001697501100,100000003336565100,16550.0,1,0.0,0.0
100000008748408100,100000001848426100,95530.0,1,17625.535461400083,0.1845026218088567
100000004159526100,100000007953156100,18000.0,1,7374.570840946895,0.4096983800526053
100000003873332100,100000001420847100,20000.0,2,0.0,0.0
100000008304139100,100000008011159100,10000.0,1,0.0,0.0
100000001162560100,100000002443664100,74880.0,1,57045.03311258278,0.7618193524650478
100000008748408100,100000000971908100,89000.0,1,89000.0,1.0
100000002306369100,100000000425407100,20000.0,1,3308.3582089552237,0.1654179104477612
100000005316708100,100000005514161100,227500.0,3,0.0,0.0
100000004394765100,100000008650785100,35500.0,1,27396.032084192346,0.771719213639221
100000004188160100,100000008346837100,6000.0,1,6000.0,1.0
100000005074393100,100000008205937100,35000.0,3,7421.372333625503,0.21203920953215724
100000004622227100,100000004486525100,6000.0,1,6000.0,1.0
100000008304139100,100000008733194100,45200.0,1,0.0,0.0
100000001697501100,100000008672480100,13000.0,1,0.0,0.0
100000004351795100,100000002703376100,46501.0,1,0.0,0.0
100000002306369100,100000002723538100,20000.0,1,0.0,0.0
100000001697501100,100000002578405100,120000.0,2,0.0,0.0
100000002731501100,100000003275398100,300000.0,1,0.0,0.0
100000001697501100,100000008696692100,19000.0,1,0.0,0.0
100000003946524100,100000000596954100,120000.0,1,0.0,0.0
100000008748914100,100000001072022100,320000.0,1,8856.08856088561,0.02767527675276753
100000001697501100,100000002527114100,90000.0,2,0.0,0.0
100000003366154100,100000004105288100,190000.0,1,0.0,0.0
100000002152857100,100000006240939100,160000.0,1,0.0,0.0
100000008349675100,100000002340562100,36650.0,2,18150.0,0.495225102319236
100000004071080100,100000003086040100,10500.0,1,0.0,0.0
100000003888271100,100000000580561100,18680.0,2,5577.000000000001,0.29855460385438976
100000004156082100,100000008733049100,10000.0,1,0.0,0.0
100000004070318100,100000004158362100,12000.0,1,0.0,0.0
100000003589877100,100000002605548100,23215.0,1,0.0,0.0
100000001872484100,100000000785800100,19000.0,1,19000.0,1.0
100000006579678100,100000003016635100,81600.0,1,0.0,0.0
100000003148220100,100000004971871100,25400.0,3,5650.0,0.22244094488188976
100000004156082100,100000002956898100,233000.0,1,0.0,0.0
100000007648946100,100000000489417100,25000.0,1,19550.0,0.782
100000006579678100,100000008389800100,120000.0,1,0.0,0.0
100000004070318100,100000008603629100,23126.0,2,8866.438356164383,0.3833969712083535
100000005287097100,100000005572303100,75000.0,1,0.0,0.0
100000006707582100,100000007998965100,111000.0,2,0.0,0.0
100000005287097100,100000000490383100,6000.0,1,6000.0,1.0
100000006707582100,100000001287955100,17520.0,1,0.0,0.0
100000005287097100,100000004150593100,57000.0,2,0.0,0.0
100000008748914100,100000003684369100,1582700.0,9,43487.69574944072,0.02747690386645651
100000008188026100,100000002605184100,140000.0,1,34203.56909993427,0.24431120785667335
100000004070318100,100000004486525100,46877.0,5,0.0,0.0
100000006518161100,100000003039473100,23000.0,1,22840.851014465305,0.9930804788897959
100000004692798100,100000000831684100,15000.0,2,14615.985253833747,0.9743990169222498
100000005287097100,100000000607941100,30000.0,2,0.0,0.0
100000008560717100,100000005809252100,25000.0,1,2126.6540642722116,0.08506616257088846
100000007639767100,100000008603629100,98250.0,4,7104.578747610206,0.0723112340723685
100000004403675100,100000005668605100,21000.0,1,0.0,0.0
100000004325327100,100000002445750100,70000.0,1,47472.0,0.6781714285714285
100000004390333100,100000005142589100,50000.0,2,0.0,0.0
100000008165763100,100000006564102100,233235.0,1,13168.449350701581,0.056460005362409506
100000006707582100,100000002540623100,100000.0,1,0.0,0.0
100000002991079100,100000008141170100,11000.0,1,0.0,0.0
100000004351795100,100000008512552100,246100.0,4,0.0,0.0
100000002306369100,100000008165763100,114000.0,4,18857.641791044774,0.1654179104477612
100000008188026100,100000002852402100,55000.0,1,0.0,0.0
100000000089154100,100000005782781100,29700.0,2,0.0,0.0
100000005584222100,100000000533217100,53587.0,1,0.0,0.0
100000004156082100,100000003927792100,13067.0,1,0.0,0.0
100000004135268100,100000004979498100,700000.0,2,200000.0,0.2857142857142857
100000004076740100,100000005932987100,25000.0,3,3245.6140350877195,0.1298245614035088
100000005074393100,100000005882013100,120000.0,2,40817.54783494027,0.34014623195783555
100000002838861100,100000002812641100,10000.0,1,0.0,0.0
100000003004487100,100000002175422100,40000.0,2,0.0,0.0
100000005074393100,100000006684930100,10000.0,1,3710.6861668127517,0.37106861668127517
100000008748914100,100000006977207100,414000.0,1,0.0,0.0
100000001162560100,100000002748532100,128783.0,1,0.0,0.0
100000008748408100,100000005203590100,90000.0,1,0.0,0.0
100000005339662100,100000008144528100,27860.0,1,0.0,0.0
100000008193577100,100000000307908100,5000.0,1,0.0,0.0
100000008188026100,100000004527381100,119333.17,1,29154.430900065734,0.24431120785667335
100000000607731100,100000004192865100,66666.0,1,0.0,0.0
100000004403675100,100000003823811100,30000.0,1,5826.147540983607,0.1942049180327869
100000005505655100,100000001526235100,20000.0,1,0.0,0.0
100000001530983100,100000004756901100,153248.0,1,0.0,0.0
100000003888271100,100000000955444100,6910.0,1,6600.0,0.9551374819102749
100000001530983100,100000002939838100,340000.0,1,213308.2166290657,0.6273771077325462
100000004759121100,100000006844768100,282000.0,5,0.0,0.0
100000000089154100,100000008165763100,23300.0,1,0.0,0.0
100000008137435100,100000008686313100,51400.0,1,0.0,0.0
100000008169544100,100000003016635100,17300.0,3,12300.0,0.7109826589595376
100000004847758100,100000005612411100,14000.0,1,0.0,0.0
100000002781227100,100000008466579100,6952.0,1,6031.191186773154,0.8675476390640325
100000005287097100,100000000343175100,58800.0,6,29057.701492537315,0.4941785968118591
100000002731501100,100000004007116100,201960.0,3,0.0,0.0
100000006579678100,100000000490383100,51600.0,1,0.0,0.0
100000004351795100,100000002217161100,52900.0,1,0.0,0.0
100000008443341100,100000008477350100,17000.0,1,0.0,0.0
100000007544358100,100000003798151100,350000.0,3,150000.0,0.42857142857142855
100000008304139100,100000008587459100,49000.0,1,0.0,0.0
100000004005964100,100000002731501100,10000.0,1,0.0,0.0
100000004315838100,100000004806903100,18000.0,1,0.0,0.0
100000001697501100,100000008736394100,16000.0,1,0.0,0.0
100000001872484100,100000002459163100,20180.0,1,20180.0,1.0
100000001380054100,100000006232815100,160000.0,2,50000.0,0.3125
100000008686313100,100000000437046100,29200.0,1,4331.608730800323,0.14834276475343575
100000002781227100,100000008547948100,6468.0,1,5611.298129466162,0.8675476390640325
100000001697501100,100000008734364100,26200.0,1,0.0,0.0
100000002592567100,100000004019124100,40000.0,1,5296.999999999999,0.132425
100000000089154100,100000008106997100,20600.0,1,0.0,0.0
100000001380054100,100000001782980100,50000.0,1,0.0,0.0
100000004759121100,100000005105153100,30000.0,1,0.0,0.0
100000006788200100,100000005205745100,6000.0,1,0.0,0.0
100000003148220100,100000006888238100,18000.0,1,0.0,0.0
100000003923946100,100000001411870100,200000.0,1,20930.232558139534,0.10465116279069767
100000001162560100,100000004225615100,90000.0,2,0.0,0.0
100000008165763100,100000006679055100,25000.0,1,0.0,0.0
100000007442518100,100000002454724100,125000.0,3,0.0,0.0
100000007639767100,100000007629096100,500000.0,1,0.0,0.0
100000005339662100,100000005175148100,5000.0,1,520.3128552302521,0.10406257104605042
100000008748408100,100000000861294100,150000.0,1,27675.39327132851,0.18450262180885674
100000008748408100,100000002969048100,108470.0,1,0.0,0.0
100000001697501100,100000008771814100,23700.0,1,0.0,0.0
100000001697501100,100000007337374100,20000.0,2,0.0,0.0
100000008003034100,100000005933757100,30000.0,1,0.0,0.0
100000001697501100,100000006612238100,160000.0,1,0.0,0.0
100000003809101100,100000005799271100,45000.0,2,9359.179750080102,0.20798177222400227
100000008686313100,100000008603629100,55500.0,2,1937.359277578442,0.03490737437078274
100000006707582100,100000002618492100,118500.0,1,0.0,0.0
100000003589877100,100000003016773100,46555.0,1,0.0,0.0
100000003616818100,100000004160650100,35100.0,2,4794.973544973545,0.1366089329052292
100000008172352100,100000000993112100,141000.0,1,43000.0,0.3049645390070922
100000008748914100,100000008165763100,141000.0,1,0.0,0.0
100000005287097100,100000005939154100,22000.0,2,15000.0,0.6818181818181818
100000008748914100,100000000913911100,426000.0,1,18107.382550335573,0.042505592841163314
100000000089154100,100000008571443100,25000.0,1,0.0,0.0
100000004070318100,100000003747133100,62964.0,3,12413.013698630137,0.1971446175374839
100000000267734100,100000003188607100,18000.0,1,5454.545454545455,0.30303030303030304
100000000089154100,100000003684369100,49500.0,1,0.0,0.0
100000002306369100,100000008477350100,35000.0,1,0.0,0.0
100000001697501100,100000008478414100,10000.0,1,0.0,0.0
100000002938501100,100000000490383100,5000.0,1,0.0,0.0
100000000274067100,100000006490557100,5000.0,1,2639.312064059628,0.5278624128119256
100000001530983100,100000002469065100,200000.0,1,0.0,0.0
100000004156082100,100000005481280100,32700.0,1,0.0,0.0
100000007908818100,100000002836052100,15000.0,1,0.0,0.0
100000008443341100,100000005904580100,19000.0,1,0.0,0.0
100000000667713100,100000002481735100,22436.0,2,17275.238666878864,0.7699785463932458
100000001530983100,100000001578517100,30000.0,1,0.0,0.0
100000008304139100,100000003036198100,15000.0,1,0.0,0.0
100000000667713100,100000008636603100,12750.0,1,0.0,0.0
100000004351795100,100000001633685100,28000.0,1,0.0,0.0
100000005527892100,100000008743913100,76300.0,1,0.0,0.0
100000008304139100,100000002492277100,138500.0,1,0.0,0.0
100000007639767100,100000004400305100,10000.0,1,0.0,0.0
100000007536804100,100000004950490100,10000.0,1,10000.0,1.0
100000004351795100,100000003242289100,49000.0,1,0.0,0.0
100000004847758100,100000008165763100,28000.0,2,0.0,0.0
100000008304139100,100000001703168100,45000.0,1,0.0,0.0
100000008736940100,100000008659445100,77300.0,2,57408.28789156934,0.7426686661263822
100000008304139100,100000004356593100,50000.0,1,15107.051282051281,0.30214102564102563
100000006707582100,100000004159526100,10955.0,1,0.0,0.0
100000006579678100,100000008144528100,1024400.0,9,38930.31055900621,0.03800303646915874
100000008172352100,100000007322059100,24000.0,1,0.0,0.0
100000007639767100,100000000437046100,50000.0,1,0.0,0.0
100000008748914100,100000004398811100,426000.0,1,18107.382550335573,0.042505592841163314
100000008628231100,100000005664632100,198620.0,18,50000.0,0.25173698519786525
100000003923946100,100000003977183100,82000.0,1,66000.0,0.8048780487804879
100000006707582100,100000001954903100,27118.0,1,0.0,0.0
100000008002020100,100000005664922100,17000.0,1,17000.0,1.0
100000005612411100,100000004192107100,25000.0,1,0.0,0.0
100000000089154100,100000003249054100,19900.0,2,6655.518394648829,0.334448160535117
100000004847758100,100000003684369100,56000.0,3,0.0,0.0
100000001697501100,100000008772058100,50000.0,1,0.0,0.0
100000001899164100,100000002593038100,28500.0,1,2481.335952848723,0.08706441939820081
100000008486520100,100000006161893100,14000.0,1,0.0,0.0
100000003616818100,100000003603979100,165000.0,3,0.0,0.0
100000003886323100,100000007749092100,7650.0,1,0.0,0.0
100000005287097100,100000004156082100,50500.0,2,0.0,0.0
100000004390333100,100000003684369100,100000.0,2,0.0,0.0
100000008137435100,100000008238989100,200000.0,2,0.0,0.0
100000002988894100,100000003003821100,40000.0,1,0.0,0.0
100000001937767100,100000004905207100,380000.0,1,52999.99999999999,0.1394736842105263
100000002988894100,100000003024542100,8500.0,1,0.0,0.0
100000005287097100,100000008144528100,5500.0,1,5500.0,1.0
100000008748408100,100000008008463100,54180.0,1,9996.352049603858,0.18450262180885674
100000005612411100,100000002457464100,66647.0,1,0.0,0.0
100000004135268100,100000008571433100,150000.0,1,0.0,0.0
100000004159526100,100000004456564100,10000.0,2,3907.6359032156633,0.3907635903215663
100000002748180100,100000003054328100,140000.0,1,0.0,0.0
100000007311010100,100000004441291100,20000.0,1,0.0,0.0
100000008748408100,100000002692750100,92830.0,1,17127.37838251617,0.18450262180885674
100000008003034100,100000008356606100,48500.0,1,0.0,0.0
100000004156082100,100000001138376100,15300.0,1,0.0,0.0
100000001380054100,100000005077484100,150000.0,1,0.0,0.0
100000005612411100,100000008672603100,21200.0,1,0.0,0.0
100000004070318100,100000008477350100,25000.0,1,0.0,0.0
100000006788200100,100000006994985100,48500.0,2,0.0,0.0
100000001899164100,100000002193259100,8000.0,1,696.5153551856065,0.08706441939820081
100000001162560100,100000002718366100,419200.0,1,0.0,0.0
100000008165763100,100000002947299100,85000.0,1,0.0,0.0
100000003366154100,100000008352542100,50220.0,1,0.0,0.0
100000002781227100,100000002796853100,199000.0,8,152464.8324065252,0.766154936716207
100000001697501100,100000008557672100,49125.0,1,0.0,0.0
100000008165763100,100000008531186100,125000.0,1,37000.0,0.296
100000000922570100,100000003922499100,50000.0,1,0.0,0.0
100000008165763100,100000002757240100,51183.0,1,0.0,0.0
100000007908818100,100000001346560100,5000.0,1,5000.0,1.0
100000000274067100,100000002958343100,2900000.0,4,0.0,0.0
100000001697501100,100000008764436100,13100.0,1,0.0,0.0
100000001697501100,100000008737958100,22000.0,1,0.0,0.0
100000008748408100,100000003068941100,30000.0,1,0.0,0.0
100000006656003100,100000002527114100,9000.0,1,0.0,0.0
100000004847758100,100000008546855100,14000.0,1,0.0,0.0
100000004070318100,100000003684369100,35813.0,2,0.0,0.0
100000007129492100,100000006852430100,37000.0,1,0.0,0.0
100000004351795100,100000007382152100,5860.0,1,0.0,0.0
100000000089154100,100000005059998100,18000.0,1,0.0,0.0
100000008304139100,100000007629096100,118000.0,1,0.0,0.0
100000004070318100,100000005665181100,9000.0,1,0.0,0.0
100000001049200100,100000005619339100,5000.0,1,0.0,0.0
100000004394765100,100000004193835100,47000.0,1,0.0,0.0
100000008443341100,100000008474308100,14000.0,2,7000.0,0.5
100000001697501100,100000008656043100,26200.0,1,0.0,0.0
100000007639767100,100000008731444100,50000.0,1,0.0,0.0
100000004847758100,100000000910216100,71000.0,3,1595.242800501021,0.02246820845776086
100000008751429100,100000008736940100,72600.0,2,60724.994207167256,0.8364324270959677
100000006788200100,100000002692750100,10000.0,1,0.0,0.0
100000008304139100,100000000332284100,18000.0,1,0.0,0.0
100000008003034100,100000008603331100,28000.0,1,12201.0,0.43575
100000004005964100,100000004007116100,27000.0,2,3287.037037037037,0.12174211248285322
100000003873332100,100000008647905100,50000.0,1,0.0,0.0
100000007939160100,100000000580561100,9300.0,1,0.0,0.0
100000001937767100,100000002605308100,1000000.0,3,0.0,0.0
100000008137435100,100000003701161100,349000.0,1,0.0,0.0
100000007639767100,100000008710843100,15744.0,1,5592.724390118755,0.35522893738051037
100000005584222100,100000001382002100,55000.0,2,0.0,0.0
100000000267734100,100000004573782100,15000.0,1,4545.454545454546,0.30303030303030304
100000005473151100,100000005561741100,25000.0,1,0.0,0.0
100000008172352100,100000002691858100,51500.0,1,0.0,0.0
100000004180097100,100000004765639100,5000.0,1,4389.156302685269,0.8778312605370538
100000004156082100,100000001184915100,201000.0,2,0.0,0.0
100000001697501100,100000000625169100,10000.0,1,0.0,0.0
100000001162560100,100000001541418100,50000.0,1,0.0,0.0
100000002479804100,100000005507142100,23000.0,1,23000.0,1.0
100000006734554100,100000003617552100,25000.0,1,16500.0,0.66
100000008172352100,100000002558173100,9300.0,1,0.0,0.0
100000002597003100,100000002721825100,11000.0,1,0.0,0.0
100000008165763100,100000000912487100,10000.0,1,564.600053624095,0.056460005362409506
100000004847758100,100000002398779100,15000.0,1,4277.28501564351,0.285152334376234
100000007442518100,100000000821507100,400000.0,1,0.0,0.0
100000002748180100,100000005514161100,125000.0,2,0.0,0.0
100000001530983100,100000006248077100,50000.0,1,31368.85538662731,0.6273771077325462
100000004403675100,100000003988112100,92000.0,2,17866.852459016394,0.1942049180327869
100000001609499100,100000002398779100,10000.0,1,3570.215078692425,0.35702150786924247
100000004076740100,100000007382543100,8000.0,1,5192.982456140351,0.6491228070175439
100000003163256100,100000001530740100,15000.0,1,0.0,0.0
100000008137435100,100000001822623100,201300.0,1,43906.0,0.21811227024341778
100000001530983100,100000007617808100,450000.0,1,0.0,0.0
100000006707582100,100000000850297100,17520.0,1,0.0,0.0
100000000267734100,100000001601320100,34000.0,1,4047.6190476190473,0.11904761904761904
100000004070318100,100000004400305100,19800.0,1,0.0,0.0
100000001660397100,100000008413748100,13000.0,1,0.0,0.0
100000004070318100,100000008094734100,9249.0,1,0.0,0.0
100000004076740100,100000005519998100,20000.0,1,12982.45614035088,0.649122807017544
100000003809101100,100000008254069100,10200.0,2,0.0,0.0
100000008665380100,100000000795033100,18200.0,1,0.0,0.0
100000002921047100,100000002635780100,163000.02,1,163000.02,1.0
100000001697501100,100000000718427100,6000.0,1,0.0,0.0
100000004351795100,100000002398779100,87100.0,5,0.0,0.0
100000000267734100,100000004687099100,30000.0,1,30000.0,1.0
100000006707582100,100000005328215100,27000.0,1,0.0,0.0
100000004299488100,100000007055802100,204999.0,9,31392.955325745497,0.15313711445297537
100000003701161100,100000004580202100,9000.0,1,2182.636583253992,0.2425151759171102
100000005074393100,100000006424479100,500000.0,2,37106.861668127516,0.07421372333625503
100000004076740100,100000003219438100,32000.0,1,11846.491228070177,0.37020285087719307
100000003589877100,100000003062895100,178444.0,1,0.0,0.0
100000000267734100,100000007861311100,45000.0,1,45000.0,1.0
100000008748914100,100000003289405100,355000.0,1,0.0,0.0
100000004707703100,100000004687282100,20000.0,1,20000.0,1.0
100000004707703100,100000003975102100,25650.0,1,25650.0,1.0
100000008748914100,100000002570206100,81147.0,1,0.0,0.0
100000004847758100,100000003724440100,25000.0,1,0.0,0.0
100000000810551100,100000002205022100,7100.0,1,0.0,0.0
100000004076740100,100000004336312100,20000.0,1,12982.456140350878,0.6491228070175439
100000001697501100,100000008765494100,24000.0,1,0.0,0.0
100000004070318100,100000008637537100,6000.0,1,0.0,0.0
100000001697501100,100000002733905100,45000.0,3,192.29204724467684,0.004273156605437263
100000000661912100,100000003131016100,405700.0,7,32384.075686570286,0.07982271552026199
100000004156082100,100000003159641100,15000.0,2,0.0,0.0
100000005612411100,100000001102676100,50000.0,1,50000.0,1.0
100000008169544100,100000000765628100,5000.0,1,0.0,0.0
100000002748180100,100000005931985100,76000.0,1,0.0,0.0
100000005074393100,100000000943371100,15500.0,1,0.0,0.0
100000008165763100,100000007311010100,26480.0,1,0.0,0.0
100000001049200100,100000008144528100,5000.0,1,5000.0,1.0
100000006707582100,100000002973903100,20000.0,1,0.0,0.0
100000007511163100,100000000343175100,11937.0,1,0.0,0.0
100000004070318100,100000006866783100,85000.0,4,0.0,0.0
100000001987030100,100000005514161100,19000.0,1,7196.0,0.37873684210526315
100000001363952100,100000002779485100,91000.0,2,0.0,0.0
100000008748408100,100000003073398100,92960.0,1,0.0,0.0
100000005958064100,100000002605308100,69521.84,1,2436.003356366889,0.03503939706381317
100000008304139100,100000008603629100,159000.0,4,0.0,0.0
100000004390333100,100000008603629100,60000.0,2,24955.090909090904,0.41591818181818174
100000004071080100,100000004071070100,36000.0,4,11057.655762410479,0.3071571045114022
100000008748914100,100000008762832100,150000.0,1,0.0,0.0
100000002681449100,100000003404627100,120000.0,1,11900.0,0.09916666666666667
100000005612411100,100000001737722100,60460.0,1,0.0,0.0
100000007442518100,100000008376089100,135000.0,1,0.0,0.0
100000005958064100,100000000917179100,94465.0,2,3309.9966436331115,0.03503939706381318
100000008193577100,100000005456919100,216000.0,5,0.0,0.0
100000008686313100,100000008546855100,5000.0,1,153.02201333009185,0.03060440266601837
100000008748408100,100000008713270100,30000.0,1,9769.383344681606,0.3256461114893869
100000004847758100,100000003249054100,15000.0,1,0.0,0.0
100000001162560100,100000008418934100,360000.0,1,274254.96688741725,0.761819352465048
100000008165763100,100000002679516100,36050.0,1,5322.323634889055,0.1476372714254939
100000005316708100,100000001616816100,30000.0,1,0.0,0.0
100000005527892100,100000000724540100,50000.0,1,33489.61821835231,0.6697923643670463
100000000089154100,100000000437046100,32000.0,1,0.0,0.0
100000004299488100,100000004674799100,140000.0,5,29432.939546869828,0.21023528247764162
100000008304139100,100000005834479100,7500.0,1,0.0,0.0
100000006069103100,100000006787636100,20000.0,1,0.0,0.0
100000000011452100,100000005140601100,16685.0,2,15209.257517063274,0.9115527430064893
100000004156082100,100000000076451100,42707.0,1,0.0,0.0
100000005124479100,100000004904960100,17000.0,1,0.0,0.0
100000002731501100,100000004160650100,40000.0,2,380.83493398760345,0.009520873349690087
100000002731501100,100000008774237100,50000.0,1,72.89976043919397,0.0014579952087838794
100000004847758100,100000004071080100,50600.0,2,0.0,0.0
100000008304139100,100000006866783100,144000.0,6,0.0,0.0
100000001162560100,100000005402643100,127800.0,1,0.0,0.0
100000008165763100,100000001251686100,18000.0,1,2657.4708856588904,0.1476372714254939
100000001697501100,100000008283183100,29000.0,1,557.6469370095629,0.019229204724467684
100000004156082100,100000002742067100,12730.0,1,0.0,0.0
100000004737477100,100000003831201100,40500.0,3,12452.18557199887,0.30746137214812025
100000008193577100,100000008751429100,77000.0,1,12016.253055250918,0.15605523448377814
100000002606567100,100000001241318100,53000.0,1,0.0,0.0
100000005079754100,100000005022964100,20000.0,1,20000.0,1.0
100000000661912100,100000003246024100,25000.0,1,0.0,0.0
100000002748180100,100000005237935150,34508.0,1,9900.0,0.2868899965225455
100000004847758100,100000002613776100,30000.0,2,4347.902152568449,0.14493007175228165
100000008555918100,100000005849100100,33300.0,1,0.0,0.0
100000004677680100,100000004544958100,168000.0,3,60000.0,0.35714285714285715
100000001330685100,100000002087788100,100500.0,1,0.0,0.0
100000004015047100,100000001616816100,69195.0,7,30598.31212295191,0.44220409166777813
100000005473151100,100000001490461100,20000.0,1,0.0,0.0
100000004390333100,100000006866783100,60000.0,1,0.0,0.0
100000008748408100,100000001557930100,34610.0,1,0.0,0.0
100000004070318100,100000008165763100,32300.0,2,7979.7945205479455,0.2470524619364689
100000004784224100,100000005474472100,100000.0,1,23500.0,0.235
100000008172352100,100000001597505100,26460.0,1,0.0,0.0
100000008229700100,100000002974256100,7200.0,1,7200.0,1.0
100000008188026100,100000001262647100,23650.0,1,0.0,0.0
100000000089154100,100000003741418100,8000.0,1,0.0,0.0
100000004156082100,100000004188160100,8600.0,1,77.53335737468447,0.009015506671474938
100000006518161100,100000005660203100,572899.0,12,395035.93316954136,0.6895385280294456
100000004351795100,100000008603629100,77000.0,1,0.0,0.0
100000004739664100,100000000979567100,10000.0,1,0.0,0.0
100000000667713100,100000006069103100,9700.0,1,8177.216959974671,0.8430120577293475
100000005514161100,100000004424023100,50000.0,1,0.0,0.0
100000008736940100,100000008751429100,37500.0,2,11629.293893129772,0.31011450381679395
100000004070318100,100000004479404100,12000.0,2,0.0,0.0
100000000703894100,100000004463277100,35000.0,1,0.0,0.0
100000002748180100,100000001279875100,49235.0,1,0.0,0.0
100000001126374100,100000005730108100,8000.0,1,3555.555555555555,0.4444444444444444
100000001697501100,100000001308856100,27000.0,1,0.0,0.0
100000008165763100,100000002983879100,114100.0,1,0.0,0.0
100000001609499100,100000006866783100,11000.0,1,3927.236586561668,0.3570215078692425
100000001697501100,100000001418900100,40140.0,2,0.0,0.0
100000001162560100,100000002633701100,266850.0,1,0.0,0.0
100000003265158100,100000004386258100,46700.0,1,46700.0,1.0
100000002748180100,100000007534354100,50000.0,1,0.0,0.0
100000003589877100,100000001253557100,50000.0,1,0.0,0.0
100000006069103100,100000003192220100,60000.0,2,0.0,0.0
100000007908818100,100000000806727100,45000.0,1,0.0,0.0
100000001899164100,100000000297649100,40000.0,1,3354.2080203647824,0.08385520050911956
100000001697501100,100000008749989100,16000.0,1,0.0,0.0
100000005527892100,100000008512827100,54510.0,1,0.0,0.0
100000004847758100,100000008603629100,42000.0,2,0.0,0.0
100000006069103100,100000000201868100,190000.0,1,0.0,0.0
100000004005964100,100000003616818100,35000.0,2,6712.962962962963,0.1917989417989418
100000008304139100,100000005942793100,15000.0,1,4532.115384615385,0.30214102564102563
100000001697501100,100000004825069100,30000.0,4,249.97966141807987,0.008332655380602662
100000008304139100,100000008324800100,70000.0,1,0.0,0.0
100000004707703100,100000002335358100,140000.0,2,75000.0,0.5357142857142857
100000003701161100,100000003718221100,120000.0,3,18952.99889159321,0.15794165742994343
100000005527892100,100000008710791100,54510.0,1,0.0,0.0
100000000089154100,100000002398779100,20000.0,1,0.0,0.0
100000004847758100,100000004410489100,54000.0,1,0.0,0.0
100000004070318100,100000002957787100,7600.0,1,0.0,0.0
100000003635170100,100000004209339100,138500.0,6,0.0,0.0
100000002648315100,100000002744581100,12000.0,1,12000.0,1.0
100000008748408100,100000004221668100,92000.0,1,29959.442257023595,0.3256461114893869
100000004351795100,100000007797290100,100000.0,1,0.0,0.0
100000002580377100,100000002621915100,5000.0,1,5000.0,1.0
100000002152857100,100000005578559100,80000.0,1,0.0,0.0
100000001049200100,100000003016635100,5000.0,1,1013.9999999999998,0.20279999999999995
100000006579678100,100000003237045100,340200.0,2,0.0,0.0
100000008748408100,100000001250022100,50000.0,1,0.0,0.0
100000004156082100,100000004394765100,32480.0,1,0.0,0.0
100000005546031100,100000005547096100,8000.0,1,4842.6150121065375,0.6053268765133172
100000004390333100,100000008477350100,40000.0,1,0.0,0.0
100000004662806100,100000003943483100,10000.0,1,0.0,0.0
100000005612411100,100000008629581100,54184.0,1,14999.999999999998,0.27683448988631326
100000000267734100,100000002842337100,50000.0,1,5952.380952380952,0.11904761904761904
100000005079754100,100000005539910100,102000.0,1,0.0,0.0
100000002988894100,100000007629121100,29000.0,1,0.0,0.0
100000004156082100,100000005326681100,31228.0,1,0.0,0.0
100000004403675100,100000001386612100,62264.0,1,0.0,0.0
100000001049200100,100000004156082100,21000.0,2,0.0,0.0
100000005527892100,100000008624978100,109000.0,1,0.0,0.0
100000001162560100,100000003089018100,230000.0,1,0.0,0.0
100000004070318100,100000002398779100,61568.0,3,0.0,0.0
100000001162560100,100000003034546100,486715.0,2,0.0,0.0
100000004390333100,100000004962193100,50000.0,1,20795.90909090909,0.41591818181818174
100000005287097100,100000003016635100,392500.0,25,55165.298507462685,0.1405485312292043
100000001530983100,100000002173070100,30000.0,1,0.0,0.0
100000003701161100,100000002267998100,220000.0,3,50278.703139158664,0.22853955972344847
100000004847758100,100000005053653100,29200.0,1,0.0,0.0
100000005527892100,100000004134060100,88179.0,1,0.0,0.0
100000004351795100,100000008731444100,295000.0,3,0.0,0.0
100000008748408100,100000002820010100,30000.0,1,0.0,0.0
100000006707582100,100000002566204100,80805.0,1,0.0,0.0
100000001126374100,100000000967918100,21200.0,3,3760.088446655611,0.17736266257809485
100000008748914100,100000004592467100,7000.0,1,297.5391498881432,0.042505592841163314
100000001697501100,100000008771627100,16500.0,1,0.0,0.0
100000002371751100,100000000769919100,250000.0,1,200000.0,0.8
100000005634552100,100000002603769100,759000.0,1,0.0,0.0
100000007536804100,100000001677929100,45000.0,1,45000.0,1.0
100000001697501100,100000008687492100,15000.0,1,288.43807086701526,0.019229204724467684
100000008628231100,100000004666651100,429250.0,1,0.0,0.0
100000005634552100,100000002398779100,247000.0,2,0.0,0.0
100000004744306100,100000008516839100,58000.0,2,39000.0,0.6724137931034483
100000008193577100,100000008659445100,56190.0,4,18558.682595882052,0.33028443843890465
100000001697501100,100000008691168100,24000.0,1,0.0,0.0
100000003299365100,100000003684369100,200000.0,1,0.0,0.0
100000004351795100,100000003684369100,39800.0,1,0.0,0.0
100000002214301100,100000000291906100,8000.0,1,8000.0,1.0
100000008686313100,100000000646541100,10300.0,2,271.3120938297583,0.02634097998347168
100000007639767100,100000003684369100,10000.0,1,0.0,0.0
100000004480280100,100000005493505100,26000.0,1,26000.0,1.0
100000004156082100,100000004816564100,285480.0,1,0.0,0.0
100000008304139100,100000003747133100,60287.0,1,0.0,0.0
100000008137435100,100000003104347100,418000.0,1,0.0,0.0
100000008172352100,100000002299948100,6750.0,1,0.0,0.0
100000002681449100,100000004486525100,13000.0,1,0.0,0.0
100000001660397100,100000008477350100,12000.0,1,9414.634146341463,0.7845528455284553
100000002306369100,100000008603629100,20900.0,1,0.0,0.0
100000002152857100,100000001985793100,420000.0,1,61250.00000000001,0.14583333333333334
100000005394708100,100000008516839100,65000.0,1,26000.0,0.4
100000005456919100,100000008659445100,5000.0,1,2749.765600583394,0.5499531201166789
100000000667713100,100000000343175100,10000.0,1,8430.120577293475,0.8430120577293475
100000003589877100,100000002539625100,94700.0,1,0.0,0.0
100000004390333100,100000003249054100,10000.0,1,0.0,0.0
100000003873332100,100000002831727100,6000.0,1,0.0,0.0
100000004156082100,100000008737514100,85000.0,1,0.0,0.0
100000003071930100,100000000190228100,5000.0,1,2382.8018676325873,0.4765603735265175
100000008748914100,100000004400305100,105000.0,1,0.0,0.0
100000001697501100,100000008688881100,44211.0,1,850.1423700734407,0.019229204724467684
100000001697501100,100000001166289100,238200.0,9,5000.0,0.020990764063811923
100000001530983100,100000004400361100,10000.0,1,0.0,0.0
100000008165763100,100000007594394100,40000.0,1,0.0,0.0
100000000507799100,100000005911352100,8000.0,1,5132.0,0.6415
100000001937767100,100000001616816100,53000.0,1,0.0,0.0
100000003616818100,100000004005964100,40000.0,3,1917.989417989418,0.04794973544973545
100000003366154100,100000003292979100,48950.0,1,0.0,0.0
100000005339662100,100000000343175100,28100.0,1,23699.060297572436,0.8433829287392326
100000002731501100,100000004144536100,5000.0,1,1736.111111111111,0.3472222222222222
100000007939160100,100000007930878100,5000.0,1,0.0,0.0
100000004156082100,100000005030592100,10000.0,1,0.0,0.0
100000003942602100,100000002527114100,30000.0,1,0.0,0.0
100000005363908100,100000005546031100,19500.0,1,0.0,0.0
100000008438656100,100000006523053100,5000.0,1,0.0,0.0
100000004156082100,100000003221384100,511200.0,1,4608.727010457988,0.009015506671474938
100000008304139100,100000008477350100,60000.0,2,0.0,0.0
100000004679953100,100000005782781100,16000.0,1,2152.399622790702,0.13452497642441888
100000000089154100,100000008730846100,10000.0,1,0.0,0.0
100000004622227100,100000008011159100,7000.0,1,7000.0,1.0
100000007442518100,100000008258083100,3000000.0,1,4744.600363713133,0.0015815334545710444
100000001697501100,100000008742266100,21000.0,1,0.0,0.0
100000006443391100,100000006912294100,6335.09,1,2799.426970258598,0.4418922178309381
100000008304139100,100000001114385100,29500.0,1,0.0,0.0
100000006707582100,100000008094734100,30000.0,1,0.0,0.0
100000007511163100,100000006122699100,21115.0,1,0.0,0.0
100000004188160100,100000008174521100,82110.0,1,44552.00000000001,0.5425892095968823
100000003115284100,100000003390036100,210000.0,2,98000.0,0.4666666666666667
100000008748408100,100000008765627100,60000.0,1,11070.157308531405,0.18450262180885674
100000007442518100,100000001584286100,99999.0,1,6000.0,0.06000060000600006
100000004330371100,100000003016635100,18981.0,1,12079.849784462414,0.6364179855888739
100000004159526100,100000002132479100,30000.0,2,0.0,0.0
100000004070318100,100000003741418100,5000.0,1,0.0,0.0
100000001697501100,100000008683818100,17400.0,1,17400.0,1.0
100000008304139100,100000002741024100,26000.0,1,0.0,0.0
100000000267734100,100000000031787100,90000.0,2,45000.0,0.5
100000002648315100,100000006989106100,64000.0,2,64000.0,1.0
100000001660397100,100000006866783100,24000.0,2,0.0,0.0
100000004330371100,100000006534886100,71700.0,5,36855.833145815974,0.514028356287531
100000007442518100,100000007173936100,10000.0,1,0.0,0.0
100000003835149100,100000001965374100,1699720.0,7,228656.11125287064,0.13452575203731829
100000008165763100,100000006446271100,30000.0,1,4583.73474743019,0.15279115824767298
100000008304139100,100000004962193100,35000.0,1,0.0,0.0
100000005339662100,100000004820260100,234200.0,12,3463.7525568846722,0.01478972056739826
100000006707582100,100000001273783100,23200.0,1,0.0,0.0
100000008165763100,100000007908818100,116500.0,1,0.0,0.0
100000001530983100,100000003112436100,100000.0,1,62737.71077325462,0.6273771077325462
100000008304139100,100000000437046100,30000.0,1,0.0,0.0
100000008547844100,100000002632742100,135500.0,1,0.0,0.0
100000008547844100,100000003157679100,80000.0,1,0.0,0.0
100000004400305100,100000003213473100,57500.0,2,0.0,0.0
100000002578405100,100000008776720100,26150.0,1,0.0,0.0
100000004400305100,100000004291560100,47190.0,1,0.0,0.0
100000000437046100,100000008757369100,25961.0,1,0.0,0.0
100000005031696100,100000001223977100,5000.0,1,0.0,0.0
100000002578405100,100000008662805100,16500.0,1,0.0,0.0
100000000331309100,100000002241986100,280000.0,1,0.0,0.0
100000008603629100,100000004336228100,51407.0,2,0.0,0.0
100000000331309100,100000003888197100,83167.0,1,0.0,0.0
100000004400305100,100000007181706100,12500.0,1,0.0,0.0
100000006977207100,100000002531406100,520000.0,1,0.0,0.0
100000000331309100,100000008532050100,455156.0,1,0.0,0.0
100000000291906100,100000004670388100,160354.0,1,0.0,0.0
100000002205022100,100000003163886100,500000.0,1,0.0,0.0
100000002957787100,100000005268319100,19712.8,2,0.0,0.0
100000005933757100,100000002862113100,47405.0,2,0.0,0.0
100000002193259100,100000001899164100,9500.0,1,137.85199738048462,0.014510736566366802
100000000331309100,100000001384826100,364260.0,1,0.0,0.0
100000000490383100,100000004948177100,48000.0,1,0.0,0.0
100000000331309100,100000003647799100,100000.0,1,0.0,0.0
100000004400305100,100000004071080100,20000.0,2,0.0,0.0
100000002578405100,100000000572276100,13075.0,1,0.0,0.0
100000004400305100,100000001934935100,118935.0,1,0.0,0.0
100000003249054100,100000002933386100,15000.0,1,1432.3210318469503,0.09548806878979668
100000008603629100,100000002736316100,47942.0,1,0.0,0.0
100000002578405100,100000008055972100,28300.0,1,0.0,0.0
100000000490383100,100000003159641100,10000.0,2,6000.0,0.6
100000005077484100,100000001380054100,7050.0,1,0.0,0.0
100000005242320100,100000002722108100,800000.0,2,0.0,0.0
100000000331309100,100000006274203100,41200.0,1,0.0,0.0
100000000437046100,100000006889963100,300000.0,1,4021.6967771529194,0.013405655923843065
100000002578405100,100000008309514100,17200.0,1,0.0,0.0
100000005031696100,100000004659919100,110000.0,2,0.0,0.0
100000002578405100,100000006701983100,27000.0,1,0.0,0.0
100000008710791100,100000003071649100,189500.0,1,0.0,0.0
100000008547948100,100000003286537100,75000.0,1,0.0,0.0
100000002957787100,100000007267915100,10000.0,2,0.0,0.0
100000008710843100,100000002894076100,146000.0,1,0.0,0.0
100000008547844100,100000008746449100,10000.0,1,0.0,0.0
100000006385877100,100000006443391100,36602.93,5,0.0,0.0
100000002578405100,100000008707810100,26200.0,1,0.0,0.0
100000003242289100,100000003159641100,19000.0,2,0.0,0.0
100000002863356100,100000005756535100,20000.0,1,0.0,0.0
100000008758168100,100000002559089100,65000.0,1,0.0,0.0
100000008603629100,100000003711830100,50000.0,1,121.39114828185555,0.002427822965637111
100000008636603100,100000005454368100,19000.0,1,0.0,0.0
100000002723538100,100000008620570100,80000.0,1,0.0,0.0
100000000331309100,100000002704875100,101665.0,1,0.0,0.0
100000002578405100,100000008537380100,8000.0,1,0.0,0.0
100000002578405100,100000008684452100,51800.0,1,0.0,0.0
100000002957787100,100000004071080100,15000.0,2,0.0,0.0
100000008547948100,100000008742053100,10000.0,1,0.0,0.0
100000004400305100,100000008422226100,87450.0,1,0.0,0.0
100000000331309100,100000007055802100,450000.0,3,0.0,0.0
100000006977207100,100000002528544100,192912.0,1,0.0,0.0
100000001526235100,100000002472632100,309500.0,1,0.0,0.0
100000008730846100,100000003115284100,185000.0,2,0.0,0.0
100000004400305100,100000008669310100,59567.0,2,0.0,0.0
100000000437046100,100000008686313100,1104983.0,6,309.911953647404,0.0002804676213547213
100000006977207100,100000002936322100,599966.0,1,0.0,0.0
100000000331309100,100000004299488100,360000.0,3,0.0,0.0
100000002957787100,100000004493586100,7500.0,1,0.0,0.0
100000005933757100,100000002871199100,23186.0,1,0.0,0.0
100000002156381100,100000002696152100,21800.0,3,0.0,0.0
100000008647905100,100000002769809100,113422.0,1,0.0,0.0
100000006977207100,100000003216073100,37001.0,1,0.0,0.0
100000008477350100,100000003736419100,23300.0,1,227.08510309292714,0.009746141763644942
100000002578405100,100000008763688100,21000.0,1,0.0,0.0
100000004209339100,100000003635170100,232500.0,10,0.0,0.0
100000000437046100,100000008293431100,15000.0,1,0.0,0.0
100000004400305100,100000006111439100,9306.0,1,0.0,0.0
100000002175422100,100000002975437100,530000.0,2,0.0,0.0
100000000331309100,100000002356167100,300000.0,1,0.0,0.0
100000002723538100,100000008603629100,85000.0,2,0.0,0.0
100000004150593100,100000005022552100,241000.0,3,0.0,0.0
100000002578405100,100000004140994100,18650.0,1,0.0,0.0
100000005242320100,100000002509598100,305550.0,1,0.0,0.0
100000000331309100,100000004450649100,140970.0,1,0.0,0.0
100000000331309100,100000004917367100,100000.0,1,0.0,0.0
100000008603629100,100000004217419100,80000.0,1,0.0,0.0
100000008389800100,100000007511163100,49000.0,1,0.0,0.0
100000004400305100,100000001066017100,97000.0,1,0.0,0.0
100000002578405100,100000008776420100,69500.0,1,0.0,0.0
100000008346837100,100000004340038100,9978.0,1,0.0,0.0
100000004400305100,100000008432942100,44542.0,2,0.0,0.0
100000000437046100,100000002663511100,268940.0,1,0.0,0.0
100000004400305100,100000003943247100,40000.0,1,0.0,0.0
100000000331309100,100000003242795100,111000.0,1,0.0,0.0
100000000910216100,100000008489922100,52010.0,1,1168.5715218881423,0.02246820845776086
100000005578559100,100000001927599100,58000.0,1,0.0,0.0
100000004160650100,100000001330595100,45000.0,3,0.0,0.0
100000005933757100,100000007999728100,23250.0,1,0.0,0.0
100000008254069100,100000005668605100,19500.0,1,0.0,0.0
100000008752616100,100000002793881100,290000.0,1,0.0,0.0
100000002578405100,100000005847078100,16300.0,1,0.0,0.0
100000004400305100,100000000749118100,10330.0,1,0.0,0.0
100000008413748100,100000007618425100,39348.0,1,0.0,0.0
100000008752616100,100000008708207100,165000.0,1,0.0,0.0
100000008713270100,100000008596924100,100000.0,1,6512.922229787738,0.06512922229787738
100000002723538100,100000003071930100,50000.0,1,0.0,0.0
100000005782781100,100000007594394100,105000.0,1,0.0,0.0
100000000331309100,100000001222263100,745570.0,1,0.0,0.0
100000008477350100,100000007484343100,10057.0,1,0.0,0.0
100000002578405100,100000008744799100,12600.0,1,0.0,0.0
100000008743913100,100000008759857100,5000.0,1,0.0,0.0
100000008603629100,100000001609499100,55656.0,1,0.0,0.0
100000008346837100,100000005910114100,92009.0,1,0.0,0.0
100000000331309100,100000003760160100,104470.0,1,0.0,0.0
100000003718221100,100000008677215100,9000.0,1,0.0,0.0
100000008603629100,100000000795374100,50000.0,1,1896.4264323374093,0.037928528646748186
100000004400305100,100000005910114100,93168.0,1,0.0,0.0
100000008603629100,100000003528285100,20000.0,1,0.0,0.0
100000008011159100,100000006169033100,49000.0,1,0.0,0.0
100000006240939100,100000001270349100,200000.0,1,0.0,0.0
100000008710791100,100000002548759100,180000.0,1,0.0,0.0
100000002957787100,100000003066385100,10000.0,1,0.0,0.0
100000000331309100,100000006734214100,280000.0,3,0.0,0.0
100000000331309100,100000003105929100,429567.0,2,0.0,0.0
100000003104347100,100000000611474100,32000.0,1,0.0,0.0
100000000723383100,100000002185328100,15000.0,1,0.0,0.0
100000002578405100,100000008190442100,13000.0,1,0.0,0.0
100000002578405100,100000008754997100,18000.0,1,0.0,0.0
100000008603629100,100000006734214100,60000.0,1,0.0,0.0
100000008603629100,100000006641671100,13000.0,1,0.0,0.0
100000002733905100,100000005342513100,235000.0,2,192.29204724467684,0.0008182640308284121
100000002957787100,100000002611334100,48288.0,1,0.0,0.0
100000004544958100,100000004677680100,18000.0,1,15000.0,0.8333333333333334
100000004400305100,100000005186131100,10000.0,1,0.0,0.0
100000004400305100,100000008652094100,35000.0,1,0.0,0.0
100000004400305100,100000008748795100,47057.0,1,0.0,0.0
100000004209339100,100000007737775100,6000.0,1,0.0,0.0
100000008636603100,100000006122699100,24750.0,1,0.0,0.0
100000008346837100,100000005074393100,329133.0,2,0.0,0.0
100000008603629100,100000008473765100,30000.0,1,4768.21537155658,0.15894051238521933
100000005242320100,100000001584286100,638700.0,2,0.0,0.0
100000005578559100,100000001484381100,23785.0,1,0.0,0.0
100000004400305100,100000002723538100,15000.0,1,0.0,0.0
100000000331309100,100000007863304100,25000.0,1,0.0,0.0
100000006424479100,100000000733451100,70000.0,2,0.0,0.0
100000003747133100,100000002578653100,20000.0,1,0.0,0.0
100000007898453100,100000003946524100,20000.0,1,0.0,0.0
100000000331309100,100000001835625100,75130.0,1,0.0,0.0
100000000331309100,100000004077081100,140000.0,1,0.0,0.0
100000008743913100,100000007472293100,5000.0,1,0.0,0.0
100000002578405100,100000008463968100,10000.0,1,0.0,0.0
100000008710791100,100000002954780100,133400.0,1,0.0,0.0
100000008710791100,100000003031003100,80000.0,1,0.0,0.0
100000002578405100,100000008688109100,12800.0,1,0.0,0.0
100000004400305100,100000006225798100,42000.0,1,0.0,0.0
100000001703168100,100000005061890100,90000.0,1,0.0,0.0
100000003242289100,100000001110358100,9000.0,1,0.0,0.0
100000000331309100,100000004587414100,320200.0,1,0.0,0.0
100000008477350100,100000005830339100,49780.0,1,0.0,0.0
100000008461532100,100000008751349100,11630.0,1,712.98237504942,0.06130544927338091
100000008603629100,100000005830339100,144605.0,5,0.0,0.0
100000005539910100,100000008314863100,12000.0,1,0.0,0.0
100000001330595100,100000002257794100,154000.0,1,0.0,0.0
100000002578405100,100000008715887100,18000.0,1,0.0,0.0
100000004221668100,100000002391278100,30000.0,5,0.0,0.0
100000008461532100,100000002691583100,285200.0,1,0.0,0.0
100000008346837100,100000007593823100,5000.0,1,0.0,0.0
100000008531133100,100000002705460100,95000.0,1,0.0,0.0
100000004150593100,100000008188026100,23110.0,1,0.0,0.0
100000000437046100,100000005830339100,70186.0,2,0.0,0.0
100000008413748100,100000006967370100,33225.0,1,0.0,0.0
100000002578405100,100000001149815100,12000.0,1,0.0,0.0
100000008413748100,100000006734214100,85000.0,2,0.0,0.0
100000002578405100,100000008687990100,17600.0,1,0.0,0.0
100000002224132100,100000004603109100,2580000.0,6,0.0,0.0
100000005665181100,100000004475818100,13000.0,1,0.0,0.0
100000004400305100,100000001609499100,113520.0,1,0.0,0.0
100000000331309100,100000002433697100,130000.0,1,0.0,0.0
100000007382543100,100000004407753100,250000.0,4,2620.312248511186,0.010481248994044744
100000008547948100,100000008692291100,75000.0,1,0.0,0.0
100000002578405100,100000008684767100,31100.0,1,0.0,0.0
100000003823811100,100000005264990100,17070.0,1,0.0,0.0
100000002578405100,100000008687733100,14650.0,1,0.0,0.0
100000004486525100,100000002398779100,254955.0,2,0.0,0.0
100000008413748100,100000003060517100,315955.0,1,0.0,0.0
100000000437046100,100000001745217100,50000.0,1,0.0,0.0
100000005933757100,100000002963189100,490000.0,3,0.0,0.0
100000008603629100,100000007442518100,134000.0,2,4744.600363713133,0.03540746540084428
100000002578405100,100000008735832100,17600.0,1,0.0,0.0
100000008710791100,100000002621434100,81000.0,1,0.0,0.0
100000005578559100,100000008379273100,16000.0,1,0.0,0.0
100000004400305100,100000002521039100,349370.0,1,0.0,0.0
100000008547948100,100000002547110100,224000.0,2,0.0,0.0
100000002578405100,100000002369510100,37150.0,1,0.0,0.0
100000008547948100,100000002369874100,160000.0,1,0.0,0.0
100000008477350100,100000002697752100,90465.0,1,0.0,0.0
100000005539910100,100000001145749100,10000.0,1,0.0,0.0
100000002741024100,100000008680912100,45112.0,2,0.0,0.0
100000001346560100,100000004959752100,22200.0,1,5000.0,0.22522522522522523
100000000850297100,100000006707582100,17520.0,1,0.0,0.0
100000000437046100,100000001837130100,172900.0,1,0.0,0.0
100000005413948100,100000005367445100,5000.0,1,0.0,0.0
100000008477350100,100000003834495100,200000.0,1,0.0,0.0
100000006612238100,100000001697501100,25000.0,1,0.0,0.0
100000002578405100,100000005995391100,17200.0,1,0.0,0.0
100000004400305100,100000005052998100,9500.0,1,0.0,0.0
100000000331309100,100000001009583100,393740.0,1,0.0,0.0
100000002578405100,100000002511581100,17600.0,1,0.0,0.0
100000006977207100,100000003031761100,460408.0,1,0.0,0.0
100000000076451100,100000004750897100,10000.0,1,0.0,0.0
100000002578405100,100000008720668100,16000.0,1,0.0,0.0
100000008603629100,100000003134934100,93569.0,1,227.16896707169886,0.002427822965637111
100000008477350100,100000003366471100,136265.0,2,0.0,0.0
100000008731444100,100000003134934100,116800.0,1,0.0,0.0
100000000723383100,100000003154105100,60000.0,1,0.0,0.0
100000002578405100,100000008755168100,17600.0,1,0.0,0.0
100000008413748100,100000008011573100,15000.0,1,0.0,0.0
100000008413748100,100000008560717100,15000.0,1,0.0,0.0
100000002578405100,100000008662216100,26200.0,1,0.0,0.0
100000008324800100,100000007390016100,511000.0,13,0.0,0.0
100000000331309100,100000003115284100,600000.0,2,0.0,0.0
100000002578405100,100000008677518100,48700.0,1,0.0,0.0
100000008603629100,100000002936322100,187167.0,1,0.0,0.0
100000000437046100,100000003159641100,20000.0,1,0.0,0.0
100000005242320100,100000002644285100,500000.0,1,0.0,0.0
100000004150593100,100000004635886100,23000.0,1,0.0,0.0
100000008636603100,100000000667713100,12750.0,1,0.0,0.0
100000008512827100,100000008761219100,30000.0,1,0.0,0.0
100000002957787100,100000005620225100,5922.66,1,0.0,0.0
100000008730846100,100000005475379100,108370.0,1,1721.9196982325618,0.015889265463066918
100000008258083100,100000001785161100,15000.0,1,23.395465304305393,0.0015596976869536928
100000008477350100,100000005610717100,156400.0,1,0.0,0.0
100000002578405100,100000008667795100,34000.0,1,0.0,0.0
100000005578559100,100000005704413100,36834.67,2,0.0,0.0
100000000490383100,100000007544358100,22500.0,1,0.0,0.0
100000008389800100,100000004664905100,94400.0,1,0.0,0.0
100000008346837100,100000006020215100,30000.0,1,11971.83174574647,0.39906105819154897
100000006240939100,100000004221668100,300000.0,1,0.0,0.0
100000005933757100,100000001597424100,48100.0,1,0.0,0.0
100000005933757100,100000001550419100,23000.0,1,0.0,0.0
100000005660203100,100000006882208100,18000.0,1,9401.021471768478,0.5222789706538044
100000000331309100,100000003293377100,50000.0,1,0.0,0.0
100000002578405100,100000008744364100,23700.0,1,0.0,0.0
100000001965374100,100000005820746100,1989000.0,2,0.0,0.0
100000002578405100,100000002214664100,7950.0,1,0.0,0.0
100000002578405100,100000008753061100,28400.0,2,0.0,0.0
100000008603331100,100000002547110100,274000.0,1,0.0,0.0
100000008547844100,100000002877262100,100000.0,1,0.0,0.0
100000008587459100,100000004962193100,591000.0,3,0.0,0.0
100000004398811100,100000002939838100,138172.0,1,5873.082774049218,0.042505592841163314
100000002578405100,100000005198498100,28800.0,1,0.0,0.0
100000004400305100,100000001126374100,140000.0,3,0.0,0.0
100000001857829100,100000005661528100,25000.0,1,0.0,0.0
100000005933757100,100000002633108100,320000.0,3,0.0,0.0
100000008011159100,100000006573438100,5000.0,1,0.0,0.0
100000000437046100,100000007639767100,27868.0,1,0.0,0.0
100000004160650100,100000004064431100,26000.0,1,411.698658791682,0.01583456379968008
100000003242289100,100000008221543100,522000.0,1,0.0,0.0
100000000437046100,100000003795588100,400000.0,2,0.0,0.0
100000008710791100,100000002883402100,150000.0,1,0.0,0.0
100000007629096100,100000002741024100,765205.0,5,0.0,0.0
100000006240939100,100000004997515100,40000.0,1,0.0,0.0
100000000297649100,100000001899164100,70600.0,2,3354.2080203647824,0.04751002861706491
100000005242320100,100000008388049100,496400.0,1,0.0,0.0
100000000331309100,100000003814002100,30000.0,1,1753.1208203299152,0.05843736067766384
100000008346837100,100000004351795100,29511.0,1,0.0,0.0
100000008603629100,100000003152964100,141847.0,1,0.0,0.0
100000008477350100,100000008560717100,30000.0,1,0.0,0.0
100000005933757100,100000002748532100,52192.0,1,0.0,0.0
100000008547844100,100000008743913100,64000.0,1,0.0,0.0
100000006977207100,100000002914245100,140611.0,1,0.0,0.0
100000003242289100,100000008043184100,50564.0,1,0.0,0.0
100000000437046100,100000005124479100,88947.0,1,0.0,0.0
100000004150593100,100000008595687100,64395.0,1,0.0,0.0
100000008477350100,100000006048193100,41559.0,1,405.03990555532016,0.009746141763644942
100000000076451100,100000004629688100,5000.0,1,0.0,0.0
100000008547844100,100000006532229100,105000.0,1,0.0,0.0
100000002723538100,100000003242289100,33000.0,1,0.0,0.0
100000005053653100,100000000560751100,25000.0,1,0.0,0.0
100000008477350100,100000004931931100,23938.0,1,0.0,0.0
100000004386258100,100000004591973100,10000.0,1,0.0,0.0
100000007953156100,100000005941908100,10000.0,1,4096.983800526053,0.4096983800526053
100000008111003100,100000003796063100,35000.0,1,0.0,0.0
100000001857829100,100000000640800100,80000.0,1,0.0,0.0
100000002217161100,100000008254576100,8000.0,1,0.0,0.0
100000004160650100,100000003616818100,28000.0,1,660.3897202598813,0.023585347152138617
100000005933757100,100000001541418100,46900.0,1,0.0,0.0
100000005602999100,100000008501413100,5000.0,1,1082.2510822510822,0.21645021645021642
100000008413748100,100000008304139100,26091.75,1,0.0,0.0
100000008603629100,100000000011452100,20000.0,1,0.0,0.0
100000002957787100,100000002645609100,79596.68,2,0.0,0.0
100000008547948100,100000003097324100,54000.0,1,0.0,0.0
100000004398811100,100000002956779100,411000.0,1,0.0,0.0
100000003242289100,100000007653003100,100000.0,1,0.0,0.0
100000002578405100,100000008548853100,14000.0,1,0.0,0.0
100000005933757100,100000008454065100,24050.0,1,0.0,0.0
100000000331309100,100000000413678100,156500.0,1,0.0,0.0
100000002578405100,100000008708595100,17200.0,1,0.0,0.0
100000002748532100,100000008751380100,7780.0,1,0.0,0.0
100000000331309100,100000008747113100,105210.0,1,0.0,0.0
100000007322059100,100000004552204100,22500.0,2,0.0,0.0
100000000331309100,100000001046626100,150000.0,1,0.0,0.0
100000000331309100,100000005182219100,30000.0,1,0.0,0.0
100000005578559100,100000004979283100,40132.0,1,0.0,0.0
100000008731444100,100000008566737100,126000.0,1,0.0,0.0
100000002578405100,100000002646745100,12300.0,1,0.0,0.0
100000008710791100,100000001285440100,65000.0,1,0.0,0.0
100000008731444100,100000003528285100,60000.0,1,0.0,0.0
100000008477350100,100000002603769100,276400.0,1,0.0,0.0
100000002132479100,100000004159526100,20000.0,1,0.0,0.0
100000002578405100,100000002305007100,56000.0,1,0.0,0.0
100000005578559100,100000001298099100,19000.0,1,0.0,0.0
100000004400305100,100000005830339100,117435.0,2,0.0,0.0
100000005242320100,100000003112578100,101080.0,1,0.0,0.0
100000003275398100,100000001330595100,20000.0,1,0.0,0.0
100000008743913100,100000002443664100,62000.0,1,51.45357428955217,0.000829896359508906
100000005933757100,100000004569484100,32607.0,1,0.0,0.0
100000005140601100,100000000011452100,15000.0,3,0.0,0.0
100000004160650100,100000004007197100,10048.0,1,12.945646082124817,0.0012883803823770718
100000005140601100,100000001600934100,180300.0,2,8685.0,0.04816971713810316
100000002957787100,100000005172860100,15209.2,1,0.0,0.0
100000005933757100,100000004159526100,144082.0,1,0.0,0.0
100000008743913100,100000003097324100,240000.0,1,199.17512628213746,0.000829896359508906
100000004820260100,100000005996909100,5500.0,1,8.708164941092086,0.0015833027165621976
100000000331309100,100000003134474100,116000.0,1,0.0,0.0
100000002723538100,100000002973903100,30200.0,1,0.0,0.0
100000005242320100,100000002109656100,500000.0,1,0.0,0.0
100000002578405100,100000005041905100,5000.0,1,0.0,0.0
100000000331309100,100000002284426100,90000.0,2,0.0,0.0
100000008477350100,100000008086440100,199733.0,1,0.0,0.0
100000005665181100,100000007005380100,9400.0,1,0.0,0.0
100000000076451100,100000007131370100,30000.0,1,0.0,0.0
100000008710791100,100000001275752100,151500.0,1,0.0,0.0
100000004400305100,100000007055802100,115000.0,2,0.0,0.0
100000002445750100,100000004970752100,10000.0,1,0.0,0.0
100000008512552100,100000003178549100,210000.0,1,0.0,0.0
100000002957787100,100000006530134100,23423.0,1,0.0,0.0
100000008710843100,100000007229557100,173000.0,1,0.0,0.0
100000008547844100,100000003089553100,150000.0,1,0.0,0.0
100000008466579100,100000002718366100,115000.0,1,0.0,0.0
100000007797290100,100000002459164100,20000.0,1,0.0,0.0
100000008477350100,100000005367284100,13700.0,1,0.0,0.0
100000005933757100,100000002748581100,41180.0,1,0.0,0.0
100000005175148100,100000005339662100,15000.0,1,0.0,0.0
100000002578405100,100000008706846100,14200.0,1,0.0,0.0
100000000490383100,100000007591246100,12190.0,1,0.0,0.0
100000002957787100,100000001229743100,7000.0,1,0.0,0.0
100000006977207100,100000002475601100,232301.0,1,0.0,0.0
100000008546855100,100000008582730100,5000.0,1,0.0,0.0
100000004400305100,100000006788200100,46970.0,1,0.0,0.0
100000008106997100,100000006844004100,20600.0,1,0.0,0.0
100000008346837100,100000002736316100,29289.0,1,0.0,0.0
100000008512827100,100000002849158100,93000.0,1,0.0,0.0
100000008710791100,100000001303311100,250000.0,1,0.0,0.0
100000004400305100,100000007593823100,10000.0,1,0.0,0.0
100000002578405100,100000008712991100,66100.0,1,0.0,0.0
100000004400305100,100000002435265100,132628.0,3,0.0,0.0
100000004816564100,100000005186109100,5000.0,1,0.0,0.0
100000004979498100,100000008571433100,200000.0,1,0.0,0.0
100000001857829100,100000002481974100,64447.0,1,0.0,0.0
100000005242320100,100000002822472100,207315.0,1,0.0,0.0
100000000437046100,100000003834495100,327441.0,3,0.0,0.0
100000002957787100,100000002934441100,24777.6,1,0.0,0.0
100000004580202100,100000004564736100,15000.0,2,1697.6062314197711,0.11317374876131807
100000008531133100,100000005857058100,31500.0,1,0.0,0.0
100000008710791100,100000002793881100,340000.0,1,0.0,0.0
100000004400305100,100000004737477100,19471.0,1,0.0,0.0
100000004698193100,100000001860090100,5000.0,1,315.4661340161205,0.0630932268032241
100000008752616100,100000001686328100,140000.0,1,36510.381781647695,0.2607884412974835
100000000331309100,100000006530134100,121240.0,1,0.0,0.0
100000002578405100,100000008653041100,28000.0,1,0.0,0.0
100000002578405100,100000008776310100,19200.0,1,0.0,0.0
100000008512552100,100000008436257100,28954.0,1,0.0,0.0
100000002957787100,100000002645993100,14000.0,1,0.0,0.0
100000008512827100,100000002956769100,340000.0,1,0.0,0.0
100000008603629100,100000005140601100,25000.0,1,0.0,0.0
100000008710791100,100000002530224100,113000.0,1,0.0,0.0
100000000331309100,100000001072022100,624000.0,3,0.0,0.0
100000004400305100,100000003093299100,15000.0,1,0.0,0.0
100000003718221100,100000002267998100,200000.0,1,0.0,0.0
100000006977207100,100000002459832100,580606.0,1,0.0,0.0
100000007594394100,100000006274203100,3376312.0,40,0.0,0.0
100000004400305100,100000008304139100,46101.0,1,0.0,0.0
100000008603331100,100000001046057100,83420.0,1,0.0,0.0
100000007382543100,100000008708025100,10000.0,1,238.21020441010785,0.023821020441010785
100000004400305100,100000005048668100,10168.0,1,0.0,0.0
100000008512552100,100000003242289100,468791.0,6,0.0,0.0
100000004400305100,100000004847758100,47067.0,1,0.0,0.0
100000002578405100,100000008493007100,26150.0,1,0.0,0.0
100000000331309100,100000004315838100,25000.0,1,0.0,0.0
100000003854444100,100000007594394100,75000.0,1,0.0,0.0
100000001102676100,100000003684369100,50000.0,1,0.0,0.0
100000004150593100,100000002956898100,57240.0,1,0.0,0.0
100000003854444100,100000001688676100,133700.0,1,0.0,0.0
100000008477350100,100000005844459100,93400.0,1,0.0,0.0
100000008477350100,100000008739887100,73000.0,1,711.4683487460808,0.009746141763644942
100000006424479100,100000003270419100,150000.0,1,0.0,0.0
100000008710791100,100000008724461100,100111.0,1,0.0,0.0
100000008603629100,100000007197866100,20000.0,1,758.5705729349637,0.037928528646748186
100000008547844100,100000008465789100,30099.0,1,0.0,0.0
100000008710843100,100000008547844100,69000.0,1,0.0,0.0
100000000437046100,100000008730371100,500000.0,2,0.0,0.0
100000002578405100,100000008712036100,21000.0,1,0.0,0.0
100000005933757100,100000008104567100,20550.0,1,0.0,0.0
100000005664922100,100000008686247100,22000.0,2,0.0,0.0
100000008413748100,100000002975287100,15000.0,1,0.0,0.0
100000005507142100,100000002612809100,30000.0,2,0.0,0.0
100000002175422100,100000003594472100,20000.0,1,0.0,0.0
100000000331309100,100000001689968100,188767.0,1,0.0,0.0
100000005665181100,100000001126374100,6500.0,1,0.0,0.0
100000000331309100,100000001714413100,250172.0,1,0.0,0.0
100000008603331100,100000002032323100,300000.0,1,0.0,0.0
100000008512827100,100000002369874100,140000.0,1,0.0,0.0
100000008603331100,100000002646887100,24354.0,1,0.0,0.0
100000000331309100,100000005527892100,30000.0,1,0.0,0.0
100000005933757100,100000002546921100,20000.0,1,0.0,0.0
100000008466579100,100000003016438100,200000.0,1,0.0,0.0
100000004400305100,100000007442518100,195000.0,1,0.0,0.0
100000008512827100,100000002712416100,101500.0,1,0.0,0.0
100000005578559100,100000007998965100,72000.0,2,0.0,0.0
100000008710791100,100000008561016100,180000.0,2,0.0,0.0
100000008547948100,100000002718366100,959000.0,3,0.0,0.0
100000008547948100,100000003071930100,200000.0,1,0.0,0.0
100000004400305100,100000008587459100,132507.0,1,0.0,0.0
100000008603629100,100000003561031100,13300.0,1,142.37798897954931,0.010705111953349573
100000005782781100,100000008633099100,19468.0,1,0.0,0.0
100000000331309100,100000002983879100,85950.0,1,0.0,0.0
100000002578405100,100000008712827100,76000.0,1,0.0,0.0
100000000331309100,100000002653948100,85200.0,1,0.0,0.0
100000000489417100,100000001236706100,80000.0,1,0.0,0.0
100000006977207100,100000002508637100,306410.0,1,0.0,0.0
100000003390036100,100000005873152100,10000.0,1,0.0,0.0
100000008477350100,100000003635660100,18985.0,1,0.0,0.0
100000001857829100,100000007170072100,100000.0,1,0.0,0.0
100000004820260100,100000005339662100,135850.0,6,884.0047393931958,0.006507211920450466
100000007534354100,100000002952756100,47000.0,1,0.0,0.0
100000008710843100,100000003292191100,112000.0,1,0.0,0.0
100000002723538100,100000003684369100,38000.0,1,0.0,0.0
100000000331309100,100000004889043100,100000.0,1,0.0,0.0
100000008710843100,100000008536546100,200000.0,1,0.0,0.0
100000002578405100,100000008664774100,16300.0,1,0.0,0.0
100000001526235100,100000001788284100,8000.0,1,0.0,0.0
100000005547096100,100000005546031100,16300.0,2,0.0,0.0
100000008730846100,100000000976943100,70000.0,1,0.0,0.0
100000008743913100,100000008767027100,5000.0,1,0.0,0.0
100000002957787100,100000002736316100,189690.0,1,0.0,0.0
100000000331309100,100000008238112100,190000.0,1,0.0,0.0
100000002175422100,100000002212494100,160000.0,1,0.0,0.0
100000002578405100,100000006746688100,41000.0,1,0.0,0.0
100000008731444100,100000000569479100,320000.0,1,0.0,0.0
100000005665181100,100000004580254100,13070.0,1,0.0,0.0
100000000331309100,100000008038077100,499850.0,2,0.0,0.0
100000005242320100,100000002883402100,140000.0,1,0.0,0.0
100000004336312100,100000005519998100,20000.0,1,2751.7980217481318,0.1375899010874066
100000008346837100,100000006714366100,10500.0,1,0.0,0.0
100000004400305100,100000006492770100,269000.0,1,0.0,0.0
100000005665181100,100000003068941100,14000.0,1,0.0,0.0
100000008710843100,100000001282143100,160000.0,1,0.0,0.0
100000000331309100,100000007597382100,15700.0,1,917.4665626393223,0.05843736067766384
100000003390036100,100000002537811100,52000.0,1,0.0,0.0
100000002958343100,100000002872399100,1090000.0,9,0.0,0.0
100000008011159100,100000003888527100,30000.0,1,0.0,0.0
100000008733194100,100000005037490100,15000.0,1,0.0,0.0
100000008413748100,100000008612257100,9500.0,1,0.0,0.0
100000002957787100,100000000961900100,9000.0,1,0.0,0.0
100000008758168100,100000001303311100,600000.0,1,0.0,0.0
100000005933757100,100000008259451100,55000.0,1,0.0,0.0
100000003242289100,100000002301828100,46977.0,1,0.0,0.0
100000008603629100,100000005357705100,52595.0,1,563.0353631864208,0.010705111953349573
100000000785800100,100000008601794100,19000.0,1,0.0,0.0
100000005933757100,100000001831496100,25000.0,1,0.0,0.0
100000000437046100,100000000254336100,27589.0,1,0.0,0.0
100000000437046100,100000004587414100,213403.0,1,0.0,0.0
100000008477350100,100000005910114100,140967.0,1,0.0,0.0
100000008547948100,100000001674850100,47000.0,1,0.0,0.0
100000008603629100,100000000764836100,251716.0,1,0.0,0.0
100000002175422100,100000001317336100,131196.0,1,0.0,0.0
100000008710843100,100000008775471100,580000.0,2,0.0,0.0
100000004400305100,100000002645993100,35650.0,3,0.0,0.0
100000008713270100,100000005100475100,40000.0,1,0.0,0.0
100000004150593100,100000003899899100,213500.0,4,0.0,0.0
100000005242320100,100000001056414100,250000.0,1,0.0,0.0
100000002578405100,100000008753897100,24050.0,1,0.0,0.0
100000002578405100,100000008745884100,20000.0,1,0.0,0.0
100000008547844100,100000002547110100,215000.0,2,0.0,0.0
100000000031787100,100000000267734100,60000.0,3,30000.0,0.5
100000008466579100,100000008517538100,50000.0,1,0.0,0.0
100000008477350100,100000003968044100,40000.0,1,0.0,0.0
100000008774237100,100000004144536100,10000.0,1,14.579952087838794,0.0014579952087838794
100000003718221100,100000003701161100,120000.0,3,6768.928175569004,0.05640773479640837
100000008477350100,100000005317181100,141250.0,1,7365.163374986744,0.05214274955742828
100000008547844100,100000008659950100,246000.0,1,0.0,0.0
100000008733194100,100000000870121100,12000.0,1,0.0,0.0
100000000331309100,100000002755292100,203400.0,1,0.0,0.0
100000002748532100,100000001714173100,638905.0,6,0.0,0.0
100000002578405100,100000008717802100,26150.0,1,0.0,0.0
100000008466579100,100000008692291100,75000.0,1,0.0,0.0
100000000437046100,100000008560717100,40000.0,1,0.0,0.0
100000005578559100,100000002809896100,38000.0,1,0.0,0.0
100000003360542100,100000003115284100,30500.0,3,0.0,0.0
100000004400305100,100000004611571100,22550.0,1,0.0,0.0
100000008547844100,100000008547948100,61000.0,2,0.0,0.0
100000006977207100,100000008514970100,379966.0,1,0.0,0.0
100000002217161100,100000002184107100,6066.0,1,0.0,0.0
100000008547948100,100000002529880100,27000.0,1,0.0,0.0
100000002578405100,100000008750464100,8500.0,1,0.0,0.0
100000000331309100,100000008192264100,162810.0,1,0.0,0.0
100000008389800100,100000008430691100,20000.0,1,0.0,0.0
100000000596954100,100000004539443100,39800.0,1,0.0,0.0
100000006912294100,100000007510875100,5000.0,1,0.0,0.0
100000008413748100,100000004070318100,29521.55,2,0.0,0.0
100000003246024100,100000005222360100,5000.0,1,0.0,0.0
100000004398811100,100000002255058100,491500.0,2,0.0,0.0
100000004820260100,100000005175148100,74000.0,3,2497.50170510521,0.0337500230419623
100000004400305100,100000008619857100,29000.0,1,0.0,0.0
100000000331309100,100000003149149100,245000.0,1,0.0,0.0
100000002578405100,100000006471232100,41800.0,1,0.0,0.0
100000005933757100,100000001253557100,23000.0,1,0.0,0.0
100000001526235100,100000005505655100,20000.0,1,0.0,0.0
100000002578405100,100000008507703100,28500.0,1,0.0,0.0
100000008461532100,100000000408846100,40500.0,1,0.0,0.0
100000005782781100,100000005778283100,270000.0,1,0.0,0.0
100000000331309100,100000008579978100,34000.0,1,0.0,0.0
100000005507142100,100000001825934100,40000.0,1,3833.3333333333326,0.09583333333333331
100000004400305100,100000004325327100,23345.0,2,0.0,0.0
100000001287955100,100000005242320100,185700.0,1,0.0,0.0
100000008603629100,100000003178549100,40000.0,1,0.0,0.0
100000003509750100,100000001808684100,48400.0,3,31790.89014587675,0.6568365732619164
100000006994985100,100000007140834100,10200.0,2,0.0,0.0
100000008547844100,100000001140785100,115000.0,1,0.0,0.0
100000000490383100,100000002600345100,5000.0,1,0.0,0.0
100000005933757100,100000001549194100,46500.0,1,0.0,0.0
100000008603629100,100000000534581100,46972.0,1,0.0,0.0
100000004580202100,100000004991812100,10000.0,1,485.03035183422037,0.048503035183422034
100000002957787100,100000001689968100,58866.75,1,0.0,0.0
100000008743913100,100000002748532100,174600.0,1,0.0,0.0
100000000607941100,100000003406094100,70000.0,4,0.0,0.0
100000003131016100,100000000661912100,126000.0,4,9939.05533625285,0.0788813915575623
100000002733905100,100000001166289100,482839.0,1,0.0,0.0
100000002578405100,100000008708061100,8650.0,1,0.0,0.0
100000000437046100,100000002681449100,82738.0,1,0.0,0.0
100000005578559100,100000002554175100,24621.0,1,0.0,0.0
100000003242289100,100000004580254100,14870.0,1,0.0,0.0
100000008466579100,100000006111442100,64000.0,1,0.0,0.0
100000002578405100,100000008697670100,25350.0,1,0.0,0.0
100000002957787100,100000006100920100,100000.0,1,0.0,0.0
100000005933757100,100000008416433100,20000.0,1,0.0,0.0
100000001782980100,100000003164661100,596200.0,3,0.0,0.0
100000002578405100,100000007303047100,52250.0,1,0.0,0.0
100000000331309100,100000008560717100,304000.0,2,0.0,0.0
100000001526235100,100000002984403100,20000.0,1,0.0,0.0
100000005933757100,100000001969496100,22740.0,1,0.0,0.0
100000005911352100,100000003962994100,10000.0,1,3421.3333333333335,0.34213333333333334
100000002578405100,100000002346166100,6000.0,1,0.0,0.0
100000002578405100,100000008769097100,31100.0,1,0.0,0.0
100000003823811100,100000005409680100,22060.0,1,0.0,0.0
100000008710843100,100000008752616100,10000.0,1,3552.289373805104,0.35522893738051037
100000002217161100,100000001445848100,546000.0,13,0.0,0.0
100000008731444100,100000004099450100,31000.0,1,0.0,0.0
100000002957787100,100000006111439100,5544.0,1,0.0,0.0
100000002267998100,100000003718221100,230000.0,3,6732.872531171145,0.029273358831178892
100000003854444100,100000004451012100,91245.0,1,0.0,0.0
100000008512827100,100000001538095100,180000.0,1,0.0,0.0
100000000331309100,100000004278574100,25000.0,1,0.0,0.0
100000008477350100,100000004071080100,23000.0,2,0.0,0.0
100000005782781100,100000003677936100,71000.0,1,0.0,0.0
100000000331309100,100000006225798100,280000.0,2,0.0,0.0
100000005578559100,100000003095610100,23665.0,1,0.0,0.0
100000008547948100,100000008547844100,100000.0,1,0.0,0.0
100000004400305100,100000004390333100,18807.0,1,0.0,0.0
100000008710791100,100000002718366100,890000.0,2,0.0,0.0
100000003242289100,100000003109805100,36929.0,1,0.0,0.0
100000002957787100,100000004770073100,5462.4,1,0.0,0.0
100000002578405100,100000008671129100,26200.0,1,0.0,0.0
100000002175422100,100000003004487100,115000.0,6,0.0,0.0
100000008636603100,100000000343175100,12875.0,1,0.0,0.0
100000007382543100,100000003001661100,110000.0,1,0.0,0.0
100000001526235100,100000000860514100,12000.0,1,0.0,0.0
100000005077484100,100000005055454100,6500.0,1,0.0,0.0
100000002578405100,100000008667799100,34000.0,1,0.0,0.0
100000001526235100,100000000926766100,18750.0,1,0.0,0.0
100000005572303100,100000005815602100,20000.0,1,0.0,0.0
100000004400305100,100000004779204100,30450.0,1,0.0,0.0
100000008603629100,100000001373265100,142482.0,1,0.0,0.0
100000008752616100,100000004997515100,130000.0,1,0.0,0.0
100000008710843100,100000008738526100,15000.0,1,0.0,0.0
100000000490383100,100000003650146100,14400.0,1,0.0,0.0
100000005933757100,100000004403675100,48100.0,1,0.0,0.0
100000002578405100,100000008767950100,17350.0,1,0.0,0.0
100000002578405100,100000006491272100,26200.0,1,0.0,0.0
100000005578559100,100000002926970100,85000.0,1,0.0,0.0
100000007777377100,100000001427082100,5000.0,1,491.98028006039357,0.09839605601207871
100000005665181100,100000008720856100,18105.0,1,0.0,0.0
100000004400305100,100000008665380100,59100.0,1,0.0,0.0
100000005481280100,100000005386383100,17000.0,1,0.0,0.0
100000000437046100,100000007754369100,82424.0,1,0.0,0.0
100000004221668100,100000005171642100,690600.0,4,0.0,0.0
100000000596954100,100000004921657100,8300.0,1,0.0,0.0
100000008413748100,100000001689968100,96700.0,1,0.0,0.0
100000008389800100,100000005308954100,69020.0,1,0.0,0.0
100000008603629100,100000000288317100,50000.0,1,0.0,0.0
100000004400305100,100000003574895100,27968.0,1,0.0,0.0
100000008547844100,100000002712416100,15300.0,1,0.0,0.0
100000002870463100,100000005142492100,10000.0,1,0.0,0.0
100000008710791100,100000003171006100,180000.0,1,0.0,0.0
100000008603629100,100000000661912100,101224.0,2,0.0,0.0
100000004400305100,100000003004487100,9268.0,1,0.0,0.0
100000003242289100,100000002645609100,46670.0,1,0.0,0.0
100000006977207100,100000008343874100,175350.0,1,0.0,0.0
100000004400305100,100000007392365100,9613.0,1,0.0,0.0
100000008547948100,100000008489922100,87000.0,1,0.0,0.0
100000000331309100,100000008438656100,25000.0,1,0.0,0.0
100000008733194100,100000005370580100,24075.0,1,0.0,0.0
100000008603629100,100000004847758100,25612.0,1,0.0,0.0
100000002578405100,100000008661550100,22800.0,1,0.0,0.0
100000003854444100,100000001690558100,740000.0,1,21954.892541087233,0.029668773704171935
100000000331309100,100000003116106100,494050.0,2,0.0,0.0
100000000031787100,100000005082652100,30000.0,1,0.0,0.0
100000002578405100,100000008687617100,43350.0,2,0.0,0.0
100000008512552100,100000003964910100,549000.0,1,0.0,0.0
100000008733194100,100000004183610100,22000.0,1,0.0,0.0
100000004400305100,100000003068941100,50000.0,1,0.0,0.0
100000003741418100,100000006734214100,20000.0,1,0.0,0.0
100000008603629100,100000001853812100,70000.0,1,0.0,0.0
100000008461532100,100000001819396100,166080.0,1,0.0,0.0
100000004765639100,100000002293421100,5000.0,1,0.0,0.0
100000008547844100,100000002943472100,170000.0,1,0.0,0.0
100000008587459100,100000006866783100,95500.0,1,0.0,0.0
100000005602999100,100000003635170100,11000.0,2,1298.7012987012986,0.11806375442739078
100000002578405100,100000008668099100,15700.0,1,0.0,0.0
100000004160650100,100000003338583100,21765.0,1,513.335080766297,0.023585347152138617
100000008547844100,100000008761219100,20000.0,1,0.0,0.0
100000002957787100,100000004662806100,9005.0,1,0.0,0.0
100000008413748100,100000002570206100,85812.6,1,0.0,0.0
100000002741024100,100000006444163100,6026.0,1,0.0,0.0
100000002578405100,100000004634420100,26150.0,1,0.0,0.0
100000004424023100,100000008332511100,100000.0,1,0.0,0.0
100000008743913100,100000007229557100,500000.0,1,0.0,0.0
100000003854444100,100000003060187100,93046.0,1,0.0,0.0
100000008603629100,100000004679953100,163767.0,1,6211.44135089201,0.037928528646748186
100000008752616100,100000008417029100,100000.0,1,657.8313655194637,0.006578313655194637
100000000331309100,100000002459240100,150000.0,1,0.0,0.0
100000008413748100,100000005830339100,94335.0,2,0.0,0.0
100000006240939100,100000003111305100,164965.0,1,0.0,0.0
100000008466579100,100000008547948100,35000.0,1,0.0,0.0
100000008603629100,100000002697752100,100320.0,1,0.0,0.0
100000005481280100,100000002727288100,16000.0,1,0.0,0.0
100000000331309100,100000008722417100,331900.0,1,0.0,0.0
100000008547844100,100000002121357100,148300.0,1,0.0,0.0
100000002957787100,100000005008589100,42806.68,1,0.0,0.0
100000002193259100,100000002095257100,8500.0,1,123.34126081411782,0.014510736566366802
100000008477350100,100000004759121100,55000.0,1,0.0,0.0
100000001597505100,100000004015047100,12920.0,1,0.0,0.0
100000000076451100,100000002575080100,13000.0,1,0.0,0.0
100000008603629100,100000008503177100,33951.0,1,0.0,0.0
100000000437046100,100000004071444100,247350.0,1,0.0,0.0
100000002957787100,100000004071070100,5000.0,1,0.0,0.0
100000005242320100,100000004368189100,384600.0,1,0.0,0.0
100000002957787100,100000002603371100,9300.0,1,0.0,0.0
100000004400305100,100000007138613100,450000.0,1,0.0,0.0
100000003741418100,100000006111439100,5720.0,1,0.0,0.0
100000008258083100,100000000673868100,2030650.0,5,0.0,0.0
100000008733194100,100000005493505100,26020.0,1,0.0,0.0
100000001857829100,100000008603629100,26000.0,1,0.0,0.0
100000003159641100,100000008625905100,197800.0,1,6000.0,0.030333670374115267
100000008603331100,100000001379511100,55000.0,1,0.0,0.0
100000008603629100,100000008029279100,17000.0,1,0.0,0.0
100000002578405100,100000002373386100,24000.0,1,0.0,0.0
100000008743913100,100000002945626100,84000.0,1,0.0,0.0
100000002957787100,100000007442518100,60000.0,1,0.0,0.0
100000002578405100,100000004292885100,112700.0,1,0.0,0.0
100000000331309100,100000002628576100,634585.0,2,0.0,0.0
100000008731444100,100000006788200100,68967.8,1,0.0,0.0
100000000331309100,100000008472324100,205200.0,1,0.0,0.0
100000008758168100,100000001285440100,178000.0,1,0.0,0.0
100000002958343100,100000000274067100,300000.0,8,0.0,0.0
100000008477350100,100000001066017100,39123.0,2,0.0,0.0
100000008346837100,100000005709551100,24560.0,1,0.0,0.0
100000008547948100,100000002849158100,245000.0,1,0.0,0.0
100000000331309100,100000005610717100,186200.0,1,0.0,0.0
100000000331309100,100000000878006100,47003.0,1,0.0,0.0
100000002578405100,100000008663723100,15600.0,1,0.0,0.0
100000000437046100,100000008603629100,5000.0,1,0.0,0.0
100000008346837100,100000003724440100,25000.0,1,9976.526454788724,0.39906105819154897
100000000331309100,100000004004621100,25028.0,1,0.0,0.0
100000008731444100,100000000288317100,50000.0,1,0.0,0.0
100000005242320100,100000008200810100,475000.0,1,0.0,0.0
100000002578405100,100000008686494100,15700.0,1,0.0,0.0
100000004150593100,100000002737980100,32900.0,1,0.0,0.0
100000008546855100,100000007689942100,5000.0,1,11.455458401713718,0.002291091680342744
100000000437046100,100000004726132100,349000.0,1,0.0,0.0
100000008346837100,100000002945031100,15000.0,1,0.0,0.0
100000008346837100,100000005053653100,33873.0,1,13517.395224122338,0.39906105819154897
100000008545727100,100000008714412100,169000.0,1,0.0,0.0
100000008477350100,100000004097972100,118878.0,1,0.0,0.0
100000001857829100,100000003899325100,50120.0,1,0.0,0.0
100000008752616100,100000002593344100,290000.0,1,1907.7109600064448,0.006578313655194637
100000008603629100,100000002704875100,112676.0,2,0.0,0.0
100000008477350100,100000008297199100,42268.0,1,0.0,0.0
100000000437046100,100000006165886100,80414.0,1,0.0,0.0
100000005578559100,100000001280798100,23785.0,1,0.0,0.0
100000004400305100,100000003581109100,42750.0,1,0.0,0.0
100000000291906100,100000000291908100,295500.0,5,1969.0721649484537,0.006663526784935546
100000005665181100,100000005409156100,70920.0,1,0.0,0.0
100000008545727100,100000001927599100,130000.0,1,0.0,0.0
100000006977207100,100000005527892100,120001.0,1,0.0,0.0
100000004336312100,100000004017410100,52650.0,2,7786.3735257849685,0.14788933572241156
100000001857829100,100000002550141100,100586.0,1,0.0,0.0
100000000332284100,100000002513028100,9500.0,1,0.0,0.0
100000000437046100,100000002373144100,46468.0,1,0.0,0.0
100000003242289100,100000008417359100,40810.0,2,0.0,0.0
100000002578405100,100000008688155100,23600.0,1,0.0,0.0
100000000331309100,100000001236706100,35800.0,1,0.0,0.0
100000002812641100,100000002838861100,7023.95,1,0.0,0.0
100000002957787100,100000003004487100,11467.8,1,0.0,0.0
100000008104567100,100000005704413100,20000.0,1,0.0,0.0
100000004150593100,100000008258458100,19000.0,1,0.0,0.0
100000004400305100,100000004070318100,23000.0,1,0.0,0.0
100000002578405100,100000000661131100,15600.0,1,0.0,0.0
100000000437046100,100000005610717100,128200.0,3,0.0,0.0
100000008413748100,100000003986141100,5286.32,1,0.0,0.0
100000003509750100,100000001639766100,20000.0,1,0.0,0.0
100000002205022100,100000000629812100,12000.0,1,0.0,0.0
100000003054328100,100000002308091100,186720.0,1,0.0,0.0
100000004400305100,100000005357034100,9754.0,1,0.0,0.0
100000002578405100,100000008740793100,21000.0,1,0.0,0.0
100000008254069100,100000003809101100,20000.0,2,0.0,0.0
100000003360542100,100000003390036100,21300.0,2,0.0,0.0
100000002741024100,100000001439416100,10000.0,1,0.0,0.0
100000002957787100,100000008137435100,50000.0,1,0.0,0.0
100000008603629100,100000007639767100,23722.0,1,0.0,0.0
100000001232297100,100000005074393100,30000.0,1,0.0,0.0
100000004765639100,100000004180097100,6000.0,1,0.0,0.0
100000008461532100,100000000791285100,1120000.0,2,0.0,0.0
100000005782781100,100000005532138100,25046.0,1,387.06985708308906,0.015454358264117587
100000002217161100,100000003006633100,10000.0,1,0.0,0.0
100000008389800100,100000002991079100,97200.0,2,0.0,0.0
100000004400305100,100000006734214100,165000.0,3,0.0,0.0
100000001526235100,100000004445291100,19500.0,2,0.0,0.0
100000008603629100,100000004488265100,38740.0,1,0.0,0.0
100000008477350100,100000007864477100,70000.0,1,0.0,0.0
100000008466579100,100000008489922100,123000.0,3,0.0,0.0
100000005578559100,100000002838861100,83000.0,1,0.0,0.0
100000008603629100,100000002232266100,45000.0,1,1593.3359430379926,0.03540746540084428
100000002578405100,100000008672493100,14000.0,1,0.0,0.0
100000004400305100,100000002628576100,93297.0,1,0.0,0.0
100000005933757100,100000002948492100,23660.0,1,0.0,0.0
100000005242320100,100000002753146100,803540.0,3,0.0,0.0
100000008346837100,100000000534581100,8988.0,1,0.0,0.0
100000008512827100,100000002559089100,650000.0,1,0.0,0.0
100000008254069100,100000003190207100,5000.0,1,0.0,0.0
100000008466579100,100000002677201100,150000.0,1,0.0,0.0
100000000332284100,100000008097580100,7000.0,1,0.0,0.0
100000004160650100,100000004144536100,40000.0,1,943.4138860855447,0.023585347152138617
100000000437046100,100000003115284100,300000.0,1,0.0,0.0
100000002578405100,100000006710485100,20000.0,1,0.0,0.0
100000008603629100,100000003582677100,21652.0,1,766.6424408590804,0.03540746540084428
100000003242289100,100000001248999100,23425.0,1,0.0,0.0
100000001857829100,100000004689658100,456100.0,1,0.0,0.0
100000008477350100,100000004917367100,20000.0,1,0.0,0.0
100000008710843100,100000008468762100,140000.0,1,0.0,0.0
100000004160650100,100000002731501100,550370.0,5,510.3583545140845,0.0009273004606248242
100000008413748100,100000002713074100,450000.0,1,0.0,0.0
100000008752616100,100000003157679100,150000.0,1,986.7470482791955,0.006578313655194637
100000000332284100,100000001611488100,273000.0,1,6000.000000000001,0.02197802197802198
100000008477350100,100000002901457100,340000.0,1,0.0,0.0
100000005782781100,100000002681544100,130965.0,1,0.0,0.0
100000000331309100,100000008568512100,199640.0,1,0.0,0.0
100000005519998100,100000004076740100,40000.0,3,0.0,0.0
100000005578559100,100000002983426100,88945.0,1,0.0,0.0
100000008011159100,100000005754335100,44037.0,1,0.0,0.0
100000000331309100,100000006889963100,600000.0,2,0.0,0.0
100000004698193100,100000001893287100,18000.0,3,0.0,0.0
100000007998965100,100000007793871100,26000.0,3,0.0,0.0
100000004160650100,100000004007116100,535744.0,19,1917.526271281202,0.003579183847660827
100000004400305100,100000002194329100,25170.0,1,0.0,0.0
100000003242289100,100000005530114100,46970.0,1,0.0,0.0
100000000724540100,100000005241556100,100000.0,1,0.0,0.0
100000004698193100,100000008547295100,15000.0,1,946.3984020483615,0.0630932268032241
100000003747133100,100000004722765100,230000.0,1,12413.013698630137,0.05396962477665277
100000000437046100,100000002904919100,60325.0,1,0.0,0.0
100000008603629100,100000008721637100,24041.0,1,0.0,0.0
100000003509750100,100000004697956100,10000.0,1,0.0,0.0
100000003823811100,100000001415126100,27000.0,1,0.0,0.0
100000000437046100,100000001726614100,138717.0,1,0.0,0.0
100000001857829100,100000003880331100,100000.0,1,0.0,0.0
100000002578405100,100000008716072100,12100.0,1,0.0,0.0
100000008603629100,100000004420041100,69638.0,1,0.0,0.0
100000008603629100,100000003215448100,91309.0,1,0.0,0.0
100000002459093100,100000006664478100,55000.0,3,0.0,0.0
100000005782781100,100000003920950100,323290.0,1,0.0,0.0
100000005402643100,100000003132484100,90000.0,1,0.0,0.0
100000002267998100,100000001063678100,35000.0,1,0.0,0.0
100000008389800100,100000003321895100,24000.0,1,0.0,0.0
100000002578405100,100000001155773100,21500.0,1,0.0,0.0
100000001857829100,100000003115284100,100000.0,1,0.0,0.0
100000001857829100,100000008223756100,316170.0,1,0.0,0.0
100000008466579100,100000002894076100,155000.0,1,0.0,0.0
100000005519998100,100000003934614100,7000.0,1,0.0,0.0
100000000331309100,100000004114962100,140000.0,1,0.0,0.0
100000003854444100,100000004450649100,51558.0,1,0.0,0.0
100000004400305100,100000004713684100,37500.0,1,0.0,0.0
100000008466579100,100000005667841100,86000.0,1,0.0,0.0
100000006977207100,100000008598972100,120000.0,1,0.0,0.0
100000008254069100,100000005382566100,58000.0,1,0.0,0.0
100000008731444100,100000007487729100,25000.0,1,0.0,0.0
100000008466579100,100000008223661100,100000.0,1,0.0,0.0
100000001965374100,100000000896111100,287100.0,1,0.0,0.0
100000005933757100,100000002951898100,39990.0,1,0.0,0.0
100000000331309100,100000001637376100,116700.0,1,0.0,0.0
100000001857829100,100000002459832100,300000.0,1,0.0,0.0
100000002578405100,100000008755580100,16000.0,1,0.0,0.0
100000008603629100,100000008739887100,141000.0,2,0.0,0.0
100000003242289100,100000004140487100,24510.0,1,0.0,0.0
100000000331309100,100000002990675100,51143.0,1,0.0,0.0
100000008512827100,100000004671609100,100000.0,1,0.0,0.0
100000003854444100,100000003497735100,125000.0,1,0.0,0.0
100000008466579100,100000005473151100,100000.0,1,0.0,0.0
100000002723538100,100000008686214100,25000.0,1,0.0,0.0
100000004356593100,100000004185681100,10000.0,1,3021.4102564102564,0.30214102564102563
100000008461532100,100000003122817100,444680.0,1,0.0,0.0
100000004400305100,100000005375968100,170082.0,1,0.0,0.0
100000006912294100,100000006443391100,25000.0,1,0.0,0.0
100000008547844100,100000001875239100,92000.0,1,0.0,0.0
100000003242289100,100000007864477100,6000.0,1,0.0,0.0
100000002578405100,100000008706947100,17200.0,1,0.0,0.0
100000000437046100,100000007594394100,40385.0,1,0.0,0.0
100000005507142100,100000005264874100,30000.0,1,19166.666666666664,0.6388888888888888
100000008477350100,100000001110358100,23000.0,1,1199.2832398208504,0.05214274955742828
100000003242289100,100000008405209100,54400.0,1,0.0,0.0
100000002578405100,100000008695133100,36610.0,1,0.0,0.0
100000002741024100,100000000782285100,6151.0,1,0.0,0.0
100000000437046100,100000004070318100,90000.0,1,0.0,0.0
100000004400305100,100000003221510100,24000.0,1,0.0,0.0
100000005782781100,100000002236528100,66000.0,1,0.0,0.0
100000000331309100,100000001252290100,141005.0,1,0.0,0.0
100000002957787100,100000003582677100,8104.99,1,0.0,0.0
100000002578405100,100000008712184100,18000.0,1,0.0,0.0
100000008477350100,100000001330685100,233968.0,1,0.0,0.0
100000008743913100,100000001680944100,393000.0,1,0.0,0.0
100000000331309100,100000003457710100,326555.0,1,0.0,0.0
100000000331309100,100000004746397100,219520.0,1,0.0,0.0
100000008547948100,100000002815005100,476500.0,1,0.0,0.0
100000001857829100,100000005133757100,40000.0,1,0.0,0.0
100000005578559100,100000008583360100,112843.0,1,0.0,0.0
100000002578405100,100000008754608100,12300.0,1,0.0,0.0
100000003854444100,100000003134934100,52985.0,1,0.0,0.0
100000000331309100,100000001227106100,164765.0,1,0.0,0.0
100000008603629100,100000004975919100,22351.0,1,0.0,0.0
100000008466579100,100000002547110100,305000.0,2,0.0,0.0
100000002957787100,100000001160401100,47190.0,2,0.0,0.0
100000005242320100,100000002821425100,275000.0,1,0.0,0.0
100000005782781100,100000004847758100,23717.0,1,0.0,0.0
100000002578405100,100000002116705100,17600.0,1,0.0,0.0
100000003854444100,100000002799941100,600000.0,1,0.0,0.0
100000005578559100,100000002893020100,18340.0,1,0.0,0.0
100000008104567100,100000000481716100,8000.0,1,0.0,0.0
100000008758168100,100000001141268100,250000.0,1,0.0,0.0
100000004400305100,100000008223756100,15512.0,1,0.0,0.0
100000002578405100,100000003192309100,17200.0,1,0.0,0.0
100000000331309100,100000005756189100,65000.0,1,0.0,0.0
100000001382002100,100000005584222100,56500.0,3,0.0,0.0
100000008545727100,100000001650895100,153500.0,1,0.0,0.0
100000002957787100,100000004299488100,70000.0,1,0.0,0.0
100000003188607100,100000004613582100,5000.0,1,0.0,0.0
100000002578405100,100000008708743100,15550.0,1,0.0,0.0
100000008547948100,100000001733687100,300000.0,1,0.0,0.0
100000000331309100,100000008686313100,373042.0,2,0.0,0.0
100000005834479100,100000006641671100,9000.0,1,0.0,0.0
100000008346837100,100000008620570100,65000.0,1,0.0,0.0
100000008466579100,100000002878467100,100000.0,1,0.0,0.0
100000008254069100,100000005265073100,5000.0,1,0.0,0.0
100000002957787100,100000008636603100,22710.0,1,0.0,0.0
100000007534354100,100000004644615100,50810.0,1,0.0,0.0
100000008547844100,100000008634520100,90000.0,1,0.0,0.0
100000004285800100,100000004904960100,15000.0,1,0.0,0.0
100000004400305100,100000000656682100,71000.0,1,0.0,0.0
100000001287955100,100000004015047100,89300.0,2,0.0,0.0
100000002224132100,100000000552584100,2500000.0,3,1689.962475222348,0.0006759849900889392
100000005933757100,100000002891765100,55576.0,1,0.0,0.0
100000005933757100,100000003484058100,110000.0,1,0.0,0.0
100000006977207100,100000003171587100,200000.0,1,0.0,0.0
100000008603629100,100000001660397100,29300.0,1,0.0,0.0
100000004150593100,100000001530983100,67544.0,1,0.0,0.0
100000008743913100,100000008767065100,10000.0,1,0.0,0.0
100000008547844100,100000002773323100,195000.0,1,0.0,0.0
100000008011159100,100000005182219100,25000.0,1,0.0,0.0
100000008346837100,100000004004621100,25361.0,1,0.0,0.0
100000001287955100,100000007333038100,17500.0,1,0.0,0.0
100000005578559100,100000005362848100,29000.0,1,0.0,0.0
100000008346837100,100000008571443100,40000.0,1,0.0,0.0
100000000331309100,100000008324800100,110000.0,2,0.0,0.0
100000003988112100,100000004403675100,64000.0,5,6602.9672131147545,0.10317136270491804
100000005481280100,100000005395727100,17000.0,1,0.0,0.0
100000008477350100,100000005857058100,39212.0,1,0.0,0.0
100000002578405100,100000005674387100,26200.0,1,0.0,0.0
100000001287955100,100000008460102100,17500.0,1,0.0,0.0
100000002578405100,100000002369443100,50000.0,1,0.0,0.0
100000000331309100,100000002807334100,54715.0,1,0.0,0.0
100000007382543100,100000008655779100,47000.0,1,0.0,0.0
100000002267998100,100000003701161100,850000.0,8,34568.66723309266,0.040669020274226655
100000001857829100,100000008121806100,67000.0,1,0.0,0.0
100000008603629100,100000003366471100,193524.0,3,17528.80475568867,0.09057690392761968
100000000437046100,100000007055802100,1015000.0,16,0.0,0.0
100000005933757100,100000004500444100,100000.0,5,0.0,0.0
100000002217161100,100000007647294100,385000.0,1,0.0,0.0
100000000331309100,100000004906181100,100000.0,1,0.0,0.0
100000004400305100,100000000661912100,69868.0,1,0.0,0.0
100000003854444100,100000001049200100,70610.0,1,0.0,0.0
100000002723538100,100000003747133100,19000.0,1,0.0,0.0
100000000331309100,100000002581346100,166400.0,1,0.0,0.0
100000005933757100,100000001073568100,707465.0,4,0.0,0.0
100000008461532100,100000006704530100,450500.0,1,0.0,0.0
100000008545727100,100000008571243100,134000.0,1,0.0,0.0
100000004527381100,100000004156082100,273866.11,1,0.0,0.0
100000003237045100,100000006579678100,150000.0,1,0.0,0.0
100000008603629100,100000008686313100,75693.0,1,0.0,0.0
100000002741024100,100000007629096100,360000.0,1,0.0,0.0
100000008389800100,100000004948177100,48000.0,1,0.0,0.0
100000005578559100,100000001818442100,42215.0,1,0.0,0.0
100000002578405100,100000008745863100,22900.0,1,0.0,0.0
100000002796853100,100000002781227100,46167.62,5,22856.850089976404,0.49508400238037836
100000008477350100,100000004299488100,192000.0,2,0.0,0.0
100000008733194100,100000001429930100,26000.0,1,0.0,0.0
100000008477350100,100000000942301100,57580.0,2,0.0,0.0
100000008710843100,100000008517538100,35000.0,1,2040.4350163136517,0.05829814332324719
100000002692750100,100000003636627100,77000.0,8,1291.5183526619971,0.016772965618986977
100000008477350100,100000007639767100,16305.0,1,850.1875315338681,0.05214274955742828
100000008710791100,100000002173161100,268000.0,1,0.0,0.0
100000002398779100,100000008576243100,66000.0,3,747.25288502523,0.011322013409473182
100000008466579100,100000002529880100,120000.0,1,0.0,0.0
100000008710791100,100000002945626100,330000.0,1,0.0,0.0
100000008346837100,100000004877085100,25000.0,1,0.0,0.0
100000008710791100,100000007229557100,205000.0,1,0.0,0.0
100000002224132100,100000004892144100,4400000.0,6,9125.79736620068,0.0020740448559547
100000005933757100,100000002838519100,46900.0,1,0.0,0.0
100000008547948100,100000003158727100,110000.0,1,0.0,0.0
100000005242320100,100000001282143100,600000.0,2,0.0,0.0
100000000201868100,100000006069103100,190000.0,1,0.0,0.0
100000004386258100,100000003917461100,10000.0,1,0.0,0.0
100000003854444100,100000001052789100,70975.0,1,0.0,0.0
100000004400305100,100000004679953100,139768.0,1,0.0,0.0
100000004400305100,100000002645609100,373567.0,1,0.0,0.0
100000000331309100,100000002556775100,300000.0,1,0.0,0.0
100000006844768100,100000001954534100,13000.0,1,0.0,0.0
100000008743913100,100000001303311100,135000.0,1,0.0,0.0
100000006977207100,100000003087877100,91486.0,1,0.0,0.0
100000002224132100,100000000594783100,2635000.0,10,9028.128905706333,0.003426234878825933
100000008733194100,100000000583220100,5000.0,1,0.0,0.0
100000005242320100,100000002989353100,500000.0,2,0.0,0.0
100000008603629100,100000008729597100,83090.0,1,0.0,0.0
100000008603629100,100000004351795100,22418.0,1,0.0,0.0
100000008346837100,100000001236706100,26900.0,1,0.0,0.0
100000002217161100,100000000954884100,34000.0,1,0.0,0.0
100000005242320100,100000008306857100,125000.0,1,0.0,0.0
100000000437046100,100000008343874100,108185.0,1,0.0,0.0
100000002578405100,100000001632325100,85600.0,3,0.0,0.0
100000002578405100,100000008713685100,49700.0,1,0.0,0.0
100000000437046100,100000000287768100,35168.0,1,0.0,0.0
100000001601320100,100000004096559100,46200.0,1,0.0,0.0
100000004221668100,100000004321983100,10840.0,1,0.0,0.0
100000000331309100,100000001611488100,506300.0,2,16304.023629068211,0.03220229829956194
100000008474308100,100000008443341100,10000.0,1,0.0,0.0
100000000437046100,100000004299488100,185000.0,4,0.0,0.0
100000001490461100,100000003671721100,5000.0,1,0.0,0.0
100000008710791100,100000003147719100,100000.0,1,0.0,0.0
100000004160650100,100000002886166100,185000.0,3,180.37325353279007,0.0009749905596367031
100000004400305100,100000005610717100,13700.0,1,0.0,0.0
100000005660203100,100000006518161100,23000.0,4,10594.25330347659,0.46061970884680825
100000004400305100,100000000254336100,69588.0,1,0.0,0.0
100000008466579100,100000002343825100,75000.0,1,0.0,0.0
100000002578405100,100000008684951100,17200.0,1,0.0,0.0
100000008547948100,100000002793881100,155600.0,1,0.0,0.0
100000005519998100,100000004017410100,141000.0,4,11164.912280701756,0.07918377504043798
100000003054328100,100000008755754100,7000.0,1,0.0,0.0
100000008547948100,100000003031633100,414000.0,2,0.0,0.0
100000003242289100,100000008304139100,93570.0,1,0.0,0.0
100000008547948100,100000008751380100,338000.0,1,0.0,0.0
100000005933757100,100000008682426100,20000.0,1,0.0,0.0
100000008603629100,100000004071080100,20000.0,1,3178.8102477043867,0.15894051238521933
100000008545727100,100000001169666100,220000.0,2,0.0,0.0
100000000331309100,100000002015633100,94970.0,1,0.0,0.0
100000001857829100,100000003035737100,355570.0,1,0.0,0.0
100000003242289100,100000003964910100,451000.0,1,0.0,0.0
100000003242289100,100000008193258100,75000.0,2,0.0,0.0
100000008603331100,100000004715209100,5000.0,1,0.0,0.0
100000002578405100,100000008671081100,37200.0,1,0.0,0.0
100000002578405100,100000002908521100,44500.0,1,0.0,0.0
100000002723538100,100000004962193100,54000.0,2,0.0,0.0
100000005242320100,100000002748761100,796800.0,3,0.0,0.0
100000002957787100,100000005857058100,9510.0,1,0.0,0.0
100000005911352100,100000005127767100,7000.0,1,0.0,0.0
100000003854444100,100000002906470100,130000.0,1,0.0,0.0
100000008758168100,100000008555233100,440600.0,1,0.0,0.0
100000008603629100,100000003271151100,127294.0,1,0.0,0.0
100000008346837100,100000003843844100,16680.0,1,0.0,0.0
100000002578405100,100000002614095100,5300.0,1,0.0,0.0
100000007749092100,100000003886323100,70375.0,5,0.0,0.0
100000000437046100,100000004759121100,150000.0,2,0.0,0.0
100000008346837100,100000003050771100,229000.0,1,0.0,0.0
100000008213966100,100000000838385100,436900.0,8,0.0,0.0
100000005665181100,100000004750321100,5490.0,1,0.0,0.0
100000008512552100,100000002736033100,34530.0,1,0.0,0.0
100000003854444100,100000004066647100,51000.0,1,1513.1074589127686,0.029668773704171935
100000004400305100,100000006165886100,104067.0,1,0.0,0.0
100000008647905100,100000008676812100,230800.0,1,0.0,0.0
100000008762832100,100000008748914100,85000.0,4,0.0,0.0
100000008477350100,100000000661912100,70633.0,1,0.0,0.0
100000008512552100,100000001677389100,11000.0,1,0.0,0.0
100000003242289100,100000007267915100,11000.0,1,0.0,0.0
100000001677929100,100000001740277100,8700.0,1,0.0,0.0
100000000331309100,100000007138613100,470000.0,1,0.0,0.0
100000002578405100,100000004257714100,52220.0,1,0.0,0.0
100000002723538100,100000004417753100,92099.0,1,0.0,0.0
100000008603629100,100000008560717100,45000.0,1,0.0,0.0
100000008603629100,100000003073635100,129231.0,1,0.0,0.0
100000003242289100,100000002713074100,250000.0,1,0.0,0.0
100000008603629100,100000002723538100,70647.0,1,0.0,0.0
100000008547948100,100000001534244100,190000.0,1,0.0,0.0
100000000437046100,100000001784279100,35674.0,1,0.0,0.0
100000008603629100,100000008279405100,234738.0,2,340.7959375094469,0.001451814097033488
100000005933757100,100000002822472100,59407.0,1,0.0,0.0
100000005834479100,100000003528285100,5470.0,1,0.0,0.0
100000008346837100,100000005048668100,6500.0,1,0.0,0.0
100000000331309100,100000001875167100,1000000.0,2,0.0,0.0
100000008512827100,100000002173161100,290000.0,1,0.0,0.0
100000000190228100,100000002613929100,28560.0,1,0.0,0.0
100000008413748100,100000003072676100,31545.0,1,0.0,0.0
100000008477350100,100000001126374100,16000.0,1,0.0,0.0
100000005242320100,100000002670960100,480310.0,1,0.0,0.0
100000004486525100,100000004962193100,16090.0,1,0.0,0.0
100000008477350100,100000000555721100,18000.0,1,0.0,0.0
100000008713270100,100000004491749100,50000.0,1,3256.461114893869,0.06512922229787738
100000000331309100,100000001330685100,2071530.0,5,20453.076237182344,0.009873415416229716
100000003068941100,100000001130176100,25000.0,2,0.0,0.0
100000000331309100,100000006126743100,55000.0,1,0.0,0.0
100000008733194100,100000005454368100,29600.0,1,0.0,0.0
100000003242289100,100000006225798100,400000.0,1,0.0,0.0
100000002578405100,100000008690762100,26750.0,1,0.0,0.0
100000001526235100,100000002708624100,25000.0,1,0.0,0.0
100000008547948100,100000002958139100,209500.0,2,487.33358444495207,0.0023261746274222056
100000008603629100,100000002681544100,35107.0,1,0.0,0.0
100000008603629100,100000008732488100,137000.0,1,0.0,0.0
100000004400305100,100000003528285100,33400.0,2,0.0,0.0
100000004400305100,100000001329153100,150687.0,1,0.0,0.0
100000000331309100,100000005409156100,189160.0,1,0.0,0.0
100000004386258100,100000004386331100,20000.0,1,0.0,0.0
100000000331309100,100000004759121100,220000.0,1,0.0,0.0
100000008413748100,100000005233755100,25000.0,1,0.0,0.0
100000005578559100,100000003009900100,15998.0,1,0.0,0.0
100000000437046100,100000006894637100,52831.0,1,0.0,0.0
100000000331309100,100000003044431100,30000.0,1,1753.1208203299152,0.05843736067766384
100000002578405100,100000002216999100,23677.0,1,0.0,0.0
100000008710791100,100000002849158100,385000.0,1,0.0,0.0
100000000331309100,100000004657034100,141250.0,1,0.0,0.0
100000005242320100,100000002958345100,307000.0,1,0.0,0.0
100000004150593100,100000003896956100,10000.0,1,0.0,0.0
100000002578405100,100000008695566100,33700.0,1,0.0,0.0
100000000437046100,100000001279272100,250000.0,1,0.0,0.0
100000000331309100,100000003486970100,150000.0,1,0.0,0.0
100000000331309100,100000008295429100,352000.0,1,0.0,0.0
100000000806727100,100000001346560100,5000.0,1,0.0,0.0
100000002578405100,100000002913340100,23600.0,1,0.0,0.0
100000000331309100,100000002842321100,160000.0,1,0.0,0.0
100000008710791100,100000001875239100,445000.0,1,0.0,0.0
100000008413748100,100000004071080100,5000.0,1,0.0,0.0
100000004400305100,100000004889043100,172000.0,3,0.0,0.0
100000004400305100,100000003254277100,49200.0,1,0.0,0.0
100000002831727100,100000005628518100,77000.0,3,0.0,0.0
100000008603629100,100000001857829100,408000.0,2,21.850406690734,5.355491835964216e-05
100000002578405100,100000008772246100,44500.0,1,0.0,0.0
100000004400305100,100000002970466100,23317.0,1,0.0,0.0
100000007382543100,100000006965162100,10000.0,1,0.0,0.0
100000001857829100,100000007908818100,210000.0,1,0.0,0.0
100000002578405100,100000007022818100,17200.0,1,0.0,0.0
100000002578405100,100000008738658100,29920.0,1,0.0,0.0
100000000331309100,100000008490127100,431755.0,2,0.0,0.0
100000001965374100,100000004399686100,806000.0,2,228656.1112528706,0.28369244572316454
100000006901046100,100000000706545100,5500.0,1,3725.7231404958675,0.677404207362885
100000002217161100,100000000783406100,6066.0,1,0.0,0.0
100000002957787100,100000008632060100,6000.0,1,0.0,0.0
100000008461532100,100000003069463100,11500.0,1,0.0,0.0
100000000331309100,100000002567887100,50915.0,1,0.0,0.0
100000008547948100,100000001884825100,250000.0,1,0.0,0.0
100000008512827100,100000001282143100,20000.0,1,0.0,0.0
100000004400305100,100000003951827100,9000.0,1,0.0,0.0
100000000437046100,100000004184158100,203805.0,1,0.0,0.0
100000002578405100,100000005089460100,12300.0,1,0.0,0.0
100000004400305100,100000008560717100,50000.0,1,0.0,0.0
100000001677929100,100000002394199100,277398.0,3,0.0,0.0
100000008531133100,100000004408683100,31771.68,1,0.0,0.0
100000004479404100,100000004717647100,300000.0,2,0.0,0.0
100000005933757100,100000001052945100,56520.0,1,0.0,0.0
100000008477350100,100000008459449100,53700.0,1,0.0,0.0
100000001232297100,100000005882013100,15000.0,1,0.0,0.0
100000008547948100,100000001875239100,175000.0,1,4873.335844449521,0.027847633396854404
100000004400305100,100000004759121100,60000.0,1,0.0,0.0
100000004160650100,100000004005964100,47900.0,5,0.0,0.0
100000004400305100,100000002597623100,16418.0,1,0.0,0.0
100000002193259100,100000000933075100,40000.0,1,0.0,0.0
100000005664922100,100000008042075100,5000.0,1,0.0,0.0
100000008603629100,100000001138283100,81805.0,1,0.0,0.0
100000008710791100,100000001282143100,440000.0,1,0.0,0.0
100000008346837100,100000000343175100,10000.0,1,0.0,0.0
100000005911352100,100000004508696100,7000.0,1,0.0,0.0
100000002175422100,100000003557488100,664992.0,3,0.0,0.0
100000005619339100,100000008144528100,5442.6,1,0.0,0.0
100000005242320100,100000002670860100,250000.0,1,0.0,0.0
100000000331309100,100000003035737100,453600.0,2,0.0,0.0
100000007898453100,100000008427027100,300000.0,1,0.0,0.0
100000004400305100,100000006919124100,25000.0,1,0.0,0.0
100000002957787100,100000005314565100,218500.0,3,0.0,0.0
100000005665181100,100000005187208100,14160.0,1,0.0,0.0
100000003741418100,100000001690439100,14200.0,1,0.0,0.0
100000000437046100,100000006989232100,22194.0,1,0.0,0.0
100000005547096100,100000004331458100,210000.0,1,0.0,0.0
100000002293421100,100000004180097100,22000.0,3,4534.595278236396,0.20611796719256345
100000008710843100,100000002632742100,100000.0,1,0.0,0.0
100000005882013100,100000005074393100,10000.0,1,0.0,0.0
100000008466579100,100000001253557100,80000.0,1,0.0,0.0
100000000913911100,100000004737764100,600000.0,1,18107.382550335573,0.030178970917225954
100000002578405100,100000002103448100,27000.0,1,0.0,0.0
100000004400305100,100000004676985100,32260.0,1,0.0,0.0
100000008710843100,100000001887715100,245500.0,1,0.0,0.0
100000005782781100,100000006209210100,229111.0,1,3540.763476250244,0.015454358264117585
100000000331309100,100000008576528100,28000.0,1,0.0,0.0
100000008636603100,100000003265158100,46800.0,1,0.0,0.0
100000007242833100,100000003781406100,45000.0,2,7786.213953488374,0.17302697674418607
100000004400305100,100000007484343100,16700.0,1,0.0,0.0
100000007777377100,100000002448088100,5000.0,1,0.0,0.0
100000004400305100,100000001530709100,53961.0,1,0.0,0.0
100000008743913100,100000008760098100,7000.0,1,0.0,0.0
100000004400305100,100000003218308100,11165.0,1,0.0,0.0
100000005933757100,100000003111305100,99873.0,1,0.0,0.0
100000005665181100,100000006522972100,9515.0,1,0.0,0.0
100000003242289100,100000008512552100,49000.0,1,0.0,0.0
100000004400305100,100000008491390100,36000.0,1,0.0,0.0
100000008547948100,100000008743913100,9000.0,1,250.62870057168962,0.027847633396854404
100000004467157100,100000004076740100,7000.0,1,0.0,0.0
100000002578405100,100000008754747100,45500.0,1,0.0,0.0
100000002738256100,100000004135268100,175000.0,1,0.0,0.0
100000006844768100,100000004759121100,175000.0,4,0.0,0.0
100000005578559100,100000003241965100,15000.0,1,0.0,0.0
100000002205022100,100000001380107100,6000.0,1,0.0,0.0
100000000437046100,100000003204491100,140000.0,1,0.0,0.0
100000000331309100,100000003610172100,70000.0,1,0.0,0.0
100000004071070100,100000004071080100,6000.0,1,1527.2627538685254,0.2545437923114209
100000002578405100,100000008749405100,37150.0,1,0.0,0.0
100000006534886100,100000004330371100,167500.0,8,34726.629032560224,0.20732315840334462
100000008547948100,100000002548759100,195000.0,1,0.0,0.0
100000008743913100,100000001141268100,230000.0,1,0.0,0.0
100000005578559100,100000000955529100,27000.0,1,0.0,0.0
100000008603629100,100000008077552100,214000.0,1,0.0,0.0
100000002723538100,100000004071080100,32000.0,1,0.0,0.0
100000008636603100,100000003016635100,43200.0,2,0.0,0.0
100000008346837100,100000008088082100,39138.0,1,0.0,0.0
100000004580202100,100000008474391100,20000.0,1,0.0,0.0
100000002723538100,100000002534091100,22200.0,1,0.0,0.0
100000000490383100,100000000706545100,343500.0,1,0.0,0.0
100000000331309100,100000001530983100,104000.0,1,0.0,0.0
100000008104567100,100000001616816100,12000.0,2,0.0,0.0
100000008710791100,100000002369874100,265000.0,1,0.0,0.0
100000000331309100,100000003171587100,500000.0,1,0.0,0.0
100000002578405100,100000001697501100,73700.0,1,0.0,0.0
100000003854444100,100000005661829100,37790.0,1,0.0,0.0
100000007534354100,100000007998965100,50000.0,1,0.0,0.0
100000002741024100,100000003996562100,7700.0,1,0.0,0.0
100000006888238100,100000001852140100,30000.0,1,0.0,0.0
100000004544958100,100000006476758100,5200.0,1,1529.4117647058824,0.29411764705882354
100000000831684100,100000004692798100,50000.0,3,14615.985253833747,0.29231970507667493
100000008545727100,100000005473151100,1060000.0,1,0.0,0.0
100000006240939100,100000002757791100,73050.0,1,0.0,0.0
100000008346837100,100000002818726100,10879.0,1,6000.0,0.5515212795293685
100000000437046100,100000000802149100,104128.0,1,0.0,0.0
100000002578405100,100000008489604100,11000.0,1,0.0,0.0
100000004400305100,100000008686313100,82417.0,2,0.0,0.0
100000005933757100,100000007020162100,86395.0,1,0.0,0.0
100000008731444100,100000007138613100,82000.0,1,0.0,0.0
100000000490383100,100000008723830100,5785.0,1,0.0,0.0
100000002578405100,100000008764654100,26150.0,1,0.0,0.0
100000000331309100,100000005198906100,227970.0,1,0.0,0.0
100000001166289100,100000002733905100,25000.0,1,178.306770379394,0.007132270815175761
100000008603629100,100000004984689100,53030.0,1,0.0,0.0
100000002578405100,100000008749900100,17150.0,1,0.0,0.0
100000002578405100,100000008488166100,5600.0,1,0.0,0.0
100000004400305100,100000003235780100,50000.0,1,0.0,0.0
100000008603629100,100000006788200100,63018.0,1,0.0,0.0
100000008547948100,100000008070101100,100000.0,1,0.0,0.0
100000004400305100,100000007594394100,130000.0,1,0.0,0.0
100000005664922100,100000002224132100,510000.0,1,0.0,0.0
100000000331309100,100000005893892100,102780.0,1,6006.19193045029,0.05843736067766384
100000008477350100,100000007593823100,10000.0,1,0.0,0.0
100000003242289100,100000008436257100,6046.0,1,0.0,0.0
100000005665181100,100000004553349100,7755.0,1,0.0,0.0
100000002293421100,100000008502995100,25000.0,2,0.0,0.0
100000008477350100,100000008599354100,177000.0,1,0.0,0.0
100000008603629100,100000007055802100,40000.0,1,0.0,0.0
100000002957787100,100000002380341100,57566.4,1,0.0,0.0
100000005168487100,100000002941114100,103510.0,14,5102.04081632653,0.04929031800141561
100000003718221100,100000005974542100,94500.0,3,0.0,0.0
100000002578405100,100000008695689100,26200.0,1,0.0,0.0
100000008346837100,100000008733194100,121344.0,1,0.0,0.0
100000004150593100,100000004394765100,119476.0,1,0.0,0.0
100000002578405100,100000008718811100,73300.0,1,0.0,0.0
100000002241986100,100000001286703100,20500.0,1,0.0,0.0
100000002645993100,100000003741418100,5000.0,1,0.0,0.0
100000005268319100,100000002957787100,24000.0,3,0.0,0.0
100000005530114100,100000004114962100,25000.0,1,0.0,0.0
100000004676985100,100000004241142100,27102.0,1,0.0,0.0
100000008460102100,100000008759795100,17000.0,1,0.0,0.0
100000000860514100,100000007811950100,50000.0,1,0.0,0.0
100000002984403100,100000000404740100,25000.0,1,0.0,0.0
100000007864477100,100000002481974100,25000.0,1,0.0,0.0
100000000640800100,100000008734279100,31650.0,1,0.0,0.0
100000002645993100,100000002398779100,54150.0,5,0.0,0.0
100000003171587100,100000003025903100,386300.0,6,0.0,0.0
100000005704413100,100000002729875100,76000.0,1,0.0,0.0
100000005171642100,100000004221668100,683600.0,4,0.0,0.0
100000008655779100,100000008213966100,19004.0,1,0.0,0.0
100000008258458100,100000008619159100,446400.0,2,0.0,0.0
100000008680912100,100000002741024100,5990.85,1,0.0,0.0
100000004140487100,100000006918814100,20000.0,2,0.0,0.0
100000000791285100,100000005621418100,30000.0,1,0.0,0.0
100000003213473100,100000000500040100,20000.0,1,0.0,0.0
100000008489922100,100000008536546100,50000.0,1,0.0,0.0
100000008460102100,100000002512742100,6000.0,1,0.0,0.0
100000008121806100,100000005360814100,144000.0,3,0.0,0.0
100000008465789100,100000004997515100,100000.0,1,0.0,0.0
100000008223661100,100000003404627100,154700.0,1,0.0,0.0
100000002394199100,100000001677929100,76777.0,1,0.0,0.0
100000004278574100,100000004232712100,12500.0,1,0.0,0.0
100000008192264100,100000008168850100,187910.0,2,0.0,0.0
100000008489922100,100000008775747100,5000.0,1,0.0,0.0
100000008517538100,100000002369874100,35000.0,1,0.0,0.0
100000005367284100,100000007988344100,20000.0,3,0.0,0.0
100000005820746100,100000001965374100,60000.0,1,0.0,0.0
100000008121806100,100000008346837100,5000.0,1,0.0,0.0
100000004659919100,100000002700161100,39000.0,1,0.0,0.0
100000008465789100,100000005667841100,100000.0,1,0.0,0.0
100000008460102100,100000001590795100,5060.0,1,0.0,0.0
100000008489922100,100000003171006100,305000.0,1,0.0,0.0
100000008223661100,100000008165763100,33385.0,1,0.0,0.0
100000008583360100,100000008136608100,170000.0,1,0.0,0.0
100000006169033100,100000008011159100,346000.0,4,0.0,0.0
100000005704413100,100000004890713100,40485.0,1,0.0,0.0
100000001825934100,100000002214207100,97000.0,1,0.0,0.0
100000008379273100,100000008346837100,5000.0,1,0.0,0.0
100000008517538100,100000002718366100,120000.0,2,765.1631311176194,0.006376359425980162
100000004697956100,100000003509750100,10000.0,1,0.0,0.0
100000003213473100,100000008583971100,11000.0,1,0.0,0.0
100000005704413100,100000002528978100,15900.0,1,0.0,0.0
100000000733451100,100000000375150100,300000.0,1,0.0,0.0
100000001740277100,100000001677929100,5000.0,1,0.0,0.0
100000008625905100,100000002194320100,275000.0,1,0.0,0.0
100000003204491100,100000004840086100,100000.0,2,0.0,0.0
100000005367284100,100000001270470100,28300.0,2,0.0,0.0
100000003221510100,100000001733216100,60000.0,2,0.0,0.0
100000004906181100,100000008675322100,340000.0,4,0.0,0.0
100000003951827100,100000003741418100,7000.0,1,0.0,0.0
100000007593823100,100000008730846100,38000.0,3,0.0,0.0
100000002963189100,100000002883402100,10000.0,1,0.0,0.0
100000008632060100,100000004400305100,40000.0,2,0.0,0.0
100000008721637100,100000001616816100,12000.0,1,0.0,0.0
100000002185328100,100000002448088100,10000.0,1,0.0,0.0
100000003796063100,100000003684369100,18300.0,1,0.0,0.0
100000002241986100,100000000627521100,6500.0,1,0.0,0.0
100000007267915100,100000004486525100,10000.0,1,0.0,0.0
100000003880331100,100000003819173100,143777.0,1,0.0,0.0
100000005704413100,100000008071749100,24943.0,1,0.0,0.0
100000004183610100,100000003718715100,915000.0,3,0.0,0.0
100000003221510100,100000002505277100,60000.0,1,0.0,0.0
100000000933075100,100000002653187100,15000.0,1,0.0,0.0
100000002612809100,100000000600707100,89000.0,2,0.0,0.0
100000008460102100,100000002876914100,12000.0,1,0.0,0.0
100000003528285100,100000004417753100,100000.0,1,0.0,0.0
100000004077081100,100000001816678100,60000.0,1,0.0,0.0
100000008460102100,100000002706810100,45000.0,1,0.0,0.0
100000004715209100,100000008190411100,198450.0,12,0.0,0.0
100000008460102100,100000001299443100,8000.0,1,0.0,0.0
100000003001661100,100000000581682100,5000.0,1,0.0,0.0
100000005317181100,100000005495211100,14500.0,1,0.0,0.0
100000005475379100,100000004571634100,20000.0,1,0.0,0.0
100000005357705100,100000008337304100,105465.0,2,0.0,0.0
100000003636627100,100000002692750100,10000.0,1,0.0,0.0
100000007593823100,100000004486525100,17000.0,3,0.0,0.0
100000004722765100,100000005075949100,2226000.0,7,11873.31745086361,0.005333925180082484
100000007333038100,100000003047800100,12212.0,1,0.0,0.0
100000003796063100,100000008680061100,41300.0,2,0.0,0.0
100000007593823100,100000003741418100,12600.0,2,0.0,0.0
100000004892144100,100000002224132100,180300.0,1,0.0,0.0
100000001279272100,100000001297206100,6758.0,1,0.0,0.0
100000001317336100,100000005042822100,1000000.0,1,0.0,0.0
100000001808684100,100000003509750100,37700.0,2,0.0,0.0
100000007392365100,100000006351075100,40000.0,2,0.0,0.0
100000008490127100,100000008560263100,100000.0,1,0.0,0.0
100000008293431100,100000008583971100,40000.0,1,0.0,0.0
100000000534581100,100000001220124100,40000.0,1,0.0,0.0
100000005048668100,100000006735545100,5000.0,1,0.0,0.0
100000004613582100,100000001601320100,9500.0,1,0.0,0.0
100000002612809100,100000002130400100,10000.0,1,0.0,0.0
100000002901457100,100000000913911100,41000.0,1,0.0,0.0
100000003880331100,100000005432267100,100001.0,1,0.0,0.0
100000004386331100,100000004386286100,12500.0,1,0.0,0.0
100000006704530100,100000008151098100,30000.0,1,0.0,0.0
100000005357705100,100000008172721100,168335.0,1,0.0,0.0
100000007593823100,100000008346837100,5800.0,1,0.0,0.0
100000008514970100,100000004797167100,31000.0,1,0.0,0.0
100000004368189100,100000004400480100,21700.0,1,0.0,0.0
100000008757369100,100000008757301100,58398.0,3,0.0,0.0
100000008489922100,100000008766764100,5000.0,1,0.0,0.0
100000003880331100,100000001857829100,300000.0,3,0.0,0.0
100000002989353100,100000001311175100,300000.0,1,0.0,0.0
100000008465789100,100000008223661100,102000.0,1,0.0,0.0
100000008489922100,100000003037476100,370000.0,1,0.0,0.0
100000008632060100,100000003747133100,45600.0,1,0.0,0.0
100000003366471100,100000001845505100,20000.0,1,1398.264121100482,0.0699132060550241
100000008086440100,100000004388353100,28000.0,1,0.0,0.0
100000005342513100,100000002733905100,30000.0,1,0.0,0.0
100000004508696100,100000002217806100,55000.0,2,0.0,0.0
100000000673868100,100000007442518100,115000.0,3,0.0,0.0
100000006274203100,100000005409680100,33000.0,1,0.0,0.0
100000002628576100,100000002208836100,90000.0,1,0.0,0.0
100000003190207100,100000001471706100,377000.0,8,0.0,0.0
100000004077081100,100000002398779100,195000.0,2,0.0,0.0
100000003154105100,100000003105089100,10000.0,1,0.0,0.0
100000002696152100,100000002156381100,51000.0,6,0.0,0.0
100000004451012100,100000004049912100,10000.0,1,0.0,0.0
100000006111439100,100000008244300100,9000.0,1,0.0,0.0
100000008739887100,100000000926078100,250000.0,1,711.4683487460808,0.002845873394984323
100000000764836100,100000001598625100,25000.0,1,0.0,0.0
100000002537811100,100000003622955100,15000.0,1,0.0,0.0
100000005910114100,100000003747133100,49217.0,2,0.0,0.0
100000007593823100,100000005942793100,5000.0,1,0.0,0.0
100000004097972100,100000003214786100,5000.0,1,0.0,0.0
100000005048668100,100000000332284100,13400.0,2,0.0,0.0
100000004077081100,100000008165763100,250000.0,1,0.0,0.0
100000003917461100,100000004200745100,130000.0,4,0.0,0.0
100000008489922100,100000008740295100,300000.0,1,0.0,0.0
100000006020215100,100000005386383100,20500.0,1,8180.751692926754,0.39906105819154897
100000003035737100,100000004800452100,6544.53,1,0.0,0.0
100000008254576100,100000002242066100,60000.0,1,0.0,0.0
100000007472293100,100000008333492100,216400.0,1,0.0,0.0
100000003899899100,100000004260869100,10000.0,1,0.0,0.0
100000008489922100,100000007357489100,49500.0,1,0.0,0.0
100000008489922100,100000003180820100,101000.0,1,0.0,0.0
100000008460102100,100000002645046100,12000.0,1,0.0,0.0
100000008517538100,100000008512827100,10000.0,1,0.0,0.0
100000003069463100,100000002514975100,17920.0,1,0.0,0.0
100000008460102100,100000006491963100,16000.0,3,0.0,0.0
100000003557488100,100000003696422100,118000.0,2,0.0,0.0
100000001534244100,100000006381453100,45000.0,1,0.0,0.0
100000008223661100,100000008730846100,8642.0,1,0.0,0.0
100000003880331100,100000003684369100,402000.0,4,0.0,0.0
100000001229743100,100000003481025100,9000.0,1,0.0,0.0
100000004629688100,100000000076451100,15000.0,2,0.0,0.0
100000004450649100,100000003684369100,41300.0,1,0.0,0.0
100000002575080100,100000002832753100,12500.0,1,0.0,0.0
100000005910114100,100000008165763100,18130.0,1,0.0,0.0
100000001445848100,100000002217161100,351850.0,14,0.0,0.0
100000008489922100,100000004997515100,125000.0,1,0.0,0.0
100000008489922100,100000005783452100,86500.0,1,0.0,0.0
100000005704413100,100000001484381100,71800.0,3,0.0,0.0
100000005910114100,100000004962193100,39378.0,1,0.0,0.0
100000006664478100,100000005087923100,20000.0,1,0.0,0.0
100000007392365100,100000003631015100,266000.0,1,0.0,0.0
100000005048668100,100000003230328100,10000.0,1,0.0,0.0
100000004689658100,100000005010159100,7092.0,1,0.0,0.0
100000008490127100,100000005049404100,98000.0,2,0.0,0.0
100000001893287100,100000004698193100,152700.0,14,0.0,0.0
100000008460102100,100000002878483100,6000.0,1,0.0,0.0
100000000791285100,100000008461532100,560000.0,1,0.0,0.0
100000005375968100,100000006706519100,36000.0,3,0.0,0.0
100000008742053100,100000004403641100,171500.0,1,0.0,0.0
100000007864477100,100000005942793100,25000.0,1,0.0,0.0
100000008417359100,100000005530114100,90000.0,1,0.0,0.0
100000008686247100,100000005664922100,5000.0,1,0.0,0.0
100000003105929100,100000008221765100,156354.0,1,0.0,0.0
100000000413678100,100000007960337100,35500.0,1,0.0,0.0
100000006111439100,100000003249054100,5000.0,1,0.0,0.0
100000003321895100,100000002371892100,43830.0,1,0.0,0.0
100000005198906100,100000004326224100,60000.0,1,0.0,0.0
100000005048668100,100000008603629100,65000.0,2,0.0,0.0
100000000583220100,100000004586598100,761255.0,4,0.0,0.0
100000008517538100,100000008766031100,5000.0,1,0.0,0.0
100000004746397100,100000002957787100,7500.0,1,0.0,0.0
100000004097972100,100000005209352100,5000.0,1,0.0,0.0
100000001066017100,100000004848236100,7500.0,1,0.0,0.0
100000000749118100,100000000981693100,16500.0,1,0.0,0.0
100000008692291100,100000005723580100,35000.0,1,0.0,0.0
100000002241986100,100000004047887100,30000.0,1,0.0,0.0
100000008223661100,100000002398779100,50007.0,1,0.0,0.0
100000003968044100,100000008603629100,96000.0,2,0.0,0.0
100000008465789100,100000003589877100,150000.0,1,0.0,0.0
100000001788284100,100000002472632100,192900.0,2,0.0,0.0
100000003154105100,100000002227960100,10000.0,1,0.0,0.0
100000008460102100,100000004263867100,9000.0,1,0.0,0.0
100000008489922100,100000008517538100,70500.0,4,0.0,0.0
100000001427082100,100000008321975100,5900.0,1,0.0,0.0
100000005475379100,100000004674389100,15000.0,1,0.0,0.0
100000003406094100,100000003950749100,7000.0,1,0.0,0.0
100000005704413100,100000004750321100,44695.0,1,0.0,0.0
100000005873152100,100000003360542100,10000.0,1,0.0,0.0
100000008489922100,100000008708207100,300000.0,1,0.0,0.0
100000004420041100,100000005904580100,53000.0,1,0.0,0.0
100000003528285100,100000004107228100,5000.0,1,0.0,0.0
100000005910114100,100000002957787100,45856.0,2,0.0,0.0
100000001063678100,100000008027922100,70000.0,1,0.0,0.0
100000005233755100,100000008649416100,5000.0,1,0.0,0.0
100000008632060100,100000006866783100,20000.0,1,0.0,0.0
100000000976943100,100000004601193100,84000.0,3,0.0,0.0
100000005375968100,100000008308418100,50000.0,1,0.0,0.0
100000007593823100,100000004652395100,16500.0,2,0.0,0.0
100000007392365100,100000005745873100,223000.0,1,0.0,0.0
100000004997515100,100000005226217100,17500.0,1,0.0,0.0
100000003951827100,100000000646541100,10000.0,1,0.0,0.0
100000001600934100,100000005140601100,11000.0,1,529.8668885191348,0.04816971713810317
100000000955529100,100000008556318100,63500.0,1,0.0,0.0
100000006274203100,100000008638859100,34000.0,1,0.0,0.0
100000003557488100,100000002175422100,20000.0,2,0.0,0.0
100000002901457100,100000008588665100,25000.0,1,0.0,0.0
100000003796063100,100000006866783100,67500.0,2,0.0,0.0
100000002713074100,100000002686226100,430000.0,2,0.0,0.0
100000008517538100,100000002956769100,60000.0,1,0.0,0.0
100000008460102100,100000008692291100,10000.0,1,0.0,0.0
100000001073568100,100000004500444100,80000.0,2,0.0,0.0
100000003796063100,100000008477350100,126000.0,3,0.0,0.0
100000008460102100,100000008715513100,32500.0,1,0.0,0.0
100000008582730100,100000008546855100,5000.0,1,0.0,0.0
100000000764836100,100000002369454100,25000.0,1,0.0,0.0
100000008460102100,100000001991973100,20800.0,1,0.0,0.0
100000007138613100,100000003180305100,144000.0,1,0.0,0.0
100000008460102100,100000008554390100,14000.0,1,0.0,0.0
100000001439416100,100000007511780100,155000.0,2,0.0,0.0
100000008746449100,100000008336318100,170000.0,1,0.0,0.0
100000008460102100,100000008104567100,5500.0,1,0.0,0.0
100000002373144100,100000006693788100,10764.0,1,0.0,0.0
100000002448088100,100000002229615100,25000.0,1,0.0,0.0
100000004975919100,100000004403548100,5000.0,1,0.0,0.0
100000008632060100,100000001633685100,12000.0,1,0.0,0.0
100000004500444100,100000004500781100,74000.0,5,0.0,0.0
100000003880331100,100000002596039100,280000.0,1,0.0,0.0
100000005704413100,100000002689717100,47500.0,1,0.0,0.0
100000003880331100,100000000413678100,150000.0,1,0.0,0.0
100000005704413100,100000002695812100,95000.0,1,0.0,0.0
100000008489922100,100000002945626100,170000.0,1,243.8692169626286,0.0014345248056625212
100000008489922100,100000001299323100,109000.0,1,0.0,0.0
100000005704413100,100000008251939100,44360.0,1,0.0,0.0
100000006020215100,100000004167082100,13300.0,1,0.0,0.0
100000003796063100,100000005189258100,50000.0,1,0.0,0.0
100000008465789100,100000003134550100,100000.0,1,0.0,0.0
100000000288317100,100000006866831100,16500.0,1,0.0,0.0
100000007390016100,100000008324800100,346500.0,14,0.0,0.0
100000003484058100,100000003838587100,6000.0,1,0.0,0.0
100000004569484100,100000005578559100,51000.0,1,0.0,0.0
100000007197866100,100000004379306100,15000.0,1,0.0,0.0
100000005704413100,100000008379273100,20000.0,1,0.0,0.0
100000004386331100,100000004386258100,5000.0,1,0.0,0.0
100000003574895100,100000004988240100,20000.0,1,0.0,0.0
100000000926766100,100000001526235100,6000.0,1,0.0,0.0
100000008517538100,100000001822650100,112000.0,1,0.0,0.0
100000002989353100,100000000581662100,21160.0,1,0.0,0.0
100000007864477100,100000004962193100,25000.0,1,0.0,0.0
100000008379273100,100000003010908100,17000.0,1,0.0,0.0
100000001066017100,100000003091142100,40000.0,1,0.0,0.0
100000006704530100,100000008331280100,41000.0,2,0.0,0.0
100000008465789100,100000002547110100,342000.0,2,0.0,0.0
100000008465789100,100000008547948100,20000.0,1,0.0,0.0
100000008632060100,100000001857829100,20500.0,1,0.0,0.0
100000004508696100,100000004549591100,49000.0,1,0.0,0.0
100000001427082100,100000002448088100,5000.0,1,0.0,0.0
100000007864477100,100000004486525100,50000.0,2,0.0,0.0
100000000413678100,100000003985389100,422698.0,16,0.0,0.0
100000008489922100,100000001884825100,150000.0,1,0.0,0.0
100000007593823100,100000000332284100,5000.0,1,0.0,0.0
100000008517538100,100000001538095100,100000.0,1,0.0,0.0
100000003896956100,100000003486846100,27000.0,2,0.0,0.0
100000003152964100,100000004569637100,5500.0,1,0.0,0.0
100000001279272100,100000000331309100,130000.0,1,0.0,0.0
100000008490127100,100000005616568100,530000.0,1,0.0,0.0
100000007170072100,100000003177533100,20000.0,3,0.0,0.0
100000005704413100,100000002506987100,28200.0,1,0.0,0.0
100000008489922100,100000003157679100,245000.0,1,0.0,0.0
100000008086440100,100000008603629100,63900.0,2,0.0,0.0
100000002185328100,100000002227989100,20000.0,1,0.0,0.0
100000003213473100,100000008165763100,40000.0,1,0.0,0.0
100000008619857100,100000002398779100,5000.0,1,0.0,0.0
100000008489922100,100000003111305100,144000.0,1,0.0,0.0
100000002975437100,100000002175422100,8500.0,1,0.0,0.0
100000008417359100,100000008512552100,20760.0,2,0.0,0.0
100000008465789100,100000003252446100,108600.0,1,0.0,0.0
100000002611334100,100000004222274100,15500.0,1,0.0,0.0
100000001637376100,100000008376785100,234250.0,2,0.0,0.0
100000008742053100,100000002956769100,440000.0,1,0.0,0.0
100000001223977100,100000008461217100,18000.0,1,0.0,0.0
100000004877085100,100000003146511100,10000.0,1,0.0,0.0
100000002963189100,100000003782913100,200000.0,1,0.0,0.0
100000004552204100,100000007322059100,5000.0,1,0.0,0.0
100000008088082100,100000004019056100,50000.0,1,0.0,0.0
100000008489922100,100000008758168100,10000.0,1,0.0,0.0
100000008490127100,100000002487222100,90000.0,2,0.0,0.0
100000003582677100,100000003684369100,10500.0,1,0.0,0.0
100000008746449100,100000008762885100,7000.0,1,0.0,0.0
100000008460102100,100000002670463100,31500.0,1,0.0,0.0
100000005704413100,100000001253557100,27200.0,1,0.0,0.0
100000002963189100,100000001957974100,500000.0,1,0.0,0.0
100000002513028100,100000004780083100,9999.0,1,0.0,0.0
100000008746449100,100000003128638100,300000.0,1,0.0,0.0
100000005048668100,100000008346837100,7000.0,1,0.0,0.0
100000006492770100,100000004791226100,20000.0,1,0.0,0.0
100000000594783100,100000002224132100,60000.0,1,0.0,0.0
100000006274203100,100000007594394100,5000.0,1,0.0,0.0
100000008489922100,100000008758607100,5000.0,1,0.0,0.0
100000005475379100,100000004674412100,46000.0,1,730.9062113010782,0.015889265463066918
100000003561031100,100000003626268100,5000.0,1,0.0,0.0
100000001141268100,100000002540033100,10000.0,1,0.0,0.0
100000002933386100,100000003247600100,58000.0,1,0.0,0.0
100000003528285100,100000000561160100,240000.0,1,0.0,0.0
100000004064431100,100000000704700100,10000.0,1,158.34563799680078,0.01583456379968008
100000005041905100,100000002578405100,1080351.0,5,0.0,0.0
100000004420041100,100000002999140100,10000.0,2,0.0,0.0
100000004017410100,100000005519998100,142000.0,3,0.0,0.0
100000004420041100,100000004798515100,200000.0,2,0.0,0.0
100000005910114100,100000007629096100,97170.0,2,0.0,0.0
100000003154105100,100000002305477100,20000.0,1,0.0,0.0
100000007472293100,100000006638021100,18500.0,1,0.0,0.0
100000008742053100,100000002529877100,232000.0,1,0.0,0.0
100000003796063100,100000008172352100,35500.0,1,0.0,0.0
100000008724461100,100000001246806100,130000.0,1,0.0,0.0
100000002645993100,100000000332284100,5500.0,1,0.0,0.0
100000004644615100,100000003194831100,6265.0,1,0.0,0.0
100000003677936100,100000005849862100,13000.0,2,0.0,0.0
100000004368189100,100000003084870100,6500.0,1,0.0,0.0
100000002472632100,100000008471634100,20000.0,1,0.0,0.0
100000001066017100,100000004788983100,27000.0,1,0.0,0.0
100000000640800100,100000008695157100,425546.0,3,0.0,0.0
100000004140487100,100000004652395100,10000.0,1,0.0,0.0
100000001252290100,100000000369781100,5000.0,1,0.0,0.0
100000002736033100,100000008327791100,11000.0,1,0.0,0.0
100000003154105100,100000002723674100,30000.0,1,0.0,0.0
100000000288317100,100000006416061100,30000.0,1,0.0,0.0
100000007392365100,100000008551752100,406000.0,2,0.0,0.0
100000007170072100,100000003345947100,79500.0,6,0.0,0.0
100000001831496100,100000001463701100,373000.0,1,0.0,0.0
100000008465789100,100000003111305100,100500.0,1,0.0,0.0
100000001427082100,100000004777215100,60000.0,1,0.0,0.0
100000003880331100,100000008733194100,70880.0,1,0.0,0.0
100000002513028100,100000002516862100,81710.0,5,0.0,0.0
100000003178549100,100000001089055100,13000.0,1,0.0,0.0
100000003796063100,100000008165763100,45200.0,2,0.0,0.0
100000008599354100,100000004217419100,38200.0,2,0.0,0.0
100000001439416100,100000002741024100,10000.0,1,0.0,0.0
100000006734214100,100000003632533100,10000.0,1,0.0,0.0
100000008742053100,100000002443664100,420000.0,1,0.0,0.0
100000000838385100,100000008213966100,145000.0,5,0.0,0.0
100000008742053100,100000001303311100,41000.0,1,0.0,0.0
100000003880331100,100000006689603100,400000.0,2,0.0,0.0
100000006734214100,100000003792647100,8000.0,1,0.0,0.0
100000008517538100,100000008710913100,14000.0,1,0.0,0.0
100000004140487100,100000008165763100,42000.0,3,0.0,0.0
100000003796063100,100000008346837100,112000.0,1,0.0,0.0
100000001427082100,100000002478829100,34000.0,1,0.0,0.0
100000003171587100,100000002896506100,45000.0,1,0.0,0.0
100000005704413100,100000002733083100,15200.0,1,0.0,0.0
100000008692291100,100000004418967100,100000.0,1,0.0,0.0
100000000413678100,100000002968096100,70000.0,1,0.0,0.0
100000001052945100,100000004616845100,20200.0,2,0.0,0.0
100000002963189100,100000005933757100,1150000.0,3,0.0,0.0
100000008460102100,100000006412162100,15000.0,2,0.0,0.0
100000004779204100,100000006512787100,20000.0,2,0.0,0.0
100000008460102100,100000003005167100,7000.0,1,0.0,0.0
100000008579978100,100000002119762100,77000.0,6,0.0,0.0
100000004906181100,100000004911971100,35000.0,3,0.0,0.0
100000008293431100,100000000437046100,215000.0,2,0.0,0.0
100000008501413100,100000005910895100,5100.0,1,1082.2510822510822,0.21220609455903572
100000005268319100,100000003741418100,37000.0,3,0.0,0.0
100000004552204100,100000003646145100,5000.0,1,0.0,0.0
100000004508696100,100000005911352100,7000.0,1,0.0,0.0
100000004906181100,100000000557536100,153000.0,7,0.0,0.0
100000005704413100,100000002748040100,18000.0,1,0.0,0.0
100000008517538100,100000003157679100,66000.0,1,0.0,0.0
100000007392365100,100000007865484100,584600.0,2,0.0,0.0
100000000640800100,100000005553088100,17500.0,1,0.0,0.0
100000002970466100,100000004433250100,8000.0,1,0.0,0.0
100000006734214100,100000001130553100,18000.0,2,0.0,0.0
100000003213473100,100000003230328100,10000.0,1,0.0,0.0
100000008493007100,100000005685783100,26150.0,1,0.0,0.0
100000003796063100,100000003741418100,61800.0,2,0.0,0.0
100000007593823100,100000003786516100,5000.0,1,0.0,0.0
100000000656682100,100000008524903100,15000.0,1,0.0,0.0
100000008633099100,100000008677368100,13500.0,1,0.0,0.0
100000003178549100,100000008244300100,5080.0,1,0.0,0.0
100000005704413100,100000003083865100,15000.0,1,0.0,0.0
100000002612809100,100000005507142100,15000.0,1,0.0,0.0
100000002628576100,100000007841978100,449000.0,1,0.0,0.0
100000008489922100,100000002343825100,125000.0,2,0.0,0.0
100000008620570100,100000002718366100,21800.0,1,0.0,0.0
100000003880331100,100000008731444100,94000.0,1,0.0,0.0
100000006169033100,100000006232642100,456000.0,4,0.0,0.0
100000008739887100,100000002752565100,57000.0,1,0.0,0.0
100000004997515100,100000003904497100,10000.0,1,0.0,0.0
100000008489922100,100000008710843100,18200.0,2,0.0,0.0
100000008489922100,100000004526651100,33000.0,1,0.0,0.0
100000005268319100,100000008244300100,15000.0,2,0.0,0.0
100000004591973100,100000007745062100,100000.0,1,0.0,0.0
100000008460102100,100000002635746100,5300.0,1,0.0,0.0
100000000933075100,100000002193259100,40000.0,1,0.0,0.0
100000001788284100,100000001526235100,56000.0,2,0.0,0.0
100000003001661100,100000000424935100,15000.0,1,0.0,0.0
100000003001661100,100000007382543100,110000.0,1,0.0,0.0
100000000838385100,100000000470237100,32500.0,1,0.0,0.0
100000007689942100,100000008546855100,5000.0,1,0.0,0.0
100000008746449100,100000001534244100,176000.0,1,0.0,0.0
100000005265073100,100000002258492100,9000.0,1,0.0,0.0
100000000640800100,100000008512827100,43439.0,1,0.0,0.0
100000004975919100,100000000299820100,10000.0,1,0.0,0.0
100000008121806100,100000008547948100,60197.0,1,0.0,0.0
100000008343874100,100000005878334100,76400.0,2,0.0,0.0
100000005704413100,100000007510567100,52000.0,1,0.0,0.0
100000004717647100,100000001533161100,100000.0,1,0.0,0.0
100000003796063100,100000008512552100,78500.0,2,0.0,0.0
100000005704413100,100000001249054100,17375.0,1,0.0,0.0
100000005610717100,100000008469048100,265200.0,7,0.0,0.0
100000005704413100,100000001276409100,94760.0,1,0.0,0.0
100000003843844100,100000005711521100,238000.0,1,0.0,0.0
100000003880331100,100000003448713100,266750.0,1,0.0,0.0
100000002963189100,100000008517061100,1844000.0,4,0.0,0.0
100000008489922100,100000007034089100,8000.0,1,0.0,0.0
100000008721637100,100000004015047100,115000.0,1,0.0,0.0
100000008746449100,100000002659265100,141000.0,1,0.0,0.0
100000007131370100,100000000076451100,30000.0,1,0.0,0.0
100000008595687100,100000003016635100,10400.0,1,0.0,0.0
100000008343874100,100000008343415100,100000.0,3,0.0,0.0
100000008746449100,100000002734815100,110000.0,1,0.0,0.0
100000002970466100,100000008735802100,85000.0,2,0.0,0.0
100000006165886100,100000003834495100,75000.0,1,0.0,0.0
100000001073568100,100000000803368100,139503.0,1,0.0,0.0
100000008619857100,100000000332284100,8000.0,1,0.0,0.0
100000004603109100,100000002224132100,300000.0,1,0.0,0.0
100000008489922100,100000002835874100,58700.0,1,0.0,0.0
100000007689942100,100000004350094100,20000.0,1,0.0,0.0
100000007593823100,100000002398779100,21000.0,2,0.0,0.0
100000008517538100,100000002121357100,107000.0,1,0.0,0.0
100000003968044100,100000007071852100,195000.0,1,0.0,0.0
100000002356167100,100000005497148100,24000.0,2,0.0,0.0
100000008460102100,100000008631800100,12850.0,1,0.0,0.0
100000008761219100,100000006638021100,370000.0,1,0.0,0.0
100000004644615100,100000003989033100,373400.0,13,0.0,0.0
100000003213473100,100000007381662100,11000.0,1,0.0,0.0
100000005704413100,100000002660298100,30900.0,1,0.0,0.0
100000004017410100,100000004336312100,58915.0,4,0.0,0.0
100000004077081100,100000003684369100,110000.0,2,0.0,0.0
100000008632060100,100000008603629100,50000.0,1,0.0,0.0
100000003154105100,100000006308406100,183000.0,2,0.0,0.0
100000007392365100,100000004976946100,246000.0,1,0.0,0.0
100000000254336100,100000007042175100,60000.0,1,0.0,0.0
100000002241986100,100000002594214100,1000000.0,1,0.0,0.0
100000005704413100,100000002838861100,67000.0,1,0.0,0.0
100000005910114100,100000005782781100,45688.0,2,0.0,0.0
100000008489922100,100000002547110100,140000.0,1,0.0,0.0
100000002343825100,100000007749747100,50000.0,1,0.0,0.0
100000008561016100,100000001724740100,185000.0,4,0.0,0.0
100000003582677100,100000008111003100,10000.0,1,0.0,0.0
100000005052998100,100000008477350100,28400.0,1,0.0,0.0
100000005910114100,100000003684369100,76677.0,3,0.0,0.0
100000002508637100,100000001256409100,8000.0,1,0.0,0.0
100000001066017100,100000002597074100,8000.0,1,0.0,0.0
100000001138283100,100000004177936100,10000.0,1,0.0,0.0
100000008517538100,100000007034089100,190000.0,1,0.0,0.0
100000003254277100,100000007153161100,44997.0,1,0.0,0.0
100000003880331100,100000001363952100,127500.0,1,0.0,0.0
100000003528285100,100000003684369100,203000.0,3,0.0,0.0
100000004997515100,100000007997939100,13000.0,1,0.0,0.0
100000002904919100,100000004013952100,5500.0,1,0.0,0.0
100000005704413100,100000003096787100,16400.0,1,0.0,0.0
100000003178549100,100000001857829100,59000.0,1,0.0,0.0
100000006967370100,100000002320495100,13526.27,1,0.0,0.0
100000005910114100,100000006866783100,241712.0,8,0.0,0.0
100000002963189100,100000002605308100,1500000.0,3,0.0,0.0
100000004906181100,100000000542087100,8506.91,1,0.0,0.0
100000008489922100,100000008761220100,10000.0,1,0.0,0.0
100000006714366100,100000004472936100,5000.0,1,0.0,0.0
100000008746449100,100000008762005100,5000.0,1,0.0,0.0
100000004715209100,100000004747154100,67000.0,1,0.0,0.0
100000004140487100,100000003249054100,32800.0,3,0.0,0.0
100000008742053100,100000002593344100,141000.0,1,0.0,0.0
100000004475818100,100000005665181100,18498.0,1,0.0,0.0
100000008692291100,100000004908173100,21000.0,1,0.0,0.0
100000001236706100,100000007653094100,16000.0,1,0.0,0.0
100000007591246100,100000008356606100,120000.0,1,0.0,0.0
100000008430691100,100000008389800100,20000.0,1,0.0,0.0
100000005910114100,100000006756956100,121200.0,9,0.0,0.0
100000005222360100,100000005933757100,27000.0,1,0.0,0.0
100000000673868100,100000003173783100,23500.0,2,0.0,0.0
100000004906181100,100000008175078100,1846711.0,15,0.0,0.0
100000005367445100,100000005413948100,5000.0,1,0.0,0.0
100000001373265100,100000002994441100,5000.0,1,0.0,0.0
100000008722417100,100000003199390100,260000.0,1,0.0,0.0
100000008086440100,100000006903193100,9000.0,1,0.0,0.0
100000005661829100,100000008546855100,33790.0,3,0.0,0.0
100000008465789100,100000002773323100,90000.0,1,0.0,0.0
100000005910114100,100000008603629100,232624.0,8,0.0,0.0
100000002645993100,100000001202787100,8850.0,1,0.0,0.0
100000008742053100,100000003037476100,90000.0,1,0.0,0.0
100000005048668100,100000003249054100,7000.0,1,0.0,0.0
100000007472293100,100000002794374100,111000.0,1,0.0,0.0
100000004017410100,100000004856746100,20000.0,1,1184.4553629054203,0.05922276814527101
100000003213473100,100000004400305100,9000.0,1,0.0,0.0
100000004017410100,100000005767403100,1100000.0,2,17766.830443581304,0.016151664039619366
100000003880331100,100000008603629100,598000.0,6,0.0,0.0
100000004717647100,100000004479404100,1480000.0,6,0.0,0.0
100000008460102100,100000004891562100,103400.0,1,0.0,0.0
100000001063678100,100000001275557100,20000.0,1,0.0,0.0
100000006225798100,100000000957746100,5300.0,1,0.0,0.0
100000001317336100,100000000733940100,752000.0,2,0.0,0.0
100000008460102100,100000002986245100,5750.0,1,0.0,0.0
100000004140487100,100000005589319100,26000.0,1,0.0,0.0
100000006664478100,100000005636951100,40000.0,1,0.0,0.0
100000005048668100,100000008730846100,7000.0,1,0.0,0.0
100000007593823100,100000005665181100,5000.0,1,0.0,0.0
100000002849158100,100000002126791100,1313000.0,3,0.0,0.0
100000002214664100,100000008778010100,76950.0,2,0.0,0.0
100000001677389100,100000008255655100,5400.0,1,0.0,0.0
100000004997515100,100000005782886100,14000.0,1,0.0,0.0
100000003192309100,100000002214383100,213000.0,1,0.0,0.0
100000003968044100,100000008165763100,20000.0,1,0.0,0.0
100000008517538100,100000003037476100,95000.0,1,0.0,0.0
100000008379273100,100000001202787100,6000.0,1,0.0,0.0
100000003880331100,100000003447411100,302000.0,3,0.0,0.0
100000008490127100,100000002981489100,10000.0,1,0.0,0.0
100000004140487100,100000003684369100,50000.0,2,0.0,0.0
100000001138283100,100000008603629100,40000.0,1,0.0,0.0
100000003178549100,100000003684369100,12000.0,1,0.0,0.0
100000002241986100,100000001053894100,2000000.0,7,0.0,0.0
100000005037490100,100000001065481100,16000.0,2,0.0,0.0
100000008465789100,100000001674850100,190000.0,1,0.0,0.0
100000003457710100,100000003220685100,1306000.0,2,0.0,0.0
100000004140487100,100000008603629100,20000.0,1,0.0,0.0
100000008489922100,100000003074515100,105000.0,1,0.0,0.0
100000004722765100,100000004272302100,10000.0,1,539.6962477665277,0.05396962477665277
100000008121806100,100000005079473100,39312.0,1,0.0,0.0
100000008746449100,100000008468762100,30000.0,1,0.0,0.0
100000003796063100,100000005782781100,18500.0,1,0.0,0.0
100000005704413100,100000008628818100,46310.0,1,0.0,0.0
100000008720856100,100000007539296100,46000.0,2,0.0,0.0
100000003001661100,100000003001138100,30000.0,1,0.0,0.0
100000008632060100,100000000437046100,67500.0,2,0.0,0.0
100000001887715100,100000002622822100,750000.0,1,0.0,0.0
100000004670388100,100000000291906100,380000.0,2,0.0,0.0
100000003582677100,100000000332284100,5000.0,1,0.0,0.0
100000008517538100,100000003831324100,100000.0,1,0.0,0.0
100000006169033100,100000003664994100,338271.0,2,0.0,0.0
100000007333038100,100000008130868100,22782.0,1,0.0,0.0
100000005910114100,100000002741024100,10785.0,1,0.0,0.0
100000008632060100,100000004486525100,23000.0,1,0.0,0.0
100000008746449100,100000008762843100,7000.0,1,0.0,0.0
100000008517538100,100000003072205100,100000.0,1,1275.2718851960324,0.012752718851960323
100000002901457100,100000003207060100,53000.0,1,0.0,0.0
100000003796063100,100000008244300100,27350.0,1,0.0,0.0
100000003796063100,100000000331309100,233200.0,2,0.0,0.0
100000002343825100,100000004979264100,39800.0,1,0.0,0.0
100000003215448100,100000003186579100,110000.0,2,0.0,0.0
100000004140487100,100000008730846100,18000.0,2,0.0,0.0
100000005186131100,100000006171671100,10000.0,1,0.0,0.0
100000008193258100,100000000608031100,30000.0,1,0.0,0.0
100000008746449100,100000003072205100,63000.0,1,0.0,0.0
100000005308954100,100000004596284100,30000.0,1,0.0,0.0
100000006225798100,100000003500764100,21000.0,1,0.0,0.0
100000004321983100,100000005171642100,6200.0,1,0.0,0.0
100000004321983100,100000008727982100,30000.0,2,0.0,0.0
100000003216073100,100000004030553100,70000.0,1,0.0,0.0
100000008465789100,100000008703533100,75000.0,1,0.0,0.0
100000004407753100,100000007382543100,100000.0,1,0.0,0.0
100000008742053100,100000001282143100,480000.0,1,0.0,0.0
100000004071444100,100000001299828100,100000.0,1,0.0,0.0
100000005704413100,100000002870463100,50000.0,1,0.0,0.0
100000004717647100,100000002922000100,448000.0,1,0.0,0.0
100000003154105100,100000002304943100,15000.0,1,0.0,0.0
100000008460102100,100000004780327100,12000.0,1,0.0,0.0
100000004670388100,100000004722630100,340000.0,2,0.0,0.0
100000000552584100,100000004603109100,57500.0,1,0.0,0.0
100000008379273100,100000004015047100,10000.0,1,0.0,0.0
100000008742053100,100000005783452100,200000.0,1,0.0,0.0
100000004877085100,100000003232675100,44000.0,2,0.0,0.0
100000005357705100,100000005979037100,60300.0,1,0.0,0.0
100000005704413100,100000003040087100,29000.0,1,0.0,0.0
100000005704413100,100000002188586100,38310.0,1,0.0,0.0
100000008489922100,100000008710791100,12000.0,1,0.0,0.0
100000003406094100,100000000607941100,20000.0,1,0.0,0.0
100000007864477100,100000004261340100,48500.0,4,0.0,0.0
100000005048668100,100000004991593100,45000.0,2,0.0,0.0
100000003880331100,100000008165763100,200000.0,1,0.0,0.0
100000004906181100,100000008349740100,70000.0,2,0.0,0.0
100000005910114100,100000004486525100,195047.0,7,0.0,0.0
100000004569484100,100000008346837100,25000.0,1,0.0,0.0
100000005704413100,100000002791494100,85860.0,1,0.0,0.0
100000003582677100,100000008165763100,30500.0,2,0.0,0.0
100000008430691100,100000007330432100,584900.0,1,0.0,0.0
100000005815602100,100000005272139100,165000.0,1,0.0,0.0
100000002121357100,100000008730238100,113000.0,1,0.0,0.0
100000003934614100,100000004336312100,11500.0,2,0.0,0.0
100000002513028100,100000004610802100,241000.0,18,0.0,0.0
100000001427082100,100000000655469100,20000.0,2,491.98028006039357,0.024599014003019677
100000004906181100,100000000673915100,20200.0,1,0.0,0.0
100000008742053100,100000001537524100,150000.0,1,0.0,0.0
100000008632060100,100000008730846100,60600.0,2,0.0,0.0
100000004420041100,100000001899164100,190525.0,1,0.0,0.0
100000003213473100,100000005782781100,24000.0,2,0.0,0.0
100000008732488100,100000004265639100,10000.0,1,0.0,0.0
100000003406094100,100000002748511100,20000.0,1,0.0,0.0
100000008489922100,100000008758106100,10000.0,1,0.0,0.0
100000005910114100,100000004652395100,75028.0,2,0.0,0.0
100000005037490100,100000008733194100,14000.0,1,0.0,0.0
100000008460102100,100000004268036100,5500.0,1,0.0,0.0
100000008517538100,100000008710791100,115000.0,1,0.0,0.0
100000008489922100,100000003230329100,110000.0,1,924.7023049255137,0.008406384590231943
100000003213473100,100000007731977100,50000.0,1,0.0,0.0
100000004715209100,100000008603331100,11500.0,2,0.0,0.0
100000004451012100,100000007867364100,41852.0,1,0.0,0.0
100000008625905100,100000001065234100,360000.0,1,0.0,0.0
100000003215448100,100000003078839100,14000.0,2,0.0,0.0
100000003834495100,100000008730371100,20000.0,1,0.0,0.0
100000007593823100,100000001633685100,5000.0,1,0.0,0.0
100000008722417100,100000008722541100,280000.0,4,0.0,0.0
100000002645993100,100000008413748100,13480.0,1,0.0,0.0
100000004217419100,100000005367180100,7700.0,1,0.0,0.0
100000003880331100,100000003062895100,150000.0,1,0.0,0.0
100000002391278100,100000004221668100,52700.0,2,0.0,0.0
100000008738526100,100000008183752100,140000.0,1,0.0,0.0
100000002433697100,100000002242455100,110000.0,1,0.0,0.0
100000004420041100,100000002679516100,36500.0,1,0.0,0.0
100000003736419100,100000005041147100,10000.0,1,0.0,0.0
100000004921657100,100000004539443100,22190.0,1,0.0,0.0
100000003213473100,100000006866783100,10000.0,1,0.0,0.0
100000004450649100,100000005025629100,5227.0,1,0.0,0.0
100000004420041100,100000004800648100,131000.0,1,0.0,0.0
100000002032323100,100000002671326100,1050000.0,2,0.0,0.0
100000002963189100,100000002707106100,15000.0,2,0.0,0.0
100000008293431100,100000008546855100,9000.0,1,0.0,0.0
100000001052945100,100000001131403100,1570000.0,3,0.0,0.0
100000005704413100,100000003166017100,15000.0,1,0.0,0.0
100000008759857100,100000001303311100,298000.0,1,0.0,0.0
100000008759857100,100000001887715100,696000.0,2,0.0,0.0
100000003213473100,100000003684369100,30000.0,1,0.0,0.0
100000005704413100,100000003031003100,15090.0,1,0.0,0.0
100000006641671100,100000008097580100,25000.0,3,0.0,0.0
100000008460102100,100000004449824100,9000.0,1,0.0,0.0
100000000673868100,100000001785161100,15000.0,1,0.0,0.0
100000008460102100,100000008648783100,5200.0,1,0.0,0.0
100000005704413100,100000005567828100,94000.0,1,0.0,0.0
100000004017410100,100000003934614100,10000.0,1,0.0,0.0
100000008655779100,100000004377043100,5700.0,1,0.0,0.0
100000008742053100,100000008699083100,238500.0,1,0.0,0.0
100000005661829100,100000003230328100,6572.0,1,0.0,0.0
100000005910114100,100000008111003100,56016.0,2,0.0,0.0
100000004715209100,100000001498732100,5500.0,1,0.0,0.0
100000004475818100,100000008172352100,11765.0,1,0.0,0.0
100000004569484100,100000005704413100,41000.0,1,0.0,0.0
100000005756189100,100000002971593100,49050.0,1,0.0,0.0
100000004715209100,100000003133045100,68000.0,1,0.0,0.0
100000002481974100,100000001378288100,268000.0,3,0.0,0.0
100000001236706100,100000003370425100,20000.0,1,0.0,0.0
100000002185328100,100000002726055100,10000.0,1,0.0,0.0
100000003917461100,100000004386258100,10000.0,1,0.0,0.0
100000008517538100,100000007357489100,115000.0,1,0.0,0.0
100000003001661100,100000002860934100,279500.0,4,0.0,0.0
100000001052945100,100000005146665100,5500.0,1,0.0,0.0
100000003796063100,100000004400305100,9000.0,1,0.0,0.0
100000001222263100,100000001222245100,420000.0,5,0.0,0.0
100000008293431100,100000005665181100,13000.0,2,0.0,0.0
100000008460102100,100000001325618100,9300.0,1,0.0,0.0
100000005830339100,100000002480800100,339251.0,1,0.0,0.0
100000007593823100,100000003249054100,10000.0,2,0.0,0.0
100000004340038100,100000003568904100,49000.0,1,0.0,0.0
100000002677201100,100000003125997100,87750.0,1,0.0,0.0
100000006111439100,100000000646541100,5000.0,1,0.0,0.0
100000008760098100,100000001887715100,390000.0,1,0.0,0.0
100000005910114100,100000008576243100,16920.0,1,0.0,0.0
100000002356167100,100000008074304100,5500.0,1,0.0,0.0
100000008517538100,100000001884825100,95000.0,1,0.0,0.0
100000000673868100,100000004673335100,80000.0,1,0.0,0.0
100000004770073100,100000005293969100,5466.97,1,0.0,0.0
100000001788284100,100000004041294100,17800.0,2,0.0,0.0
100000001788284100,100000004674178100,20000.0,1,0.0,0.0
100000008223661100,100000003684369100,15846.0,1,0.0,0.0
100000000673868100,100000008258083100,149500.0,12,0.0,0.0
100000001169666100,100000004655046100,24000.0,1,0.0,0.0
100000004451012100,100000004502048100,13888.0,1,0.0,0.0
100000007864477100,100000003684369100,30000.0,1,0.0,0.0
100000004569484100,100000005933757100,39000.0,1,0.0,0.0
100000000291908100,100000004691350100,13300.0,1,0.0,0.0
100000005704413100,100000002702968100,31600.0,1,0.0,0.0
100000004931931100,100000003061115100,45000.0,1,0.0,0.0
100000006704530100,100000003470579100,357000.0,2,0.0,0.0
100000008086440100,100000008477350100,18900.0,1,0.0,0.0
100000008722417100,100000004235471100,180000.0,1,0.0,0.0
100000008489922100,100000005888829100,197000.0,1,0.0,0.0
100000008460102100,100000002474570100,6750.0,1,0.0,0.0
100000008489922100,100000008761132100,10000.0,1,0.0,0.0
100000000791285100,100000002404112100,60000.0,1,0.0,0.0
100000005357705100,100000003097947100,52980.0,1,0.0,0.0
100000001384826100,100000002728246100,10000.0,1,0.0,0.0
100000005910114100,100000001857829100,49035.0,1,0.0,0.0
100000008460102100,100000007998965100,15000.0,1,0.0,0.0
100000002241986100,100000004070530100,20000.0,1,0.0,0.0
100000003321895100,100000003692843100,510000.0,2,0.0,0.0
100000001954534100,100000003289281100,40000.0,1,0.0,0.0
100000005268319100,100000005370558100,5000.0,1,0.0,0.0
100000004717647100,100000002659103100,165000.0,1,0.0,0.0
100000000572276100,100000008745676100,34547.0,1,0.0,0.0
100000003154105100,100000006257675100,70000.0,2,0.0,0.0
100000008465789100,100000001140785100,100000.0,1,0.0,0.0
100000005142492100,100000002870463100,57000.0,1,0.0,0.0
100000007138613100,100000000737152100,35000.0,1,0.0,0.0
100000008460102100,100000001714883100,6900.0,1,0.0,0.0
100000004717647100,100000004584730100,47000.0,1,0.0,0.0
100000002773323100,100000002884708100,1171644.0,2,0.0,0.0
100000000656682100,100000002599729100,65000.0,2,0.0,0.0
100000004726132100,100000000634341100,24000.0,2,0.0,0.0
100000005022552100,100000003899899100,5000.0,1,0.0,0.0
100000000288317100,100000000018102100,7000.0,1,0.0,0.0
100000001788284100,100000008778753100,10000.0,1,0.0,0.0
100000005704413100,100000007998965100,30000.0,1,0.0,0.0
100000006111439100,100000003741418100,5000.0,1,0.0,0.0
100000005704413100,100000004569484100,65705.0,2,0.0,0.0
100000004475818100,100000000332284100,23726.0,1,0.0,0.0
100000003796063100,100000008111003100,35000.0,1,0.0,0.0
100000004140487100,100000004400305100,30000.0,2,0.0,0.0
100000008460102100,100000001164648100,7260.0,1,0.0,0.0
100000004603109100,100000004892144100,100000.0,1,0.0,0.0
100000004722765100,100000006527156100,48500.0,1,0.0,0.0
100000002531406100,100000001669260100,500000.0,1,0.0,0.0
100000004877085100,100000006490615100,41600.0,6,0.0,0.0
100000003213473100,100000004291663100,25000.0,1,0.0,0.0
100000008293431100,100000008629504100,20000.0,1,0.0,0.0
100000005264874100,100000005507142100,13000.0,1,0.0,0.0
100000008489922100,100000003286537100,78000.0,1,0.0,0.0
100000005910114100,100000008525136100,14100.0,1,0.0,0.0
100000008489922100,100000003158727100,81500.0,1,0.0,0.0
100000005910114100,100000002398779100,74910.0,2,0.0,0.0
100000002696152100,100000002723439100,18000.0,2,0.0,0.0
100000008761219100,100000008770483100,5000.0,1,0.0,0.0
100000005264874100,100000004066370100,65000.0,2,0.0,0.0
100000008620570100,100000004981068100,10000.0,1,0.0,0.0
100000003880331100,100000000331309100,320000.0,3,0.0,0.0
100000003016438100,100000004006327100,300000.0,3,0.0,0.0
100000008086440100,100000000437046100,41500.0,1,0.0,0.0
100000008258458100,100000004035925100,1111588.0,2,0.0,0.0
100000007593823100,100000008111003100,17000.0,1,0.0,0.0
100000002481974100,100000002713974100,50000.0,1,0.0,0.0
100000008489922100,100000008547948100,30000.0,1,0.0,0.0
100000005268319100,100000004850609100,10000.0,1,0.0,0.0
100000008465789100,100000008466579100,30000.0,1,0.0,0.0
100000004140487100,100000000332284100,13800.0,2,0.0,0.0
100000005910114100,100000003741418100,10500.0,1,0.0,0.0
100000008465789100,100000002878467100,100000.0,1,0.0,0.0
100000008489922100,100000002921047100,163000.0,1,0.0,0.0
100000008742053100,100000003031003100,185000.0,1,0.0,0.0
100000000594783100,100000004603109100,92500.0,1,0.0,0.0
100000008490127100,100000008050986100,95000.0,2,0.0,0.0
100000004420041100,100000006288612100,30805.0,3,0.0,0.0
100000002185328100,100000002231144100,15000.0,1,0.0,0.0
100000001650895100,100000001202637100,10000.0,1,0.0,0.0
100000008465789100,100000002343825100,150000.0,1,0.0,0.0
